Unity Editor version:    6000.3.23f1 (09d2ecc7fb28)
Branch:                  6000.3/staging
Build type:              Release
Batch mode:              YES
macOS version:           Version 14.2 (Build 23C64)
Darwin version:          23.2.0
Architecture:            arm64
Running under Rosetta:   NO
Available memory:        16384 MB
Date:                    2026-09-08T21:04:16Z
[Licensing::Module] Trying to connect to existing licensing client channel...
[Licensing::IpcConnector] Successfully connected to: "LicenseClient-lolarichardson" at "2026-09-08T21:04:16.028782Z"

COMMAND LINE ARGUMENTS:
/Applications/Unity/Hub/Editor/6000.3.23f1/Unity.app/Contents/MacOS/Unity
-adb2
-batchMode
-noUpm
-name
AssetImportWorker1
-projectPath
/Users/lolarichardson/Documents/GitHub/MTEC-340/MTEC340 Project
-logFile
Logs/AssetImportWorker1.log
-srvPort
51599
-parentPid
12438
-analyticsCloudUserId
2475785921680
-analyticsCloudProjectId
43e7a2d9-244f-49f5-b44e-eaaf7ea60268
-analyticsLocalProjectId
4afa6ebdfa4d14a89a651b18636e2d05
-editorAnalyticsEnabled
1
-cbmEditorLicense
bdb48ed737a1bf95c6a7dd611309403db60158cc
-cbmMachineId
g7QSr0StWsGR6KnF+355Hh+qj2s=
-licensingIpc
LicenseClient-lolarichardson
-job-worker-count
3
-background-job-worker-count
8
-gc-helper-count
1
-name AssetImport
Successfully changed project path to: /Users/lolarichardson/Documents/GitHub/MTEC-340/MTEC340 Project
/Users/lolarichardson/Documents/GitHub/MTEC-340/MTEC340 Project
[UnityMemory] Configuration Parameters - Can be set up in boot.config
    "memorysetup-allocator-temp-initial-block-size-main=262144"
    "memorysetup-allocator-temp-initial-block-size-worker=262144"
    "memorysetup-temp-allocator-size-background-worker=32768"
    "memorysetup-temp-allocator-size-job-worker=262144"
    "memorysetup-temp-allocator-size-preload-manager=33554432"
    "memorysetup-remapper-allocator-initial-capacity=32768"
    "memorysetup-temp-allocator-size-nav-mesh-worker=65536"
    "memorysetup-temp-allocator-size-audio-worker=65536"
    "memorysetup-temp-allocator-size-cloud-worker=32768"
    "memorysetup-bucket-allocator-granularity=16"
    "memorysetup-bucket-allocator-bucket-count=8"
    "memorysetup-bucket-allocator-block-size=33554432"
    "memorysetup-bucket-allocator-block-count=8"
    "memorysetup-main-allocator-block-size=16777216"
    "memorysetup-thread-allocator-block-size=16777216"
    "memorysetup-gfx-main-allocator-block-size=16777216"
    "memorysetup-gfx-thread-allocator-block-size=16777216"
    "memorysetup-cache-allocator-block-size=4194304"
    "memorysetup-typetree-allocator-block-size=2097152"
    "memorysetup-profiler-bucket-allocator-granularity=16"
    "memorysetup-profiler-bucket-allocator-bucket-count=8"
    "memorysetup-profiler-bucket-allocator-block-size=33554432"
    "memorysetup-profiler-bucket-allocator-block-count=8"
    "memorysetup-profiler-allocator-block-size=16777216"
    "memorysetup-profiler-editor-allocator-block-size=1048576"
    "memorysetup-temp-allocator-size-main=16777216"
    "memorysetup-job-temp-allocator-block-size=2097152"
    "memorysetup-job-temp-allocator-block-size-background=1048576"
    "memorysetup-job-temp-allocator-reduction-small-platforms=262144"
    "memorysetup-temp-allocator-size-gi-baking-worker=262144"
    "memorysetup-temp-allocator-size-gi-baking-worker=262144"
    "memorysetup-temp-allocator-size-gi-baking-worker=262144"
    "memorysetup-temp-allocator-size-gi-baking-worker=262144"
    "memorysetup-temp-allocator-size-gi-baking-worker=262144"
    "memorysetup-temp-allocator-size-gfx=262144"
Player connection [7966380032]  Target information:

Player connection [7966380032]  * "[IP] 10.195.184.91 [Port] 0 [Flags] 2 [Guid] 2244466083 [EditorId] 2244466083 [Version] 1048832 [Id] OSXEditor(0,Lolas-MacBook-Pro.local) [Debug] 1 [PackageName] OSXEditor [ProjectName] Editor" 

Player connection [7966380032] Host joined multi-casting on [225.0.0.222:54997]...
Player connection [7966380032] Host joined alternative multi-casting on [225.0.0.222:34997]...
JobSystem: Creating JobQueue using job-worker-count value 3
Input System module state changed to: Initialized.
[Physics::Module] Initialized fallback backend.
[Physics::Module] Id: 0xdecafbad
Library Redirect Path: Library/
[Physics::Module] Selected backend.
[Physics::Module] Name: PhysX
[Physics::Module] Id: 0xf2b8ea05
[Physics::Module] SDK Version: 4.1.2
[Physics::Module] Integration Version: 1.0.0
[Physics::Module] Threading Mode: Multi-Threaded
Refreshing native plugins compatible for Editor in 6.17 ms, found 3 plugins.
Preloading 0 native plugins for Editor in 0.00 ms.
Initialize engine version: 6000.3.23f1 (09d2ecc7fb28)
[Subsystems] Discovering subsystems at path /Applications/Unity/Hub/Editor/6000.3.23f1/Unity.app/Contents/Resources/UnitySubsystems
[Subsystems] Discovering subsystems at path /Users/lolarichardson/Documents/GitHub/MTEC-340/MTEC340 Project/Assets
GfxDevice: creating device client; kGfxThreadingModeNonThreaded
 preferred device: Apple M3 (high power)
Metal devices available: 1
0: Apple M3 (high power)
Using device Apple M3 (high power)
Initializing Metal device caps: Apple M3
Mac GPU Family: 2
Apple GPU Family: 9
MSL Version: 3.0
Has Float MSAA: 1
Has Float Filtering: 1
ReadWrite Texture Tier: 2
Initialize mono
Mono path[0] = '/Applications/Unity/Hub/Editor/6000.3.23f1/Unity.app/Contents/Resources/Scripting/Managed'
Mono path[1] = '/Applications/Unity/Hub/Editor/6000.3.23f1/Unity.app/Contents/Resources/Scripting/MonoBleedingEdge/lib/mono/unityjit-macos'
Mono config path = '/Applications/Unity/Hub/Editor/6000.3.23f1/Unity.app/Contents/Resources/Scripting/MonoBleedingEdge/etc'
Using monoOptions --debugger-agent=transport=dt_socket,embedding=1,server=y,suspend=n,address=127.0.0.1:56552
Begin MonoManager ReloadAssembly
Registering precompiled unity dll's ...
Register platform support module: /Applications/Unity/Hub/Editor/6000.3.23f1/Unity.app/Contents/PlaybackEngines/MacStandaloneSupport/UnityEditor.OSXStandalone.Extensions.dll
Registered in 0.001007 seconds.
[Licensing::Client] Handshaking with LicensingClient:
  Version:                 1.18.3+d7ffd15
  Session Id:              169283640c49467faddd47ded12065fa
  Correlation Id:          cbe27f4fe83f2b32445d7e6b121e074b
  External correlation Id: 1743775387913016382
  Machine Id:              g7QSr0StWsGR6KnF+355Hh+qj2s=
[Licensing::Module] Successfully connected to LicensingClient on channel: "LicenseClient-lolarichardson" (connect: 0.00s, validation: 0.00s, handshake: 0.81s)
[Licensing::IpcConnector] Successfully connected to: "LicenseClient-lolarichardson-notifications" at "2026-09-08T21:04:16.839045Z"
[Licensing::Module] Licensing Background thread has ended after 0.81s
- Loaded All Assemblies, in  0.393 seconds
Native extension for OSXStandalone target not found
Package Manager log level set to [2]
[Package Manager] Failed to launch server process. Reason: Unity was launched with the -noUpm command-line argument
[Package Manager] Unable to send message (not connected to server process).
[Package Manager] Cannot connect to Unity Package Manager local server
ScheduleIndexationOnStartup MainProcess:False IndexOnStartup:True
Mono: successfully reloaded assembly
- Finished resetting the current domain, in  0.371 seconds
Domain Reload Profiling: 765ms
	BeginReloadAssembly (110ms)
		ExecutionOrderSort (0ms)
		DisableScriptedObjects (0ms)
		BackupInstance (0ms)
		ReleaseScriptingObjects (0ms)
		CreateAndSetChildDomain (1ms)
	RebuildCommonClasses (41ms)
	RebuildNativeTypeToScriptingClass (15ms)
	initialDomainReloadingComplete (42ms)
	LoadAllAssembliesAndSetupDomain (185ms)
		LoadAssemblies (109ms)
		RebuildTransferFunctionScriptingTraits (0ms)
		AnalyzeDomain (182ms)
			TypeCache.Refresh (180ms)
				TypeCache.ScanAssembly (164ms)
			BuildScriptInfoCaches (0ms)
			ResolveRequiredComponents (0ms)
	FinalizeReload (371ms)
		ReleaseScriptCaches (0ms)
		RebuildScriptCaches (0ms)
		SetupLoadedEditorAssemblies (319ms)
			LogAssemblyErrors (0ms)
			InitializePlatformSupportModulesInManaged (45ms)
			SetLoadedEditorAssemblies (6ms)
			BeforeProcessingInitializeOnLoad (77ms)
			ProcessInitializeOnLoadAttributes (124ms)
			ProcessInitializeOnLoadMethodAttributes (68ms)
			AfterProcessingInitializeOnLoad (0ms)
			EditorAssembliesLoaded (0ms)
		ExecutionOrderSort2 (0ms)
		AwakeInstancesAfterBackupRestoration (0ms)
[Licensing::Client] Successfully resolved entitlement details
[Licensing::Module] License group:
  Id: 2475785921680-UnityPersXXXX
  Product: Unity Personal
  Type: Assigned
  Expiration: Unlimited
[CoreBusinessMetrics] Unexpected thread when updating session info.
Curl error 3: URL rejected: Error
[CoreBusinessMetrics] Unexpected thread when updating session info.
========================================================================
Worker process is ready to serve import requests
Import Worker Mode flag is 0x00
Begin MonoManager ReloadAssembly
- Loaded All Assemblies, in  0.781 seconds
Refreshing native plugins compatible for Editor in 0.68 ms, found 3 plugins.
Native extension for OSXStandalone target not found
[Package Manager] Failed to launch server process. Reason: Unity was launched with the -noUpm command-line argument
[Package Manager] Unable to send message (not connected to server process).
[Package Manager] Cannot connect to Unity Package Manager local server
Refreshing native plugins compatible for Editor in 0.78 ms, found 3 plugins.
[Package Manager] Failed to launch server process. Reason: Unity was launched with the -noUpm command-line argument
[Package Manager] Unable to send message (not connected to server process).
[Package Manager] Cannot connect to Unity Package Manager local server
ScheduleIndexationOnStartup MainProcess:False IndexOnStartup:True
Mono: successfully reloaded assembly
- Finished resetting the current domain, in  0.705 seconds
Domain Reload Profiling: 1486ms
	BeginReloadAssembly (120ms)
		ExecutionOrderSort (0ms)
		DisableScriptedObjects (5ms)
		BackupInstance (0ms)
		ReleaseScriptingObjects (0ms)
		CreateAndSetChildDomain (36ms)
	RebuildCommonClasses (41ms)
	RebuildNativeTypeToScriptingClass (16ms)
	initialDomainReloadingComplete (31ms)
	LoadAllAssembliesAndSetupDomain (573ms)
		LoadAssemblies (325ms)
		RebuildTransferFunctionScriptingTraits (0ms)
		AnalyzeDomain (290ms)
			TypeCache.Refresh (217ms)
				TypeCache.ScanAssembly (197ms)
			BuildScriptInfoCaches (62ms)
			ResolveRequiredComponents (8ms)
	FinalizeReload (705ms)
		ReleaseScriptCaches (0ms)
		RebuildScriptCaches (0ms)
		SetupLoadedEditorAssemblies (583ms)
			LogAssemblyErrors (0ms)
			InitializePlatformSupportModulesInManaged (2ms)
			SetLoadedEditorAssemblies (6ms)
			BeforeProcessingInitializeOnLoad (135ms)
			ProcessInitializeOnLoadAttributes (335ms)
			ProcessInitializeOnLoadMethodAttributes (105ms)
			AfterProcessingInitializeOnLoad (1ms)
			EditorAssembliesLoaded (0ms)
		ExecutionOrderSort2 (0ms)
		AwakeInstancesAfterBackupRestoration (3ms)
WARNING: Shader Unsupported: 'Universal Render Pipeline/VR/SpatialMapping/Wireframe' - All subshaders removed
WARNING: Shader Did you use #pragma only_renderers and omit this platform?
WARNING: Shader If subshaders removal was intentional, you may have forgotten turning Fallback off?
WARNING: Shader Unsupported: 'Universal Render Pipeline/VR/SpatialMapping/Wireframe' - All subshaders removed
WARNING: Shader Did you use #pragma only_renderers and omit this platform?
WARNING: Shader If subshaders removal was intentional, you may have forgotten turning Fallback off?
Launching external process: /Applications/Unity/Hub/Editor/6000.3.23f1/Unity.app/Contents/Helpers/UnityShaderCompiler
Launched and connected shader compiler UnityShaderCompiler after 0.07 seconds
Refreshing native plugins compatible for Editor in 1.27 ms, found 3 plugins.
Preloading 0 native plugins for Editor in 0.00 ms.
Unloading 17 Unused Serialized files (Serialized files now loaded: 0)
Curl error 3: URL rejected: Error
Unloading 7378 unused Assets / (4.2 MB). Loaded Objects now: 8188.
Memory consumption went from 165.1 MB to 160.9 MB.
Total: 11.011291 ms (FindLiveObjects: 1.134791 ms CreateObjectMapping: 0.294292 ms MarkObjects: 7.516583 ms  DeleteObjects: 2.065334 ms)

========================================================================
Received Import Request.
  Time since last request: 11183.140536 seconds.
  path: Packages/com.unity.visualscripting/Editor/VisualScripting.Core/Interface/Annotations
  artifactKey: Guid(d930815aa4d314c73b7bceaaf5559e08) Importer(2089858483,b0f066a214c2f5e87bad3c948f4d605d)
Start importing Packages/com.unity.visualscripting/Editor/VisualScripting.Core/Interface/Annotations using Guid(d930815aa4d314c73b7bceaaf5559e08) Importer(2089858483,b0f066a214c2f5e87bad3c948f4d605d) (ScriptedImporter) -> (artifact id: '1579e8af389bc4497c09165ef3293cb8') in 0.032270709 seconds
Number of updated asset objects reloaded before import = 0Number of asset objects unloaded after import = 1

========================================================================
Received Import Request.
  Time since last request: 0.000052 seconds.
  path: Packages/com.unity.collab-proxy/Editor/AssetMenu/Dialogs
  artifactKey: Guid(f5d6c6c129fff0140a040d43aedb9547) Importer(2089858483,b0f066a214c2f5e87bad3c948f4d605d)
Start importing Packages/com.unity.collab-proxy/Editor/AssetMenu/Dialogs using Guid(f5d6c6c129fff0140a040d43aedb9547) Importer(2089858483,b0f066a214c2f5e87bad3c948f4d605d) (ScriptedImporter) -> (artifact id: 'b2788816019088fd952a1bfa7213c998') in 0.003738084 seconds
Number of updated asset objects reloaded before import = 0Number of asset objects unloaded after import = 1

========================================================================
Received Import Request.
  Time since last request: 0.000054 seconds.
  path: Packages/com.unity.ide.visualstudio/Editor/COMIntegration
  artifactKey: Guid(36422aa067e092e45b9820da2ee3e728) Importer(2089858483,b0f066a214c2f5e87bad3c948f4d605d)
Start importing Packages/com.unity.ide.visualstudio/Editor/COMIntegration using Guid(36422aa067e092e45b9820da2ee3e728) Importer(2089858483,b0f066a214c2f5e87bad3c948f4d605d) (ScriptedImporter) -> (artifact id: 'faab54ace5f04e4bf94e500163cd9ff9') in 0.002117084 seconds
Number of updated asset objects reloaded before import = 0Number of asset objects unloaded after import = 1

========================================================================
Received Import Request.
  Time since last request: 0.000053 seconds.
  path: Packages/com.unity.render-pipelines.universal/Runtime/Settings
  artifactKey: Guid(cf708f4598ecacb4986659e317747510) Importer(2089858483,b0f066a214c2f5e87bad3c948f4d605d)
Start importing Packages/com.unity.render-pipelines.universal/Runtime/Settings using Guid(cf708f4598ecacb4986659e317747510) Importer(2089858483,b0f066a214c2f5e87bad3c948f4d605d) (ScriptedImporter) -> (artifact id: '5b5ed351de5419fbcc892d61c52cc995') in 0.00225275 seconds
Number of updated asset objects reloaded before import = 0Number of asset objects unloaded after import = 1

========================================================================
Received Import Request.
  Time since last request: 0.000055 seconds.
  path: Packages/com.unity.render-pipelines.universal/Runtime/RenderGraph
  artifactKey: Guid(1af1ea941365745b49edfb5efd32cf05) Importer(2089858483,b0f066a214c2f5e87bad3c948f4d605d)
Start importing Packages/com.unity.render-pipelines.universal/Runtime/RenderGraph using Guid(1af1ea941365745b49edfb5efd32cf05) Importer(2089858483,b0f066a214c2f5e87bad3c948f4d605d) (ScriptedImporter) -> (artifact id: '884cba6fb3acd747409cf7329f77617e') in 0.002262208 seconds
Number of updated asset objects reloaded before import = 0Number of asset objects unloaded after import = 1

========================================================================
Received Import Request.
  Time since last request: 0.000038 seconds.
  path: Packages/com.unity.ugui/Runtime/UGUI/UI/Core/Utility
  artifactKey: Guid(d63dd1a776d383248a21ec2a8a6e7868) Importer(2089858483,b0f066a214c2f5e87bad3c948f4d605d)
Start importing Packages/com.unity.ugui/Runtime/UGUI/UI/Core/Utility using Guid(d63dd1a776d383248a21ec2a8a6e7868) Importer(2089858483,b0f066a214c2f5e87bad3c948f4d605d) (ScriptedImporter) -> (artifact id: '939b024b731c4669c9ecbde0914fcd7d') in 0.00228675 seconds
Number of updated asset objects reloaded before import = 0Number of asset objects unloaded after import = 1

========================================================================
Received Import Request.
  Time since last request: 0.000059 seconds.
  path: Packages/com.unity.2d.animation/Editor/SkinningModule/Lib
  artifactKey: Guid(54114b7cd6ae355489325fd90132f551) Importer(2089858483,b0f066a214c2f5e87bad3c948f4d605d)
Start importing Packages/com.unity.2d.animation/Editor/SkinningModule/Lib using Guid(54114b7cd6ae355489325fd90132f551) Importer(2089858483,b0f066a214c2f5e87bad3c948f4d605d) (ScriptedImporter) -> (artifact id: '1466ee415a73a57d0c920e5c648565a4') in 0.002168125 seconds
Number of updated asset objects reloaded before import = 0Number of asset objects unloaded after import = 1

========================================================================
Received Import Request.
  Time since last request: 0.000056 seconds.
  path: Packages/com.unity.render-pipelines.core/Runtime/UnifiedRayTracing
  artifactKey: Guid(5a08d29969661ca449888ba98a48f214) Importer(2089858483,b0f066a214c2f5e87bad3c948f4d605d)
Start importing Packages/com.unity.render-pipelines.core/Runtime/UnifiedRayTracing using Guid(5a08d29969661ca449888ba98a48f214) Importer(2089858483,b0f066a214c2f5e87bad3c948f4d605d) (ScriptedImporter) -> (artifact id: '4fcde75f884d0869ab25d0c26ac10b0e') in 0.002188417 seconds
Number of updated asset objects reloaded before import = 0Number of asset objects unloaded after import = 1

========================================================================
Received Import Request.
  Time since last request: 0.000040 seconds.
  path: Packages/com.unity.render-pipelines.core/Runtime/ShaderLibrary/Sampling
  artifactKey: Guid(bea6ca7ad79287c4b8c525b8ffbd5842) Importer(2089858483,b0f066a214c2f5e87bad3c948f4d605d)
Start importing Packages/com.unity.render-pipelines.core/Runtime/ShaderLibrary/Sampling using Guid(bea6ca7ad79287c4b8c525b8ffbd5842) Importer(2089858483,b0f066a214c2f5e87bad3c948f4d605d) (ScriptedImporter) -> (artifact id: 'd8568ec51edd3bcc6c50f8b01f484a0d') in 0.0025625 seconds
Number of updated asset objects reloaded before import = 0Number of asset objects unloaded after import = 1

========================================================================
Received Import Request.
  Time since last request: 0.000060 seconds.
  path: Packages/com.unity.inputsystem/InputSystem/Runtime
  artifactKey: Guid(432210e3fbc6542d4b9770ed939fc0a7) Importer(2089858483,b0f066a214c2f5e87bad3c948f4d605d)
Start importing Packages/com.unity.inputsystem/InputSystem/Runtime using Guid(432210e3fbc6542d4b9770ed939fc0a7) Importer(2089858483,b0f066a214c2f5e87bad3c948f4d605d) (ScriptedImporter) -> (artifact id: 'cb243784c751e1ae0f50883216383887') in 0.002123208 seconds
Number of updated asset objects reloaded before import = 0Number of asset objects unloaded after import = 1

========================================================================
Received Import Request.
  Time since last request: 0.000062 seconds.
  path: Packages/com.unity.timeline/Editor/Signals/TreeView
  artifactKey: Guid(5ba130fc1db953547a50bcf5c162a3e8) Importer(2089858483,b0f066a214c2f5e87bad3c948f4d605d)
Start importing Packages/com.unity.timeline/Editor/Signals/TreeView using Guid(5ba130fc1db953547a50bcf5c162a3e8) Importer(2089858483,b0f066a214c2f5e87bad3c948f4d605d) (ScriptedImporter) -> (artifact id: 'f1bdab94f2e617aa33dd58bb7be6011a') in 0.002314 seconds
Number of updated asset objects reloaded before import = 0Number of asset objects unloaded after import = 1

========================================================================
Received Import Request.
  Time since last request: 0.000046 seconds.
  path: Packages/com.unity.shadergraph/Editor/Serialization
  artifactKey: Guid(c495761f69a84f0fba9c9bd2b9cbdf86) Importer(2089858483,b0f066a214c2f5e87bad3c948f4d605d)
Start importing Packages/com.unity.shadergraph/Editor/Serialization using Guid(c495761f69a84f0fba9c9bd2b9cbdf86) Importer(2089858483,b0f066a214c2f5e87bad3c948f4d605d) (ScriptedImporter) -> (artifact id: '3991efb009ee5165bc6d7d7a7f2dd545') in 0.00201 seconds
Number of updated asset objects reloaded before import = 0Number of asset objects unloaded after import = 1

========================================================================
Received Import Request.
  Time since last request: 0.000055 seconds.
  path: Packages/com.unity.render-pipelines.core/Editor/Icons/Processed
  artifactKey: Guid(27236dbe91cb3d644991bb5702250e9d) Importer(2089858483,b0f066a214c2f5e87bad3c948f4d605d)
Start importing Packages/com.unity.render-pipelines.core/Editor/Icons/Processed using Guid(27236dbe91cb3d644991bb5702250e9d) Importer(2089858483,b0f066a214c2f5e87bad3c948f4d605d) (ScriptedImporter) -> (artifact id: '466af55f96affeb2fbdb77c9988876a5') in 0.0021545 seconds
Number of updated asset objects reloaded before import = 0Number of asset objects unloaded after import = 1

========================================================================
Received Import Request.
  Time since last request: 0.000074 seconds.
  path: Packages/com.unity.render-pipelines.universal/Editor/VFXGraph/Shaders/Templates/ParticleLines
  artifactKey: Guid(18a4907a4ab1eb24882f891e45c993db) Importer(2089858483,b0f066a214c2f5e87bad3c948f4d605d)
Start importing Packages/com.unity.render-pipelines.universal/Editor/VFXGraph/Shaders/Templates/ParticleLines using Guid(18a4907a4ab1eb24882f891e45c993db) Importer(2089858483,b0f066a214c2f5e87bad3c948f4d605d) (ScriptedImporter) -> (artifact id: '9cc72eb7ce15744e5bef5fbde39f8975') in 0.002341583 seconds
Number of updated asset objects reloaded before import = 0Number of asset objects unloaded after import = 1

========================================================================
Received Import Request.
  Time since last request: 0.000056 seconds.
  path: Packages/com.unity.render-pipelines.universal/Editor/Tools/Converters
  artifactKey: Guid(de07e00acee5049188d7f5c776e98c91) Importer(2089858483,b0f066a214c2f5e87bad3c948f4d605d)
Start importing Packages/com.unity.render-pipelines.universal/Editor/Tools/Converters using Guid(de07e00acee5049188d7f5c776e98c91) Importer(2089858483,b0f066a214c2f5e87bad3c948f4d605d) (ScriptedImporter) -> (artifact id: '84768dcd9ffb82ccf7c53047266db59c') in 0.00221825 seconds
Number of updated asset objects reloaded before import = 0Number of asset objects unloaded after import = 1

========================================================================
Received Import Request.
  Time since last request: 0.000059 seconds.
  path: Packages/com.unity.render-pipelines.universal
  artifactKey: Guid(a8a8837bc9b2a05f9c18a6e71e17973d) Importer(2089858483,b0f066a214c2f5e87bad3c948f4d605d)
Start importing Packages/com.unity.render-pipelines.universal using Guid(a8a8837bc9b2a05f9c18a6e71e17973d) Importer(2089858483,b0f066a214c2f5e87bad3c948f4d605d) (ScriptedImporter) -> (artifact id: '92213a3349fa72118fe5656f8f206112') in 0.00250375 seconds
Number of updated asset objects reloaded before import = 0Number of asset objects unloaded after import = 1

========================================================================
Received Import Request.
  Time since last request: 0.000063 seconds.
  path: Packages/com.unity.shadergraph/Editor/Generation/Targets/BuiltIn/Editor/ShaderGraph/Includes
  artifactKey: Guid(0b48c6912333f1a4fa13346aaf390d56) Importer(2089858483,b0f066a214c2f5e87bad3c948f4d605d)
Start importing Packages/com.unity.shadergraph/Editor/Generation/Targets/BuiltIn/Editor/ShaderGraph/Includes using Guid(0b48c6912333f1a4fa13346aaf390d56) Importer(2089858483,b0f066a214c2f5e87bad3c948f4d605d) (ScriptedImporter) -> (artifact id: 'f5742d3f2b551db299ce25bf6daa4a6d') in 0.0021185 seconds
Number of updated asset objects reloaded before import = 0Number of asset objects unloaded after import = 1

========================================================================
Received Import Request.
  Time since last request: 0.000048 seconds.
  path: Packages/com.unity.render-pipelines.universal/Editor/BuildProcessors
  artifactKey: Guid(00b78da5a2abda548bce3022822ebb7f) Importer(2089858483,b0f066a214c2f5e87bad3c948f4d605d)
Start importing Packages/com.unity.render-pipelines.universal/Editor/BuildProcessors using Guid(00b78da5a2abda548bce3022822ebb7f) Importer(2089858483,b0f066a214c2f5e87bad3c948f4d605d) (ScriptedImporter) -> (artifact id: 'c1f23a9daa8985793bb625c1456a07dc') in 0.002057959 seconds
Number of updated asset objects reloaded before import = 0Number of asset objects unloaded after import = 1

========================================================================
Received Import Request.
  Time since last request: 0.000062 seconds.
  path: Packages/com.unity.collab-proxy/Editor/Diff/Image
  artifactKey: Guid(600fb4de46db4ceaaeea90860ab19ec4) Importer(2089858483,b0f066a214c2f5e87bad3c948f4d605d)
Start importing Packages/com.unity.collab-proxy/Editor/Diff/Image using Guid(600fb4de46db4ceaaeea90860ab19ec4) Importer(2089858483,b0f066a214c2f5e87bad3c948f4d605d) (ScriptedImporter) -> (artifact id: '014cc2bbdfcf124ccca2cdbca95477f6') in 0.002230458 seconds
Number of updated asset objects reloaded before import = 0Number of asset objects unloaded after import = 1

========================================================================
Received Import Request.
  Time since last request: 0.000071 seconds.
  path: Packages/com.unity.timeline/Editor/StyleSheets/Images
  artifactKey: Guid(5f603f10b9ec26841b2ecb6003dc1d0e) Importer(2089858483,b0f066a214c2f5e87bad3c948f4d605d)
Start importing Packages/com.unity.timeline/Editor/StyleSheets/Images using Guid(5f603f10b9ec26841b2ecb6003dc1d0e) Importer(2089858483,b0f066a214c2f5e87bad3c948f4d605d) (ScriptedImporter) -> (artifact id: '7b31a8e659976c02c5e3b7e59fcb6e93') in 0.002159875 seconds
Number of updated asset objects reloaded before import = 0Number of asset objects unloaded after import = 1

========================================================================
Received Import Request.
  Time since last request: 0.000051 seconds.
  path: Packages/com.unity.test-framework/UnityEditor.TestRunner/GUI
  artifactKey: Guid(7e609b27ad2caa14c83dd9951b6c13c6) Importer(2089858483,b0f066a214c2f5e87bad3c948f4d605d)
Start importing Packages/com.unity.test-framework/UnityEditor.TestRunner/GUI using Guid(7e609b27ad2caa14c83dd9951b6c13c6) Importer(2089858483,b0f066a214c2f5e87bad3c948f4d605d) (ScriptedImporter) -> (artifact id: 'bf836399f283cf1a9dc90dcb7169a0c0') in 0.002217291 seconds
Number of updated asset objects reloaded before import = 0Number of asset objects unloaded after import = 1

========================================================================
Received Import Request.
  Time since last request: 0.000052 seconds.
  path: Packages/com.unity.render-pipelines.core/ShaderLibrary/Sampling
  artifactKey: Guid(14115a7568c4882499f59039a0585e3b) Importer(2089858483,b0f066a214c2f5e87bad3c948f4d605d)
Start importing Packages/com.unity.render-pipelines.core/ShaderLibrary/Sampling using Guid(14115a7568c4882499f59039a0585e3b) Importer(2089858483,b0f066a214c2f5e87bad3c948f4d605d) (ScriptedImporter) -> (artifact id: '7ecba68faffa056fb85a70f6310a49cd') in 0.002050125 seconds
Number of updated asset objects reloaded before import = 0Number of asset objects unloaded after import = 1

========================================================================
Received Import Request.
  Time since last request: 0.000067 seconds.
  path: Packages/com.unity.2d.psdimporter/Tests
  artifactKey: Guid(ef286a7cdaafc8141b7eaa37314b76cf) Importer(2089858483,b0f066a214c2f5e87bad3c948f4d605d)
Start importing Packages/com.unity.2d.psdimporter/Tests using Guid(ef286a7cdaafc8141b7eaa37314b76cf) Importer(2089858483,b0f066a214c2f5e87bad3c948f4d605d) (ScriptedImporter) -> (artifact id: 'e5eb637f709d6666a7d996d038556974') in 0.002036959 seconds
Number of updated asset objects reloaded before import = 0Number of asset objects unloaded after import = 1

========================================================================
Received Import Request.
  Time since last request: 0.000075 seconds.
  path: Packages/com.unity.2d.animation/Editor/UpgradeTools
  artifactKey: Guid(037dc1cf59b774877ba48a4a5caeb03c) Importer(2089858483,b0f066a214c2f5e87bad3c948f4d605d)
Start importing Packages/com.unity.2d.animation/Editor/UpgradeTools using Guid(037dc1cf59b774877ba48a4a5caeb03c) Importer(2089858483,b0f066a214c2f5e87bad3c948f4d605d) (ScriptedImporter) -> (artifact id: '47e7625a79c9edb132f1f7462c9af72d') in 0.00218025 seconds
Number of updated asset objects reloaded before import = 0Number of asset objects unloaded after import = 1

========================================================================
Received Import Request.
  Time since last request: 0.000055 seconds.
  path: Packages/com.unity.render-pipelines.core/Editor/ScriptTemplates
  artifactKey: Guid(863f1a3fb862346d7a3344bcb3024f1b) Importer(2089858483,b0f066a214c2f5e87bad3c948f4d605d)
Start importing Packages/com.unity.render-pipelines.core/Editor/ScriptTemplates using Guid(863f1a3fb862346d7a3344bcb3024f1b) Importer(2089858483,b0f066a214c2f5e87bad3c948f4d605d) (ScriptedImporter) -> (artifact id: 'f8b1ee2da3db0d87a17fbc492d25246e') in 0.002056125 seconds
Number of updated asset objects reloaded before import = 0Number of asset objects unloaded after import = 1

========================================================================
Received Import Request.
  Time since last request: 0.000039 seconds.
  path: Packages/com.unity.render-pipelines.universal/Editor/DefaultScene
  artifactKey: Guid(0660d0bf211d87048b02c8eca725dee2) Importer(2089858483,b0f066a214c2f5e87bad3c948f4d605d)
Start importing Packages/com.unity.render-pipelines.universal/Editor/DefaultScene using Guid(0660d0bf211d87048b02c8eca725dee2) Importer(2089858483,b0f066a214c2f5e87bad3c948f4d605d) (ScriptedImporter) -> (artifact id: '6521f1405f7c117a9b40ea89411b4b32') in 0.002163333 seconds
Number of updated asset objects reloaded before import = 0Number of asset objects unloaded after import = 1

========================================================================
Received Import Request.
  Time since last request: 0.000053 seconds.
  path: Packages/com.unity.2d.tilemap.extras/Editor
  artifactKey: Guid(58147b5e82a62ad4aacd2cfa2ef653bc) Importer(2089858483,b0f066a214c2f5e87bad3c948f4d605d)
Start importing Packages/com.unity.2d.tilemap.extras/Editor using Guid(58147b5e82a62ad4aacd2cfa2ef653bc) Importer(2089858483,b0f066a214c2f5e87bad3c948f4d605d) (ScriptedImporter) -> (artifact id: '31f759ee9928cd1699bfeb480b479289') in 0.002108792 seconds
Number of updated asset objects reloaded before import = 0Number of asset objects unloaded after import = 1

========================================================================
Received Import Request.
  Time since last request: 0.000056 seconds.
  path: Packages/com.unity.render-pipelines.universal/Runtime/Materials
  artifactKey: Guid(7f10efc5458aa44a2928a72c38807544) Importer(2089858483,b0f066a214c2f5e87bad3c948f4d605d)
Start importing Packages/com.unity.render-pipelines.universal/Runtime/Materials using Guid(7f10efc5458aa44a2928a72c38807544) Importer(2089858483,b0f066a214c2f5e87bad3c948f4d605d) (ScriptedImporter) -> (artifact id: '5167214b57f1fb85fd7dd9274b0a7285') in 0.002080541 seconds
Number of updated asset objects reloaded before import = 0Number of asset objects unloaded after import = 1

========================================================================
Received Import Request.
  Time since last request: 0.000052 seconds.
  path: Packages/com.unity.2d.sprite/Editor/Interface
  artifactKey: Guid(b1c7f0c50b0c1d7458d2d0a50ebfefef) Importer(2089858483,b0f066a214c2f5e87bad3c948f4d605d)
Start importing Packages/com.unity.2d.sprite/Editor/Interface using Guid(b1c7f0c50b0c1d7458d2d0a50ebfefef) Importer(2089858483,b0f066a214c2f5e87bad3c948f4d605d) (ScriptedImporter) -> (artifact id: '0fa10b769043ad82d7d65878359096a8') in 0.0021315 seconds
Number of updated asset objects reloaded before import = 0Number of asset objects unloaded after import = 1

========================================================================
Received Import Request.
  Time since last request: 0.000060 seconds.
  path: Packages/com.unity.visualscripting/Runtime/VisualScripting.Flow/Framework/Variables
  artifactKey: Guid(76134f9c6fe474b81bf12c29b1f42212) Importer(2089858483,b0f066a214c2f5e87bad3c948f4d605d)
Start importing Packages/com.unity.visualscripting/Runtime/VisualScripting.Flow/Framework/Variables using Guid(76134f9c6fe474b81bf12c29b1f42212) Importer(2089858483,b0f066a214c2f5e87bad3c948f4d605d) (ScriptedImporter) -> (artifact id: 'b715564b214847f1f63083ac96ed8f08') in 0.002140584 seconds
Number of updated asset objects reloaded before import = 0Number of asset objects unloaded after import = 1

========================================================================
Received Import Request.
  Time since last request: 0.000052 seconds.
  path: Packages/com.unity.ide.visualstudio/Editor/COMIntegration/Release
  artifactKey: Guid(41b2d972bdac29e4a89ef08b3b52c248) Importer(2089858483,b0f066a214c2f5e87bad3c948f4d605d)
Start importing Packages/com.unity.ide.visualstudio/Editor/COMIntegration/Release using Guid(41b2d972bdac29e4a89ef08b3b52c248) Importer(2089858483,b0f066a214c2f5e87bad3c948f4d605d) (ScriptedImporter) -> (artifact id: 'cb18596c25d872af39bc092442934f65') in 0.002095958 seconds
Number of updated asset objects reloaded before import = 0Number of asset objects unloaded after import = 1

========================================================================
Received Import Request.
  Time since last request: 0.000050 seconds.
  path: Packages/com.unity.render-pipelines.core/Runtime/XR
  artifactKey: Guid(8c62d11ee7af4f54abf48d79f70aee4d) Importer(2089858483,b0f066a214c2f5e87bad3c948f4d605d)
Start importing Packages/com.unity.render-pipelines.core/Runtime/XR using Guid(8c62d11ee7af4f54abf48d79f70aee4d) Importer(2089858483,b0f066a214c2f5e87bad3c948f4d605d) (ScriptedImporter) -> (artifact id: '1b340cf753d3987b200967a499693313') in 0.002194625 seconds
Number of updated asset objects reloaded before import = 0Number of asset objects unloaded after import = 1

========================================================================
Received Import Request.
  Time since last request: 0.000052 seconds.
  path: Packages/com.unity.ugui/Tests/Runtime
  artifactKey: Guid(c545241cf2e56ec4997d7677f01ef43d) Importer(2089858483,b0f066a214c2f5e87bad3c948f4d605d)
Start importing Packages/com.unity.ugui/Tests/Runtime using Guid(c545241cf2e56ec4997d7677f01ef43d) Importer(2089858483,b0f066a214c2f5e87bad3c948f4d605d) (ScriptedImporter) -> (artifact id: '493c63abd2496f809f1d2f3ca17333cc') in 0.0031395 seconds
Number of updated asset objects reloaded before import = 0Number of asset objects unloaded after import = 1

========================================================================
Received Import Request.
  Time since last request: 0.000071 seconds.
  path: Packages/com.unity.shadergraph/Editor/Drawing/Views/Slots
  artifactKey: Guid(56e544af973b458ea7e8051cd0848d24) Importer(2089858483,b0f066a214c2f5e87bad3c948f4d605d)
Start importing Packages/com.unity.shadergraph/Editor/Drawing/Views/Slots using Guid(56e544af973b458ea7e8051cd0848d24) Importer(2089858483,b0f066a214c2f5e87bad3c948f4d605d) (ScriptedImporter) -> (artifact id: '04fda9e4784aa6d84c120b5421943690') in 0.002207 seconds
Number of updated asset objects reloaded before import = 0Number of asset objects unloaded after import = 1

========================================================================
Received Import Request.
  Time since last request: 0.000064 seconds.
  path: Packages/com.unity.render-pipelines.universal/Editor/SceneTemplates
  artifactKey: Guid(32bf03fc07b2a4f00adb3eaf74edcdf3) Importer(2089858483,b0f066a214c2f5e87bad3c948f4d605d)
Start importing Packages/com.unity.render-pipelines.universal/Editor/SceneTemplates using Guid(32bf03fc07b2a4f00adb3eaf74edcdf3) Importer(2089858483,b0f066a214c2f5e87bad3c948f4d605d) (ScriptedImporter) -> (artifact id: '3c4fc2a39d512b3489c1f280dfd97c30') in 0.002217666 seconds
Number of updated asset objects reloaded before import = 0Number of asset objects unloaded after import = 1

========================================================================
Received Import Request.
  Time since last request: 0.000060 seconds.
  path: Packages/com.unity.ugui/Runtime/UGUI/EventSystem/InputModules
  artifactKey: Guid(8e78f8a8575e4a04f8337a54e241cdc5) Importer(2089858483,b0f066a214c2f5e87bad3c948f4d605d)
Start importing Packages/com.unity.ugui/Runtime/UGUI/EventSystem/InputModules using Guid(8e78f8a8575e4a04f8337a54e241cdc5) Importer(2089858483,b0f066a214c2f5e87bad3c948f4d605d) (ScriptedImporter) -> (artifact id: 'a8633fc9727129ecc05d7dce0001d5f7') in 0.002178292 seconds
Number of updated asset objects reloaded before import = 0Number of asset objects unloaded after import = 1

========================================================================
Received Import Request.
  Time since last request: 0.000059 seconds.
  path: Packages/com.unity.test-framework.performance/Runtime
  artifactKey: Guid(6edbafb3b8c712640ae66bb69eabb0a8) Importer(2089858483,b0f066a214c2f5e87bad3c948f4d605d)
Start importing Packages/com.unity.test-framework.performance/Runtime using Guid(6edbafb3b8c712640ae66bb69eabb0a8) Importer(2089858483,b0f066a214c2f5e87bad3c948f4d605d) (ScriptedImporter) -> (artifact id: '37497eeecc6e456d1752e233e07bb3c7') in 0.002143375 seconds
Number of updated asset objects reloaded before import = 0Number of asset objects unloaded after import = 1

========================================================================
Received Import Request.
  Time since last request: 0.000064 seconds.
  path: Packages/com.unity.2d.psdimporter/Editor/PSDPlugin/PsdFile/Layers/LayerInfo
  artifactKey: Guid(45831abf313417241b91683b30dedf45) Importer(2089858483,b0f066a214c2f5e87bad3c948f4d605d)
Start importing Packages/com.unity.2d.psdimporter/Editor/PSDPlugin/PsdFile/Layers/LayerInfo using Guid(45831abf313417241b91683b30dedf45) Importer(2089858483,b0f066a214c2f5e87bad3c948f4d605d) (ScriptedImporter) -> (artifact id: '4cb6f411613b875eddbfdaff32985e23') in 0.0022245 seconds
Number of updated asset objects reloaded before import = 0Number of asset objects unloaded after import = 1

========================================================================
Received Import Request.
  Time since last request: 0.000067 seconds.
  path: Packages/com.unity.visualscripting/Runtime/VisualScripting.Flow/Framework/Nesting
  artifactKey: Guid(d5da508f2c00247c9b8d13e29d614b2c) Importer(2089858483,b0f066a214c2f5e87bad3c948f4d605d)
Start importing Packages/com.unity.visualscripting/Runtime/VisualScripting.Flow/Framework/Nesting using Guid(d5da508f2c00247c9b8d13e29d614b2c) Importer(2089858483,b0f066a214c2f5e87bad3c948f4d605d) (ScriptedImporter) -> (artifact id: '9ff9b193c80a9cfee6d48f5c0d83262b') in 0.002103625 seconds
Number of updated asset objects reloaded before import = 0Number of asset objects unloaded after import = 1

========================================================================
Received Import Request.
  Time since last request: 0.000038 seconds.
  path: Packages/com.unity.inputsystem/InputSystem/Runtime/Devices/Commands
  artifactKey: Guid(84ba8e63f115487ca072084bbebf0e55) Importer(2089858483,b0f066a214c2f5e87bad3c948f4d605d)
Start importing Packages/com.unity.inputsystem/InputSystem/Runtime/Devices/Commands using Guid(84ba8e63f115487ca072084bbebf0e55) Importer(2089858483,b0f066a214c2f5e87bad3c948f4d605d) (ScriptedImporter) -> (artifact id: '9cd66518256d6e73c4f87f90dbef2352') in 0.002198041 seconds
Number of updated asset objects reloaded before import = 0Number of asset objects unloaded after import = 1

========================================================================
Received Import Request.
  Time since last request: 0.000104 seconds.
  path: Packages/com.unity.collab-proxy/Editor/Configuration
  artifactKey: Guid(ec63ff75b0076d64fb0a5cf58170501f) Importer(2089858483,b0f066a214c2f5e87bad3c948f4d605d)
Start importing Packages/com.unity.collab-proxy/Editor/Configuration using Guid(ec63ff75b0076d64fb0a5cf58170501f) Importer(2089858483,b0f066a214c2f5e87bad3c948f4d605d) (ScriptedImporter) -> (artifact id: '726e993de4bbbd40965d0ac10c254856') in 0.003099958 seconds
Number of updated asset objects reloaded before import = 0Number of asset objects unloaded after import = 1

========================================================================
Received Import Request.
  Time since last request: 0.000040 seconds.
  path: Packages/com.unity.shadergraph/Editor/Data/Legacy
  artifactKey: Guid(624f34d4e59649fd80163f3590d97d73) Importer(2089858483,b0f066a214c2f5e87bad3c948f4d605d)
Start importing Packages/com.unity.shadergraph/Editor/Data/Legacy using Guid(624f34d4e59649fd80163f3590d97d73) Importer(2089858483,b0f066a214c2f5e87bad3c948f4d605d) (ScriptedImporter) -> (artifact id: '3eef08b3e6bb596a8c125c7fe84fbe2f') in 0.002206792 seconds
Number of updated asset objects reloaded before import = 0Number of asset objects unloaded after import = 1

========================================================================
Received Import Request.
  Time since last request: 0.000052 seconds.
  path: Packages/com.unity.timeline/Editor/Actions/Menus
  artifactKey: Guid(985eed4bc2fbee941b761b8816d9055d) Importer(2089858483,b0f066a214c2f5e87bad3c948f4d605d)
Start importing Packages/com.unity.timeline/Editor/Actions/Menus using Guid(985eed4bc2fbee941b761b8816d9055d) Importer(2089858483,b0f066a214c2f5e87bad3c948f4d605d) (ScriptedImporter) -> (artifact id: 'd59e74f618129a96a4ad85c019a1a46e') in 0.002115958 seconds
Number of updated asset objects reloaded before import = 0Number of asset objects unloaded after import = 1

========================================================================
Received Import Request.
  Time since last request: 0.000057 seconds.
  path: Packages/com.unity.render-pipelines.core/Runtime/GPUDriven/Utilities
  artifactKey: Guid(0d54b02a80b94d94a90b9de832436341) Importer(2089858483,b0f066a214c2f5e87bad3c948f4d605d)
Start importing Packages/com.unity.render-pipelines.core/Runtime/GPUDriven/Utilities using Guid(0d54b02a80b94d94a90b9de832436341) Importer(2089858483,b0f066a214c2f5e87bad3c948f4d605d) (ScriptedImporter) -> (artifact id: '8596b0764df27676b590164e5e330755') in 0.0023505 seconds
Number of updated asset objects reloaded before import = 0Number of asset objects unloaded after import = 1

========================================================================
Received Import Request.
  Time since last request: 0.000053 seconds.
  path: Packages/com.unity.collab-proxy/Editor/Inspector/Properties/Label
  artifactKey: Guid(f6e1f4a705074105b682329d9d1fe334) Importer(2089858483,b0f066a214c2f5e87bad3c948f4d605d)
Start importing Packages/com.unity.collab-proxy/Editor/Inspector/Properties/Label using Guid(f6e1f4a705074105b682329d9d1fe334) Importer(2089858483,b0f066a214c2f5e87bad3c948f4d605d) (ScriptedImporter) -> (artifact id: '4d635d20396645b712b7a8044c0b9920') in 0.002167333 seconds
Number of updated asset objects reloaded before import = 0Number of asset objects unloaded after import = 1

========================================================================
Received Import Request.
  Time since last request: 0.000058 seconds.
  path: Packages/com.unity.inputsystem/InputSystem/Runtime/Plugins/PlayerInput
  artifactKey: Guid(1cccd07fcea7f491793d4e7a5adc17a2) Importer(2089858483,b0f066a214c2f5e87bad3c948f4d605d)
Start importing Packages/com.unity.inputsystem/InputSystem/Runtime/Plugins/PlayerInput using Guid(1cccd07fcea7f491793d4e7a5adc17a2) Importer(2089858483,b0f066a214c2f5e87bad3c948f4d605d) (ScriptedImporter) -> (artifact id: '30b18e7194fdf8031e66b9507c1602a4') in 0.002115375 seconds
Number of updated asset objects reloaded before import = 0Number of asset objects unloaded after import = 1

========================================================================
Received Import Request.
  Time since last request: 0.000056 seconds.
  path: Packages/com.unity.test-framework.performance/Runtime/Meters
  artifactKey: Guid(29eafdd9eaae4d7995048ee61cd0b7d2) Importer(2089858483,b0f066a214c2f5e87bad3c948f4d605d)
Start importing Packages/com.unity.test-framework.performance/Runtime/Meters using Guid(29eafdd9eaae4d7995048ee61cd0b7d2) Importer(2089858483,b0f066a214c2f5e87bad3c948f4d605d) (ScriptedImporter) -> (artifact id: '8b3e04340fd24cfe9e67532ea8e788c4') in 0.002291542 seconds
Number of updated asset objects reloaded before import = 0Number of asset objects unloaded after import = 1

========================================================================
Received Import Request.
  Time since last request: 0.000069 seconds.
  path: Packages/com.unity.2d.psdimporter/Editor/PSDPlugin/PsdFile/Compression
  artifactKey: Guid(cea9a02ce8d970946b9534af754bfda1) Importer(2089858483,b0f066a214c2f5e87bad3c948f4d605d)
Start importing Packages/com.unity.2d.psdimporter/Editor/PSDPlugin/PsdFile/Compression using Guid(cea9a02ce8d970946b9534af754bfda1) Importer(2089858483,b0f066a214c2f5e87bad3c948f4d605d) (ScriptedImporter) -> (artifact id: '6deed7ba60176864d7705559fa7d4f5e') in 0.0031555 seconds
Number of updated asset objects reloaded before import = 0Number of asset objects unloaded after import = 1

========================================================================
Received Import Request.
  Time since last request: 0.000058 seconds.
  path: Packages/com.unity.timeline/Runtime/Extensions
  artifactKey: Guid(6c61ba0c209bcc74f83e3650039ebdf9) Importer(2089858483,b0f066a214c2f5e87bad3c948f4d605d)
Start importing Packages/com.unity.timeline/Runtime/Extensions using Guid(6c61ba0c209bcc74f83e3650039ebdf9) Importer(2089858483,b0f066a214c2f5e87bad3c948f4d605d) (ScriptedImporter) -> (artifact id: 'b36d236db534d04cf7238f70213a7cba') in 0.002106667 seconds
Number of updated asset objects reloaded before import = 0Number of asset objects unloaded after import = 1

========================================================================
Received Import Request.
  Time since last request: 0.000065 seconds.
  path: Packages/com.unity.2d.sprite/Editor/ShapeEditor
  artifactKey: Guid(ccbbef892d435144aa8a0f9fd5ccee51) Importer(2089858483,b0f066a214c2f5e87bad3c948f4d605d)
Start importing Packages/com.unity.2d.sprite/Editor/ShapeEditor using Guid(ccbbef892d435144aa8a0f9fd5ccee51) Importer(2089858483,b0f066a214c2f5e87bad3c948f4d605d) (ScriptedImporter) -> (artifact id: '8b3341f7eb404c992bee29618cbbc20e') in 0.002214042 seconds
Number of updated asset objects reloaded before import = 0Number of asset objects unloaded after import = 1

========================================================================
Received Import Request.
  Time since last request: 0.000055 seconds.
  path: Packages/com.unity.collections/Unity.Collections.PerformanceTests.Internal
  artifactKey: Guid(ee3c6001d6f4bbf409631328fb4cd463) Importer(2089858483,b0f066a214c2f5e87bad3c948f4d605d)
Start importing Packages/com.unity.collections/Unity.Collections.PerformanceTests.Internal using Guid(ee3c6001d6f4bbf409631328fb4cd463) Importer(2089858483,b0f066a214c2f5e87bad3c948f4d605d) (ScriptedImporter) -> (artifact id: '178838467f52e45cb063126f91a0b76c') in 0.002340833 seconds
Number of updated asset objects reloaded before import = 0Number of asset objects unloaded after import = 1

========================================================================
Received Import Request.
  Time since last request: 0.000059 seconds.
  path: Packages/com.unity.2d.sprite/Editor/SpriteEditor/SpriteEditorHintPopup
  artifactKey: Guid(227c337d32ff4443ac4376322977be21) Importer(2089858483,b0f066a214c2f5e87bad3c948f4d605d)
Start importing Packages/com.unity.2d.sprite/Editor/SpriteEditor/SpriteEditorHintPopup using Guid(227c337d32ff4443ac4376322977be21) Importer(2089858483,b0f066a214c2f5e87bad3c948f4d605d) (ScriptedImporter) -> (artifact id: 'dfca7e1eb2f8550fdf6dde7d6f91f03c') in 0.002105458 seconds
Number of updated asset objects reloaded before import = 0Number of asset objects unloaded after import = 1

========================================================================
Received Import Request.
  Time since last request: 0.000053 seconds.
  path: Packages/com.unity.visualscripting/Editor/VisualScripting.Core/Platforms
  artifactKey: Guid(1af1a889025ee46828ecc1aee380e197) Importer(2089858483,b0f066a214c2f5e87bad3c948f4d605d)
Start importing Packages/com.unity.visualscripting/Editor/VisualScripting.Core/Platforms using Guid(1af1a889025ee46828ecc1aee380e197) Importer(2089858483,b0f066a214c2f5e87bad3c948f4d605d) (ScriptedImporter) -> (artifact id: '054cd4b61ce50088a48f7ad62d3bc7be') in 0.002022459 seconds
Number of updated asset objects reloaded before import = 0Number of asset objects unloaded after import = 1

========================================================================
Received Import Request.
  Time since last request: 0.000053 seconds.
  path: Packages/com.unity.render-pipelines.universal/Runtime/VFXGraph/Utility
  artifactKey: Guid(cebf9c6bb6e199e4db858b1ca6525e5d) Importer(2089858483,b0f066a214c2f5e87bad3c948f4d605d)
Start importing Packages/com.unity.render-pipelines.universal/Runtime/VFXGraph/Utility using Guid(cebf9c6bb6e199e4db858b1ca6525e5d) Importer(2089858483,b0f066a214c2f5e87bad3c948f4d605d) (ScriptedImporter) -> (artifact id: 'e127124dba96b5917ed80bc5b41e7682') in 0.002336833 seconds
Number of updated asset objects reloaded before import = 0Number of asset objects unloaded after import = 1

========================================================================
Received Import Request.
  Time since last request: 0.000052 seconds.
  path: Packages/com.unity.2d.animation/Editor/SkinningModule/SkinningSerializer
  artifactKey: Guid(6a526b93b1b26d040a197bb4ffe84ba1) Importer(2089858483,b0f066a214c2f5e87bad3c948f4d605d)
Start importing Packages/com.unity.2d.animation/Editor/SkinningModule/SkinningSerializer using Guid(6a526b93b1b26d040a197bb4ffe84ba1) Importer(2089858483,b0f066a214c2f5e87bad3c948f4d605d) (ScriptedImporter) -> (artifact id: '15687829abc2e19a8e09aed8c476fd2d') in 0.001979292 seconds
Number of updated asset objects reloaded before import = 0Number of asset objects unloaded after import = 1

========================================================================
Received Import Request.
  Time since last request: 0.000059 seconds.
  path: Packages/com.unity.collab-proxy/Editor/UI
  artifactKey: Guid(565f0b089a3d53c4e9a329a5ec1392eb) Importer(2089858483,b0f066a214c2f5e87bad3c948f4d605d)
Start importing Packages/com.unity.collab-proxy/Editor/UI using Guid(565f0b089a3d53c4e9a329a5ec1392eb) Importer(2089858483,b0f066a214c2f5e87bad3c948f4d605d) (ScriptedImporter) -> (artifact id: 'e48efd73380a8b757ca37b38ef94aab6') in 0.002142375 seconds
Number of updated asset objects reloaded before import = 0Number of asset objects unloaded after import = 1

========================================================================
Received Import Request.
  Time since last request: 0.000062 seconds.
  path: Packages/com.unity.render-pipelines.core/Runtime/GPUDriven
  artifactKey: Guid(c54d18b06b9c0f64db431a9751e89877) Importer(2089858483,b0f066a214c2f5e87bad3c948f4d605d)
Start importing Packages/com.unity.render-pipelines.core/Runtime/GPUDriven using Guid(c54d18b06b9c0f64db431a9751e89877) Importer(2089858483,b0f066a214c2f5e87bad3c948f4d605d) (ScriptedImporter) -> (artifact id: 'c4a95f61607496cc49f478c033dc3e4a') in 0.00243025 seconds
Number of updated asset objects reloaded before import = 0Number of asset objects unloaded after import = 1

========================================================================
Received Import Request.
  Time since last request: 0.000052 seconds.
  path: Packages/com.unity.collab-proxy/Editor/UI/UnityInternals/UnityEditor/SceneManagement
  artifactKey: Guid(58ea190e1cd94c2ca3a4b39e76639f7c) Importer(2089858483,b0f066a214c2f5e87bad3c948f4d605d)
Start importing Packages/com.unity.collab-proxy/Editor/UI/UnityInternals/UnityEditor/SceneManagement using Guid(58ea190e1cd94c2ca3a4b39e76639f7c) Importer(2089858483,b0f066a214c2f5e87bad3c948f4d605d) (ScriptedImporter) -> (artifact id: '3049151b9e6d468756dcde1cc0cfd4e4') in 0.002140792 seconds
Number of updated asset objects reloaded before import = 0Number of asset objects unloaded after import = 1

========================================================================
Received Import Request.
  Time since last request: 0.000038 seconds.
  path: Packages/com.unity.render-pipelines.universal/Runtime/Decal/ScreenSpace
  artifactKey: Guid(5818a14fd27827e48951a0d2ee539d75) Importer(2089858483,b0f066a214c2f5e87bad3c948f4d605d)
Start importing Packages/com.unity.render-pipelines.universal/Runtime/Decal/ScreenSpace using Guid(5818a14fd27827e48951a0d2ee539d75) Importer(2089858483,b0f066a214c2f5e87bad3c948f4d605d) (ScriptedImporter) -> (artifact id: '02ce10743626111b0bbdde9be64926be') in 0.002129625 seconds
Number of updated asset objects reloaded before import = 0Number of asset objects unloaded after import = 1

========================================================================
Received Import Request.
  Time since last request: 0.000056 seconds.
  path: Packages/com.unity.render-pipelines.universal/Editor/Overrides/Shaders
  artifactKey: Guid(da0f06d1af1e98c48b8ffbe1e6e4df96) Importer(2089858483,b0f066a214c2f5e87bad3c948f4d605d)
Start importing Packages/com.unity.render-pipelines.universal/Editor/Overrides/Shaders using Guid(da0f06d1af1e98c48b8ffbe1e6e4df96) Importer(2089858483,b0f066a214c2f5e87bad3c948f4d605d) (ScriptedImporter) -> (artifact id: 'd6642a81e810aadda0b2960557e1155f') in 0.005190583 seconds
Number of updated asset objects reloaded before import = 0Number of asset objects unloaded after import = 1

========================================================================
Received Import Request.
  Time since last request: 0.000082 seconds.
  path: Packages/com.unity.render-pipelines.universal/Runtime/Debug
  artifactKey: Guid(91be52194fd414eefb9f1bc39b89292e) Importer(2089858483,b0f066a214c2f5e87bad3c948f4d605d)
Start importing Packages/com.unity.render-pipelines.universal/Runtime/Debug using Guid(91be52194fd414eefb9f1bc39b89292e) Importer(2089858483,b0f066a214c2f5e87bad3c948f4d605d) (ScriptedImporter) -> (artifact id: 'f4a2af3ff9b2b3cbdaac4a44797365b6') in 0.003890875 seconds
Number of updated asset objects reloaded before import = 0Number of asset objects unloaded after import = 1

========================================================================
Received Import Request.
  Time since last request: 0.000075 seconds.
  path: Packages/com.unity.visualscripting/Editor/VisualScripting.State/Graph
  artifactKey: Guid(746d03c4ee4a14b2fa93ddb9d4718f6c) Importer(2089858483,b0f066a214c2f5e87bad3c948f4d605d)
Start importing Packages/com.unity.visualscripting/Editor/VisualScripting.State/Graph using Guid(746d03c4ee4a14b2fa93ddb9d4718f6c) Importer(2089858483,b0f066a214c2f5e87bad3c948f4d605d) (ScriptedImporter) -> (artifact id: '39b4ef6deb5cae6563abddf4daa4a28b') in 0.005165125 seconds
Number of updated asset objects reloaded before import = 0Number of asset objects unloaded after import = 1

========================================================================
Received Import Request.
  Time since last request: 0.000044 seconds.
  path: Packages/com.unity.collections/DocCodeSamples.Tests
  artifactKey: Guid(ed2c1c145cb193d4d8987d3886bc12b4) Importer(2089858483,b0f066a214c2f5e87bad3c948f4d605d)
Start importing Packages/com.unity.collections/DocCodeSamples.Tests using Guid(ed2c1c145cb193d4d8987d3886bc12b4) Importer(2089858483,b0f066a214c2f5e87bad3c948f4d605d) (ScriptedImporter) -> (artifact id: '50e99050e8a92d80641ec56cd79214af') in 0.002039584 seconds
Number of updated asset objects reloaded before import = 0Number of asset objects unloaded after import = 1

========================================================================
Received Import Request.
  Time since last request: 0.000063 seconds.
  path: Packages/com.unity.ugui/Editor/UGUI/Properties
  artifactKey: Guid(cf97e54bcd5479a46bdbade48da047cc) Importer(2089858483,b0f066a214c2f5e87bad3c948f4d605d)
Start importing Packages/com.unity.ugui/Editor/UGUI/Properties using Guid(cf97e54bcd5479a46bdbade48da047cc) Importer(2089858483,b0f066a214c2f5e87bad3c948f4d605d) (ScriptedImporter) -> (artifact id: 'd861fadb274f8b50d32cd20379cf76f7') in 0.002060334 seconds
Number of updated asset objects reloaded before import = 0Number of asset objects unloaded after import = 1

========================================================================
Received Import Request.
  Time since last request: 0.000051 seconds.
  path: Packages/com.unity.2d.animation/Editor/SkinningModule/WeightsGenerator
  artifactKey: Guid(121aed0acdd821748aac18e3bf80fc35) Importer(2089858483,b0f066a214c2f5e87bad3c948f4d605d)
Start importing Packages/com.unity.2d.animation/Editor/SkinningModule/WeightsGenerator using Guid(121aed0acdd821748aac18e3bf80fc35) Importer(2089858483,b0f066a214c2f5e87bad3c948f4d605d) (ScriptedImporter) -> (artifact id: '55784539d720f16e4c8be6471d33f9d6') in 0.002274208 seconds
Number of updated asset objects reloaded before import = 0Number of asset objects unloaded after import = 1

========================================================================
Received Import Request.
  Time since last request: 0.000063 seconds.
  path: Packages/com.unity.2d.tooling/Editor/Insider/SpriteAtlas/SpriteAtlasIssueReport/UIElement/CellLabelWithIcon
  artifactKey: Guid(e1ff2b6ab9d441b784e77c9864e4ed9f) Importer(2089858483,b0f066a214c2f5e87bad3c948f4d605d)
Start importing Packages/com.unity.2d.tooling/Editor/Insider/SpriteAtlas/SpriteAtlasIssueReport/UIElement/CellLabelWithIcon using Guid(e1ff2b6ab9d441b784e77c9864e4ed9f) Importer(2089858483,b0f066a214c2f5e87bad3c948f4d605d) (ScriptedImporter) -> (artifact id: '498beefb3fb57f34ed31e526a47f0b91') in 0.00246625 seconds
Number of updated asset objects reloaded before import = 0Number of asset objects unloaded after import = 1

========================================================================
Received Import Request.
  Time since last request: 0.000049 seconds.
  path: Packages/com.unity.visualscripting/Runtime/VisualScripting.State
  artifactKey: Guid(b6064ce6e0cab504f80ca789d8633263) Importer(2089858483,b0f066a214c2f5e87bad3c948f4d605d)
Start importing Packages/com.unity.visualscripting/Runtime/VisualScripting.State using Guid(b6064ce6e0cab504f80ca789d8633263) Importer(2089858483,b0f066a214c2f5e87bad3c948f4d605d) (ScriptedImporter) -> (artifact id: 'b4ebbabc113a50bfa27e39e7466cac04') in 0.002078041 seconds
Number of updated asset objects reloaded before import = 0Number of asset objects unloaded after import = 1

========================================================================
Received Import Request.
  Time since last request: 0.000057 seconds.
  path: Packages/com.unity.visualscripting/Runtime/VisualScripting.Flow
  artifactKey: Guid(e50f8b9234b76f74d82582452a467f57) Importer(2089858483,b0f066a214c2f5e87bad3c948f4d605d)
Start importing Packages/com.unity.visualscripting/Runtime/VisualScripting.Flow using Guid(e50f8b9234b76f74d82582452a467f57) Importer(2089858483,b0f066a214c2f5e87bad3c948f4d605d) (ScriptedImporter) -> (artifact id: '08dbfaae04551143aad5c5e990571fb2') in 0.002334083 seconds
Number of updated asset objects reloaded before import = 0Number of asset objects unloaded after import = 1

========================================================================
Received Import Request.
  Time since last request: 0.000065 seconds.
  path: Packages/com.unity.2d.animation/Editor/Assets/EditorIcons/Light
  artifactKey: Guid(1c661268b2d52ed4b8d5fd345bb014a0) Importer(2089858483,b0f066a214c2f5e87bad3c948f4d605d)
Start importing Packages/com.unity.2d.animation/Editor/Assets/EditorIcons/Light using Guid(1c661268b2d52ed4b8d5fd345bb014a0) Importer(2089858483,b0f066a214c2f5e87bad3c948f4d605d) (ScriptedImporter) -> (artifact id: '093dfaa9dbc5a499830416bdd69ecde4') in 0.002144625 seconds
Number of updated asset objects reloaded before import = 0Number of asset objects unloaded after import = 1

========================================================================
Received Import Request.
  Time since last request: 0.000055 seconds.
  path: Packages/com.unity.2d.animation/Editor/Assets
  artifactKey: Guid(4cdf803ccba4203428cf760a394d701f) Importer(2089858483,b0f066a214c2f5e87bad3c948f4d605d)
Start importing Packages/com.unity.2d.animation/Editor/Assets using Guid(4cdf803ccba4203428cf760a394d701f) Importer(2089858483,b0f066a214c2f5e87bad3c948f4d605d) (ScriptedImporter) -> (artifact id: '11aa51f62009f96f42e3a8043004b837') in 0.002159 seconds
Number of updated asset objects reloaded before import = 0Number of asset objects unloaded after import = 1

========================================================================
Received Import Request.
  Time since last request: 0.000063 seconds.
  path: Packages/com.unity.shadergraph/Editor/Drawing/Inspector/PropertyDrawers
  artifactKey: Guid(8488c4add4764941a2d903bf014329b9) Importer(2089858483,b0f066a214c2f5e87bad3c948f4d605d)
Start importing Packages/com.unity.shadergraph/Editor/Drawing/Inspector/PropertyDrawers using Guid(8488c4add4764941a2d903bf014329b9) Importer(2089858483,b0f066a214c2f5e87bad3c948f4d605d) (ScriptedImporter) -> (artifact id: '683ce0e32abca5723e6a015b0e8f55fe') in 0.002182583 seconds
Number of updated asset objects reloaded before import = 0Number of asset objects unloaded after import = 1

========================================================================
Received Import Request.
  Time since last request: 0.000056 seconds.
  path: Packages/com.unity.timeline/Editor/Items
  artifactKey: Guid(3a5038547af7c7f46bd90a015862e0b3) Importer(2089858483,b0f066a214c2f5e87bad3c948f4d605d)
Start importing Packages/com.unity.timeline/Editor/Items using Guid(3a5038547af7c7f46bd90a015862e0b3) Importer(2089858483,b0f066a214c2f5e87bad3c948f4d605d) (ScriptedImporter) -> (artifact id: '21582e48fa4b6963dbc52780e6100c1d') in 0.002231625 seconds
Number of updated asset objects reloaded before import = 0Number of asset objects unloaded after import = 1

========================================================================
Received Import Request.
  Time since last request: 0.000043 seconds.
  path: Packages/com.unity.timeline/Editor/Undo
  artifactKey: Guid(8b14bec2bf8aaba4cb3fa6ecd283dc65) Importer(2089858483,b0f066a214c2f5e87bad3c948f4d605d)
Start importing Packages/com.unity.timeline/Editor/Undo using Guid(8b14bec2bf8aaba4cb3fa6ecd283dc65) Importer(2089858483,b0f066a214c2f5e87bad3c948f4d605d) (ScriptedImporter) -> (artifact id: 'da7e978d900393ca2877d0378824a355') in 0.002225292 seconds
Number of updated asset objects reloaded before import = 0Number of asset objects unloaded after import = 1

========================================================================
Received Import Request.
  Time since last request: 0.000075 seconds.
  path: Packages/com.unity.2d.animation/Editor/SpriteLib/SpriteLibrarySourceAsset
  artifactKey: Guid(28310f24dad9e47eab113c1d68e8a734) Importer(2089858483,b0f066a214c2f5e87bad3c948f4d605d)
Start importing Packages/com.unity.2d.animation/Editor/SpriteLib/SpriteLibrarySourceAsset using Guid(28310f24dad9e47eab113c1d68e8a734) Importer(2089858483,b0f066a214c2f5e87bad3c948f4d605d) (ScriptedImporter) -> (artifact id: '1127ee34176c9d797b8be183c869b837') in 0.002104125 seconds
Number of updated asset objects reloaded before import = 0Number of asset objects unloaded after import = 1

========================================================================
Received Import Request.
  Time since last request: 0.000038 seconds.
  path: Packages/com.unity.shadergraph/Editor/Generation/Processors
  artifactKey: Guid(f4a2b3d2dd6f5468a8423947316be163) Importer(2089858483,b0f066a214c2f5e87bad3c948f4d605d)
Start importing Packages/com.unity.shadergraph/Editor/Generation/Processors using Guid(f4a2b3d2dd6f5468a8423947316be163) Importer(2089858483,b0f066a214c2f5e87bad3c948f4d605d) (ScriptedImporter) -> (artifact id: '903ae927120865c03b13aa0788f38701') in 0.002119166 seconds
Number of updated asset objects reloaded before import = 0Number of asset objects unloaded after import = 1

========================================================================
Received Import Request.
  Time since last request: 0.000068 seconds.
  path: Packages/com.unity.visualscripting/Runtime/VisualScripting.Flow/Framework/Events/Physics2D
  artifactKey: Guid(16e691f00ebfa4a6db763bf2e94ab07c) Importer(2089858483,b0f066a214c2f5e87bad3c948f4d605d)
Start importing Packages/com.unity.visualscripting/Runtime/VisualScripting.Flow/Framework/Events/Physics2D using Guid(16e691f00ebfa4a6db763bf2e94ab07c) Importer(2089858483,b0f066a214c2f5e87bad3c948f4d605d) (ScriptedImporter) -> (artifact id: '2c3edb3b5618058ab3c2a7383534c587') in 0.002139708 seconds
Number of updated asset objects reloaded before import = 0Number of asset objects unloaded after import = 1

========================================================================
Received Import Request.
  Time since last request: 0.000061 seconds.
  path: Packages/com.unity.render-pipelines.universal/Runtime/2D/Passes/Utility
  artifactKey: Guid(f895f2b1dbb2da84e82eedb22e2620f7) Importer(2089858483,b0f066a214c2f5e87bad3c948f4d605d)
Start importing Packages/com.unity.render-pipelines.universal/Runtime/2D/Passes/Utility using Guid(f895f2b1dbb2da84e82eedb22e2620f7) Importer(2089858483,b0f066a214c2f5e87bad3c948f4d605d) (ScriptedImporter) -> (artifact id: '7c51a0fed542130f7babd378791d82f8') in 0.002161917 seconds
Number of updated asset objects reloaded before import = 0Number of asset objects unloaded after import = 1

========================================================================
Received Import Request.
  Time since last request: 0.000056 seconds.
  path: Packages/com.unity.render-pipelines.universal/Editor/AssetPostProcessors
  artifactKey: Guid(80a17677e8c9b3040a01d400cf19819f) Importer(2089858483,b0f066a214c2f5e87bad3c948f4d605d)
Start importing Packages/com.unity.render-pipelines.universal/Editor/AssetPostProcessors using Guid(80a17677e8c9b3040a01d400cf19819f) Importer(2089858483,b0f066a214c2f5e87bad3c948f4d605d) (ScriptedImporter) -> (artifact id: '8ba01793de86d66831878f12bbf47eb4') in 0.002241083 seconds
Number of updated asset objects reloaded before import = 0Number of asset objects unloaded after import = 1

========================================================================
Received Import Request.
  Time since last request: 0.000069 seconds.
  path: Packages/com.unity.collab-proxy/Editor/Diff/Asset/Content/UnityObject
  artifactKey: Guid(17560f2306bb24c3f829b2c849fdf839) Importer(2089858483,b0f066a214c2f5e87bad3c948f4d605d)
Start importing Packages/com.unity.collab-proxy/Editor/Diff/Asset/Content/UnityObject using Guid(17560f2306bb24c3f829b2c849fdf839) Importer(2089858483,b0f066a214c2f5e87bad3c948f4d605d) (ScriptedImporter) -> (artifact id: '671bd2be401d9f0e641ac627826561ec') in 0.002411583 seconds
Number of updated asset objects reloaded before import = 0Number of asset objects unloaded after import = 1

========================================================================
Received Import Request.
  Time since last request: 0.000059 seconds.
  path: Packages/com.unity.render-pipelines.universal/Editor/2D/Converter
  artifactKey: Guid(5361c774211d0234c94d0161651a5407) Importer(2089858483,b0f066a214c2f5e87bad3c948f4d605d)
Start importing Packages/com.unity.render-pipelines.universal/Editor/2D/Converter using Guid(5361c774211d0234c94d0161651a5407) Importer(2089858483,b0f066a214c2f5e87bad3c948f4d605d) (ScriptedImporter) -> (artifact id: '33d9db64f3daef219d955e3344555937') in 0.002181833 seconds
Number of updated asset objects reloaded before import = 0Number of asset objects unloaded after import = 1

========================================================================
Received Import Request.
  Time since last request: 0.000073 seconds.
  path: Packages/com.unity.visualscripting/Runtime/VisualScripting.Flow/Framework/Events/Input/InputSystem
  artifactKey: Guid(8555723f31a24db88a1447dd8bc38295) Importer(2089858483,b0f066a214c2f5e87bad3c948f4d605d)
Start importing Packages/com.unity.visualscripting/Runtime/VisualScripting.Flow/Framework/Events/Input/InputSystem using Guid(8555723f31a24db88a1447dd8bc38295) Importer(2089858483,b0f066a214c2f5e87bad3c948f4d605d) (ScriptedImporter) -> (artifact id: '875ccdc6a7d1d2faf0b4b13dde58fb52') in 0.002249667 seconds
Number of updated asset objects reloaded before import = 0Number of asset objects unloaded after import = 1

========================================================================
Received Import Request.
  Time since last request: 0.000044 seconds.
  path: Packages/com.unity.render-pipelines.core/Editor/Tools/MaterialUpgrader
  artifactKey: Guid(50a860756cfb850468867cc0b3e55a5a) Importer(2089858483,b0f066a214c2f5e87bad3c948f4d605d)
Start importing Packages/com.unity.render-pipelines.core/Editor/Tools/MaterialUpgrader using Guid(50a860756cfb850468867cc0b3e55a5a) Importer(2089858483,b0f066a214c2f5e87bad3c948f4d605d) (ScriptedImporter) -> (artifact id: 'c93ebef094b158b071c949c734054e68') in 0.002344708 seconds
Number of updated asset objects reloaded before import = 0Number of asset objects unloaded after import = 1

========================================================================
Received Import Request.
  Time since last request: 0.000065 seconds.
  path: Packages/com.unity.visualscripting/Runtime/VisualScripting.Core/Dependencies
  artifactKey: Guid(f3750d38b6e2f410894efd787f3a2c4e) Importer(2089858483,b0f066a214c2f5e87bad3c948f4d605d)
Start importing Packages/com.unity.visualscripting/Runtime/VisualScripting.Core/Dependencies using Guid(f3750d38b6e2f410894efd787f3a2c4e) Importer(2089858483,b0f066a214c2f5e87bad3c948f4d605d) (ScriptedImporter) -> (artifact id: '55975730c0739dc14ad1b012cb84797c') in 0.002268125 seconds
Number of updated asset objects reloaded before import = 0Number of asset objects unloaded after import = 1

========================================================================
Received Import Request.
  Time since last request: 0.000036 seconds.
  path: Packages/com.unity.2d.tilemap.extras
  artifactKey: Guid(fbf20effa4a71d34983417b2d3b6fa7f) Importer(2089858483,b0f066a214c2f5e87bad3c948f4d605d)
Start importing Packages/com.unity.2d.tilemap.extras using Guid(fbf20effa4a71d34983417b2d3b6fa7f) Importer(2089858483,b0f066a214c2f5e87bad3c948f4d605d) (ScriptedImporter) -> (artifact id: '04bf2e6359d4e56bd1c447c0c02927ae') in 0.00211475 seconds
Number of updated asset objects reloaded before import = 0Number of asset objects unloaded after import = 1

========================================================================
Received Import Request.
  Time since last request: 0.000039 seconds.
  path: Packages/com.unity.render-pipelines.universal/Editor/VFXGraph/Shaders/Templates
  artifactKey: Guid(ce87f332afb5ca24ca5486d4bf5caa15) Importer(2089858483,b0f066a214c2f5e87bad3c948f4d605d)
Start importing Packages/com.unity.render-pipelines.universal/Editor/VFXGraph/Shaders/Templates using Guid(ce87f332afb5ca24ca5486d4bf5caa15) Importer(2089858483,b0f066a214c2f5e87bad3c948f4d605d) (ScriptedImporter) -> (artifact id: 'f36f4d4bf4468ef44b9fe59e57d2f2a3') in 0.002049125 seconds
Number of updated asset objects reloaded before import = 0Number of asset objects unloaded after import = 1

========================================================================
Received Import Request.
  Time since last request: 0.000058 seconds.
  path: Packages/com.unity.render-pipelines.core/Editor/Utilities
  artifactKey: Guid(0fadbd5093ea0234aa59965fd9d77815) Importer(2089858483,b0f066a214c2f5e87bad3c948f4d605d)
Start importing Packages/com.unity.render-pipelines.core/Editor/Utilities using Guid(0fadbd5093ea0234aa59965fd9d77815) Importer(2089858483,b0f066a214c2f5e87bad3c948f4d605d) (ScriptedImporter) -> (artifact id: '3094cb9d22f5d720675eae2062021668') in 0.002321417 seconds
Number of updated asset objects reloaded before import = 0Number of asset objects unloaded after import = 1

========================================================================
Received Import Request.
  Time since last request: 0.000065 seconds.
  path: Packages/com.unity.visualscripting/Editor/VisualScripting.Core/Widgets/Nodes
  artifactKey: Guid(8c8b5a1b6b06541849101ec598e0d2dd) Importer(2089858483,b0f066a214c2f5e87bad3c948f4d605d)
Start importing Packages/com.unity.visualscripting/Editor/VisualScripting.Core/Widgets/Nodes using Guid(8c8b5a1b6b06541849101ec598e0d2dd) Importer(2089858483,b0f066a214c2f5e87bad3c948f4d605d) (ScriptedImporter) -> (artifact id: '461932911db3ea4a80be0bbabff671cf') in 0.003427792 seconds
Number of updated asset objects reloaded before import = 0Number of asset objects unloaded after import = 1

========================================================================
Received Import Request.
  Time since last request: 0.000055 seconds.
  path: Packages/com.unity.collab-proxy/Editor/WebApi
  artifactKey: Guid(73d911d9a41870c47a8442b59375b4c6) Importer(2089858483,b0f066a214c2f5e87bad3c948f4d605d)
Start importing Packages/com.unity.collab-proxy/Editor/WebApi using Guid(73d911d9a41870c47a8442b59375b4c6) Importer(2089858483,b0f066a214c2f5e87bad3c948f4d605d) (ScriptedImporter) -> (artifact id: '6f77bbeed9396cc92a8cbde8fcaa6715') in 0.0021895 seconds
Number of updated asset objects reloaded before import = 0Number of asset objects unloaded after import = 1

========================================================================
Received Import Request.
  Time since last request: 0.000044 seconds.
  path: Packages/com.unity.render-pipelines.core/Runtime/ShaderLibrary
  artifactKey: Guid(f259e8e6a245f82429441223b86481b7) Importer(2089858483,b0f066a214c2f5e87bad3c948f4d605d)
Start importing Packages/com.unity.render-pipelines.core/Runtime/ShaderLibrary using Guid(f259e8e6a245f82429441223b86481b7) Importer(2089858483,b0f066a214c2f5e87bad3c948f4d605d) (ScriptedImporter) -> (artifact id: '7699af791a1b1a4bbac5fc53be3cd719') in 0.002129208 seconds
Number of updated asset objects reloaded before import = 0Number of asset objects unloaded after import = 1

========================================================================
Received Import Request.
  Time since last request: 0.000044 seconds.
  path: Packages/com.unity.ugui/Tests/Runtime/UGUI/Toggle
  artifactKey: Guid(e210c8bf2e9c6514d90a1bd77586af1f) Importer(2089858483,b0f066a214c2f5e87bad3c948f4d605d)
Start importing Packages/com.unity.ugui/Tests/Runtime/UGUI/Toggle using Guid(e210c8bf2e9c6514d90a1bd77586af1f) Importer(2089858483,b0f066a214c2f5e87bad3c948f4d605d) (ScriptedImporter) -> (artifact id: 'f37c5bae3985ae10c4bf78b9da6a3b35') in 0.002257625 seconds
Number of updated asset objects reloaded before import = 0Number of asset objects unloaded after import = 1

========================================================================
Received Import Request.
  Time since last request: 0.000044 seconds.
  path: Packages/com.unity.ugui/Runtime/UGUI/UI/Core/SpecializedCollections
  artifactKey: Guid(f8ed4321a98682942b9980996131cf26) Importer(2089858483,b0f066a214c2f5e87bad3c948f4d605d)
Start importing Packages/com.unity.ugui/Runtime/UGUI/UI/Core/SpecializedCollections using Guid(f8ed4321a98682942b9980996131cf26) Importer(2089858483,b0f066a214c2f5e87bad3c948f4d605d) (ScriptedImporter) -> (artifact id: '8565ea6517f61dfb4ed0cd649be8332d') in 0.002097625 seconds
Number of updated asset objects reloaded before import = 0Number of asset objects unloaded after import = 1

========================================================================
Received Import Request.
  Time since last request: 0.000052 seconds.
  path: Packages/com.unity.visualscripting/Editor/SettingsProvider
  artifactKey: Guid(3dfa3c8fac2134fdda65f882f5a1a014) Importer(2089858483,b0f066a214c2f5e87bad3c948f4d605d)
Start importing Packages/com.unity.visualscripting/Editor/SettingsProvider using Guid(3dfa3c8fac2134fdda65f882f5a1a014) Importer(2089858483,b0f066a214c2f5e87bad3c948f4d605d) (ScriptedImporter) -> (artifact id: '4ef2965fed0ef6b6452c7cbc978f28a7') in 0.002190375 seconds
Number of updated asset objects reloaded before import = 0Number of asset objects unloaded after import = 1

========================================================================
Received Import Request.
  Time since last request: 0.000036 seconds.
  path: Packages/com.unity.shadergraph/Editor/Drawing/ViewModels
  artifactKey: Guid(4d7c3af94488c9f43bf33aa63a59b2d1) Importer(2089858483,b0f066a214c2f5e87bad3c948f4d605d)
Start importing Packages/com.unity.shadergraph/Editor/Drawing/ViewModels using Guid(4d7c3af94488c9f43bf33aa63a59b2d1) Importer(2089858483,b0f066a214c2f5e87bad3c948f4d605d) (ScriptedImporter) -> (artifact id: 'ceba6d6cff72e8ec77c6c929d960606c') in 0.002053333 seconds
Number of updated asset objects reloaded before import = 0Number of asset objects unloaded after import = 1

========================================================================
Received Import Request.
  Time since last request: 0.000044 seconds.
  path: Packages/com.unity.render-pipelines.universal/Runtime/History
  artifactKey: Guid(7fa8531ba890645b5ada88ae8af5f77a) Importer(2089858483,b0f066a214c2f5e87bad3c948f4d605d)
Start importing Packages/com.unity.render-pipelines.universal/Runtime/History using Guid(7fa8531ba890645b5ada88ae8af5f77a) Importer(2089858483,b0f066a214c2f5e87bad3c948f4d605d) (ScriptedImporter) -> (artifact id: 'a2f924d6e94a6fa305efb80473f86a4f') in 0.002194792 seconds
Number of updated asset objects reloaded before import = 0Number of asset objects unloaded after import = 1

========================================================================
Received Import Request.
  Time since last request: 0.000050 seconds.
  path: Packages/com.unity.render-pipelines.core/Tests/Editor/Utilities
  artifactKey: Guid(fba05ad04ca734045bd6708fb9c77773) Importer(2089858483,b0f066a214c2f5e87bad3c948f4d605d)
Start importing Packages/com.unity.render-pipelines.core/Tests/Editor/Utilities using Guid(fba05ad04ca734045bd6708fb9c77773) Importer(2089858483,b0f066a214c2f5e87bad3c948f4d605d) (ScriptedImporter) -> (artifact id: '85e68f4a22ccc72bb3ebcf90ca64a30f') in 0.002166 seconds
Number of updated asset objects reloaded before import = 0Number of asset objects unloaded after import = 1

========================================================================
Received Import Request.
  Time since last request: 0.000084 seconds.
  path: Packages/com.unity.2d.animation/Editor/Assets/ComponentIcons
  artifactKey: Guid(f58d83d2792f0450fb7aec0238f4a067) Importer(2089858483,b0f066a214c2f5e87bad3c948f4d605d)
Start importing Packages/com.unity.2d.animation/Editor/Assets/ComponentIcons using Guid(f58d83d2792f0450fb7aec0238f4a067) Importer(2089858483,b0f066a214c2f5e87bad3c948f4d605d) (ScriptedImporter) -> (artifact id: '8e894ea455fc6c01142b1e37afbf76ff') in 0.002232042 seconds
Number of updated asset objects reloaded before import = 0Number of asset objects unloaded after import = 1

========================================================================
Received Import Request.
  Time since last request: 0.000050 seconds.
  path: Packages/com.unity.inputsystem/InputSystem/Editor/Icons
  artifactKey: Guid(4dc89088b67654c86810b41295276666) Importer(2089858483,b0f066a214c2f5e87bad3c948f4d605d)
Start importing Packages/com.unity.inputsystem/InputSystem/Editor/Icons using Guid(4dc89088b67654c86810b41295276666) Importer(2089858483,b0f066a214c2f5e87bad3c948f4d605d) (ScriptedImporter) -> (artifact id: 'c8d01133d63ed34f5f12c86af22247ae') in 0.002029875 seconds
Number of updated asset objects reloaded before import = 0Number of asset objects unloaded after import = 1

========================================================================
Received Import Request.
  Time since last request: 0.000049 seconds.
  path: Packages/com.unity.visualscripting/Editor/VisualScripting.Flow/Framework/Time
  artifactKey: Guid(1dc330b52fbf34ea0aea313001203712) Importer(2089858483,b0f066a214c2f5e87bad3c948f4d605d)
Start importing Packages/com.unity.visualscripting/Editor/VisualScripting.Flow/Framework/Time using Guid(1dc330b52fbf34ea0aea313001203712) Importer(2089858483,b0f066a214c2f5e87bad3c948f4d605d) (ScriptedImporter) -> (artifact id: '5527d97fba7eeb5a8f33da6809ada3b4') in 0.002062375 seconds
Number of updated asset objects reloaded before import = 0Number of asset objects unloaded after import = 1

========================================================================
Received Import Request.
  Time since last request: 0.000082 seconds.
  path: Packages/com.unity.collab-proxy/Editor/Inspector/Properties/Branch
  artifactKey: Guid(06657c386ba945c2a6e83c5e1d0f04d4) Importer(2089858483,b0f066a214c2f5e87bad3c948f4d605d)
Start importing Packages/com.unity.collab-proxy/Editor/Inspector/Properties/Branch using Guid(06657c386ba945c2a6e83c5e1d0f04d4) Importer(2089858483,b0f066a214c2f5e87bad3c948f4d605d) (ScriptedImporter) -> (artifact id: '23d7eb1c410fad6069c7245fa127ef55') in 0.002367208 seconds
Number of updated asset objects reloaded before import = 0Number of asset objects unloaded after import = 1

========================================================================
Received Import Request.
  Time since last request: 0.000077 seconds.
  path: Packages/com.unity.render-pipelines.core/Editor/UXML
  artifactKey: Guid(a05d5395a414809438a369bcd59aa8d0) Importer(2089858483,b0f066a214c2f5e87bad3c948f4d605d)
Start importing Packages/com.unity.render-pipelines.core/Editor/UXML using Guid(a05d5395a414809438a369bcd59aa8d0) Importer(2089858483,b0f066a214c2f5e87bad3c948f4d605d) (ScriptedImporter) -> (artifact id: '4b322c21f7e5208494231bfed9cfb596') in 0.002286125 seconds
Number of updated asset objects reloaded before import = 0Number of asset objects unloaded after import = 1

========================================================================
Received Import Request.
  Time since last request: 0.000064 seconds.
  path: Packages/com.unity.visualscripting/Runtime/VisualScripting.Flow/EditorBinding
  artifactKey: Guid(0f417b240b9ac4d80a5526339bbe758a) Importer(2089858483,b0f066a214c2f5e87bad3c948f4d605d)
Start importing Packages/com.unity.visualscripting/Runtime/VisualScripting.Flow/EditorBinding using Guid(0f417b240b9ac4d80a5526339bbe758a) Importer(2089858483,b0f066a214c2f5e87bad3c948f4d605d) (ScriptedImporter) -> (artifact id: 'b1e0e17b04373a80fe0551740ee91f9a') in 0.002244708 seconds
Number of updated asset objects reloaded before import = 0Number of asset objects unloaded after import = 1

========================================================================
Received Import Request.
  Time since last request: 0.000034 seconds.
  path: Packages/com.unity.visualscripting/Runtime/VisualScripting.Flow/Framework/Math
  artifactKey: Guid(41957047a02b44a9c9c682cb05c813d6) Importer(2089858483,b0f066a214c2f5e87bad3c948f4d605d)
Start importing Packages/com.unity.visualscripting/Runtime/VisualScripting.Flow/Framework/Math using Guid(41957047a02b44a9c9c682cb05c813d6) Importer(2089858483,b0f066a214c2f5e87bad3c948f4d605d) (ScriptedImporter) -> (artifact id: '4f2a50760053da2eaff9e244068e3066') in 0.002087708 seconds
Number of updated asset objects reloaded before import = 0Number of asset objects unloaded after import = 1

========================================================================
Received Import Request.
  Time since last request: 0.000052 seconds.
  path: Packages/com.unity.inputsystem/InputSystem/Editor/Actions
  artifactKey: Guid(bcff3f2833bb241549d7b4be7dddc1de) Importer(2089858483,b0f066a214c2f5e87bad3c948f4d605d)
Start importing Packages/com.unity.inputsystem/InputSystem/Editor/Actions using Guid(bcff3f2833bb241549d7b4be7dddc1de) Importer(2089858483,b0f066a214c2f5e87bad3c948f4d605d) (ScriptedImporter) -> (artifact id: '1d5e78a309e902182fd069668c25b7cd') in 0.0022165 seconds
Number of updated asset objects reloaded before import = 0Number of asset objects unloaded after import = 1

========================================================================
Received Import Request.
  Time since last request: 0.000084 seconds.
  path: Packages/com.unity.inputsystem/InputSystem/Editor/Plugins/OnScreen
  artifactKey: Guid(f027141a193544959a71baea4a57d3f7) Importer(2089858483,b0f066a214c2f5e87bad3c948f4d605d)
Start importing Packages/com.unity.inputsystem/InputSystem/Editor/Plugins/OnScreen using Guid(f027141a193544959a71baea4a57d3f7) Importer(2089858483,b0f066a214c2f5e87bad3c948f4d605d) (ScriptedImporter) -> (artifact id: '9c8496283ea70e4a9b2949fb4409f22c') in 0.0020995 seconds
Number of updated asset objects reloaded before import = 0Number of asset objects unloaded after import = 1

========================================================================
Received Import Request.
  Time since last request: 0.000055 seconds.
  path: Packages/com.unity.render-pipelines.universal/Runtime/2D/RendererFeatures
  artifactKey: Guid(6410ec30b9d85cf40b53826342e69ac4) Importer(2089858483,b0f066a214c2f5e87bad3c948f4d605d)
Start importing Packages/com.unity.render-pipelines.universal/Runtime/2D/RendererFeatures using Guid(6410ec30b9d85cf40b53826342e69ac4) Importer(2089858483,b0f066a214c2f5e87bad3c948f4d605d) (ScriptedImporter) -> (artifact id: 'cd73b83cc5f35054404c9246307a1bac') in 0.00205125 seconds
Number of updated asset objects reloaded before import = 0Number of asset objects unloaded after import = 1

========================================================================
Received Import Request.
  Time since last request: 0.000061 seconds.
  path: Packages/com.unity.collab-proxy/Editor/CloudDrive/Workspaces/DirectoryContent
  artifactKey: Guid(158cb24897c04303a383697ef5349bc9) Importer(2089858483,b0f066a214c2f5e87bad3c948f4d605d)
Start importing Packages/com.unity.collab-proxy/Editor/CloudDrive/Workspaces/DirectoryContent using Guid(158cb24897c04303a383697ef5349bc9) Importer(2089858483,b0f066a214c2f5e87bad3c948f4d605d) (ScriptedImporter) -> (artifact id: '680017d28d603d4b46a94ea6f37e925a') in 0.002058791 seconds
Number of updated asset objects reloaded before import = 0Number of asset objects unloaded after import = 1

========================================================================
Received Import Request.
  Time since last request: 0.000053 seconds.
  path: Packages/com.unity.2d.animation/Runtime/SpriteLib
  artifactKey: Guid(6097af7ac26e2c44db9c7c46b94f4f4f) Importer(2089858483,b0f066a214c2f5e87bad3c948f4d605d)
Start importing Packages/com.unity.2d.animation/Runtime/SpriteLib using Guid(6097af7ac26e2c44db9c7c46b94f4f4f) Importer(2089858483,b0f066a214c2f5e87bad3c948f4d605d) (ScriptedImporter) -> (artifact id: '0a280a1ebbcb3d350597a05dc1483777') in 0.002021333 seconds
Number of updated asset objects reloaded before import = 0Number of asset objects unloaded after import = 1

========================================================================
Received Import Request.
  Time since last request: 0.000064 seconds.
  path: Packages/com.unity.test-framework/UnityEditor.TestRunner/NUnitExtension/Attributes
  artifactKey: Guid(96c503bf059df984c86eecf572370347) Importer(2089858483,b0f066a214c2f5e87bad3c948f4d605d)
Start importing Packages/com.unity.test-framework/UnityEditor.TestRunner/NUnitExtension/Attributes using Guid(96c503bf059df984c86eecf572370347) Importer(2089858483,b0f066a214c2f5e87bad3c948f4d605d) (ScriptedImporter) -> (artifact id: 'e0069707106ac95c400021b00e906257') in 0.002057625 seconds
Number of updated asset objects reloaded before import = 0Number of asset objects unloaded after import = 1

========================================================================
Received Import Request.
  Time since last request: 0.000059 seconds.
  path: Packages/com.unity.test-framework.performance/Runtime/Statistics
  artifactKey: Guid(18966f2a7fc5d4073a425a1a3d564494) Importer(2089858483,b0f066a214c2f5e87bad3c948f4d605d)
Start importing Packages/com.unity.test-framework.performance/Runtime/Statistics using Guid(18966f2a7fc5d4073a425a1a3d564494) Importer(2089858483,b0f066a214c2f5e87bad3c948f4d605d) (ScriptedImporter) -> (artifact id: '62859d8d03b84824d697f96737dd951e') in 0.001949583 seconds
Number of updated asset objects reloaded before import = 0Number of asset objects unloaded after import = 1

========================================================================
Received Import Request.
  Time since last request: 0.000056 seconds.
  path: Packages/com.unity.visualscripting/Runtime/VisualScripting.Flow/Framework/Events/Time
  artifactKey: Guid(b83b0271b4a104a5b8fd124115e1b15f) Importer(2089858483,b0f066a214c2f5e87bad3c948f4d605d)
Start importing Packages/com.unity.visualscripting/Runtime/VisualScripting.Flow/Framework/Events/Time using Guid(b83b0271b4a104a5b8fd124115e1b15f) Importer(2089858483,b0f066a214c2f5e87bad3c948f4d605d) (ScriptedImporter) -> (artifact id: '35d6b491ca14a05cd802fa5526f6d679') in 0.001963875 seconds
Number of updated asset objects reloaded before import = 0Number of asset objects unloaded after import = 1

========================================================================
Received Import Request.
  Time since last request: 0.000065 seconds.
  path: Packages/com.unity.ugui/Tests/Runtime/UGUI/ScrollBar
  artifactKey: Guid(43b1467da3d29ae4597a733828cdd84a) Importer(2089858483,b0f066a214c2f5e87bad3c948f4d605d)
Start importing Packages/com.unity.ugui/Tests/Runtime/UGUI/ScrollBar using Guid(43b1467da3d29ae4597a733828cdd84a) Importer(2089858483,b0f066a214c2f5e87bad3c948f4d605d) (ScriptedImporter) -> (artifact id: '3b002bb9e3641df56b80d1ed9dafe379') in 0.002010291 seconds
Number of updated asset objects reloaded before import = 0Number of asset objects unloaded after import = 1

========================================================================
Received Import Request.
  Time since last request: 0.000061 seconds.
  path: Packages/com.unity.render-pipelines.core/Editor/Lighting/Icons/LightUnitIcons
  artifactKey: Guid(f7397e6cb98a9fe449a00fd3a1175bdc) Importer(2089858483,b0f066a214c2f5e87bad3c948f4d605d)
Start importing Packages/com.unity.render-pipelines.core/Editor/Lighting/Icons/LightUnitIcons using Guid(f7397e6cb98a9fe449a00fd3a1175bdc) Importer(2089858483,b0f066a214c2f5e87bad3c948f4d605d) (ScriptedImporter) -> (artifact id: '51e67ee165351f03789b082cd9b6a2e4') in 0.002186958 seconds
Number of updated asset objects reloaded before import = 0Number of asset objects unloaded after import = 1

========================================================================
Received Import Request.
  Time since last request: 0.000060 seconds.
  path: Packages/com.unity.visualscripting/Runtime/VisualScripting.Flow/Framework/Variables/Obsolete
  artifactKey: Guid(5acd3137a2b37451dad7253dd8c60d0d) Importer(2089858483,b0f066a214c2f5e87bad3c948f4d605d)
Start importing Packages/com.unity.visualscripting/Runtime/VisualScripting.Flow/Framework/Variables/Obsolete using Guid(5acd3137a2b37451dad7253dd8c60d0d) Importer(2089858483,b0f066a214c2f5e87bad3c948f4d605d) (ScriptedImporter) -> (artifact id: '8dcac4a52f1f222709c6f278bdeec25b') in 0.002161917 seconds
Number of updated asset objects reloaded before import = 0Number of asset objects unloaded after import = 1

========================================================================
Received Import Request.
  Time since last request: 0.000050 seconds.
  path: Packages/com.unity.render-pipelines.universal/Textures/SMAA
  artifactKey: Guid(8175402ae6bf2a84f929602544c44007) Importer(2089858483,b0f066a214c2f5e87bad3c948f4d605d)
Start importing Packages/com.unity.render-pipelines.universal/Textures/SMAA using Guid(8175402ae6bf2a84f929602544c44007) Importer(2089858483,b0f066a214c2f5e87bad3c948f4d605d) (ScriptedImporter) -> (artifact id: 'ea75c464c1a279a0e0ca10abfa3b7fe4') in 0.002039917 seconds
Number of updated asset objects reloaded before import = 0Number of asset objects unloaded after import = 1

========================================================================
Received Import Request.
  Time since last request: 0.000047 seconds.
  path: Packages/com.unity.timeline/Editor/treeview/Drawers
  artifactKey: Guid(d40a0edbdcdcf9747a420f3bbe0f18db) Importer(2089858483,b0f066a214c2f5e87bad3c948f4d605d)
Start importing Packages/com.unity.timeline/Editor/treeview/Drawers using Guid(d40a0edbdcdcf9747a420f3bbe0f18db) Importer(2089858483,b0f066a214c2f5e87bad3c948f4d605d) (ScriptedImporter) -> (artifact id: '91468603bbc5c428a1dce5ea94445951') in 0.002187083 seconds
Number of updated asset objects reloaded before import = 0Number of asset objects unloaded after import = 1

========================================================================
Received Import Request.
  Time since last request: 0.000068 seconds.
  path: Packages/com.unity.collections/Unity.Collections.BurstCompatibilityGen
  artifactKey: Guid(00a9bcd29d03e5043aad0c9a7e6185f3) Importer(2089858483,b0f066a214c2f5e87bad3c948f4d605d)
Start importing Packages/com.unity.collections/Unity.Collections.BurstCompatibilityGen using Guid(00a9bcd29d03e5043aad0c9a7e6185f3) Importer(2089858483,b0f066a214c2f5e87bad3c948f4d605d) (ScriptedImporter) -> (artifact id: '3483878ca9c11fe2c0e4fd951ede534a') in 0.002638875 seconds
Number of updated asset objects reloaded before import = 0Number of asset objects unloaded after import = 1

========================================================================
Received Import Request.
  Time since last request: 0.000068 seconds.
  path: Packages/com.unity.visualscripting/Editor/VisualScripting.Core/Windows/ConfigurationPanel
  artifactKey: Guid(c26b211e65e2e45efa3c037960d9c802) Importer(2089858483,b0f066a214c2f5e87bad3c948f4d605d)
Start importing Packages/com.unity.visualscripting/Editor/VisualScripting.Core/Windows/ConfigurationPanel using Guid(c26b211e65e2e45efa3c037960d9c802) Importer(2089858483,b0f066a214c2f5e87bad3c948f4d605d) (ScriptedImporter) -> (artifact id: 'd984034009dbadc8f41ae10a90f8ad25') in 0.00204475 seconds
Number of updated asset objects reloaded before import = 0Number of asset objects unloaded after import = 1

========================================================================
Received Import Request.
  Time since last request: 0.000048 seconds.
  path: Packages/com.unity.render-pipelines.universal/Editor/VFXGraph/Shaders/Templates/URPDecal
  artifactKey: Guid(e81d9b0cdeff465cb187f5a9bb544aa5) Importer(2089858483,b0f066a214c2f5e87bad3c948f4d605d)
Start importing Packages/com.unity.render-pipelines.universal/Editor/VFXGraph/Shaders/Templates/URPDecal using Guid(e81d9b0cdeff465cb187f5a9bb544aa5) Importer(2089858483,b0f066a214c2f5e87bad3c948f4d605d) (ScriptedImporter) -> (artifact id: '719b04464c21948b591ebd2799aa94ba') in 0.002639333 seconds
Number of updated asset objects reloaded before import = 0Number of asset objects unloaded after import = 1

========================================================================
Received Import Request.
  Time since last request: 0.000059 seconds.
  path: Packages/com.unity.inputsystem/InputSystem/Editor
  artifactKey: Guid(0b7bda0ba8124480691d0d615a642b91) Importer(2089858483,b0f066a214c2f5e87bad3c948f4d605d)
Start importing Packages/com.unity.inputsystem/InputSystem/Editor using Guid(0b7bda0ba8124480691d0d615a642b91) Importer(2089858483,b0f066a214c2f5e87bad3c948f4d605d) (ScriptedImporter) -> (artifact id: 'e4842bfdc327e84ca650edd337f91862') in 0.002028084 seconds
Number of updated asset objects reloaded before import = 0Number of asset objects unloaded after import = 1

========================================================================
Received Import Request.
  Time since last request: 0.000052 seconds.
  path: Packages/com.unity.visualscripting/Runtime/VisualScripting.Core/Properties
  artifactKey: Guid(d9cbf5a87cf7248719001a42c12f5c92) Importer(2089858483,b0f066a214c2f5e87bad3c948f4d605d)
Start importing Packages/com.unity.visualscripting/Runtime/VisualScripting.Core/Properties using Guid(d9cbf5a87cf7248719001a42c12f5c92) Importer(2089858483,b0f066a214c2f5e87bad3c948f4d605d) (ScriptedImporter) -> (artifact id: '73357a71b0522d535b3944246beb3c50') in 0.001961541 seconds
Number of updated asset objects reloaded before import = 0Number of asset objects unloaded after import = 1

========================================================================
Received Import Request.
  Time since last request: 0.000050 seconds.
  path: Packages/com.unity.shadergraph/Editor/Drawing/Colors
  artifactKey: Guid(9ff4538fd9b634ffd8b591bd96663d06) Importer(2089858483,b0f066a214c2f5e87bad3c948f4d605d)
Start importing Packages/com.unity.shadergraph/Editor/Drawing/Colors using Guid(9ff4538fd9b634ffd8b591bd96663d06) Importer(2089858483,b0f066a214c2f5e87bad3c948f4d605d) (ScriptedImporter) -> (artifact id: '9767c7e58a6cb6a19eee88cbc615ecf0') in 0.002014542 seconds
Number of updated asset objects reloaded before import = 0Number of asset objects unloaded after import = 1

========================================================================
Received Import Request.
  Time since last request: 0.000068 seconds.
  path: Packages/com.unity.2d.aseprite/Editor/Assets
  artifactKey: Guid(01745091f645048bc95f51e4fd4f2ba4) Importer(2089858483,b0f066a214c2f5e87bad3c948f4d605d)
Start importing Packages/com.unity.2d.aseprite/Editor/Assets using Guid(01745091f645048bc95f51e4fd4f2ba4) Importer(2089858483,b0f066a214c2f5e87bad3c948f4d605d) (ScriptedImporter) -> (artifact id: '8202571a0f678c6f8600886e7ac0037e') in 0.002652583 seconds
Number of updated asset objects reloaded before import = 0Number of asset objects unloaded after import = 1

========================================================================
Received Import Request.
  Time since last request: 0.000053 seconds.
  path: Packages/com.unity.ugui/Editor Resources/Textures
  artifactKey: Guid(f8e6a2d47aba4c6c9b3c5a72d9f48da5) Importer(2089858483,b0f066a214c2f5e87bad3c948f4d605d)
Start importing Packages/com.unity.ugui/Editor Resources/Textures using Guid(f8e6a2d47aba4c6c9b3c5a72d9f48da5) Importer(2089858483,b0f066a214c2f5e87bad3c948f4d605d) (ScriptedImporter) -> (artifact id: '6b8ab46dbddd8263b38e67c81bc3bc85') in 0.002109167 seconds
Number of updated asset objects reloaded before import = 0Number of asset objects unloaded after import = 1

========================================================================
Received Import Request.
  Time since last request: 0.000055 seconds.
  path: Packages/com.unity.render-pipelines.core/Runtime/Debugging/Prefabs/Scripts
  artifactKey: Guid(9383aa19796d6e84e8031655b9ac912f) Importer(2089858483,b0f066a214c2f5e87bad3c948f4d605d)
Start importing Packages/com.unity.render-pipelines.core/Runtime/Debugging/Prefabs/Scripts using Guid(9383aa19796d6e84e8031655b9ac912f) Importer(2089858483,b0f066a214c2f5e87bad3c948f4d605d) (ScriptedImporter) -> (artifact id: 'fca225de110decc5b646adf6dcc8e677') in 0.002001292 seconds
Number of updated asset objects reloaded before import = 0Number of asset objects unloaded after import = 1

========================================================================
Received Import Request.
  Time since last request: 0.000048 seconds.
  path: Packages/com.unity.2d.animation/Editor/ClipperLib
  artifactKey: Guid(d775c763bd71c56499292f26a2a0e44b) Importer(2089858483,b0f066a214c2f5e87bad3c948f4d605d)
Start importing Packages/com.unity.2d.animation/Editor/ClipperLib using Guid(d775c763bd71c56499292f26a2a0e44b) Importer(2089858483,b0f066a214c2f5e87bad3c948f4d605d) (ScriptedImporter) -> (artifact id: 'df9c47561b65766cc88a7a1ba268a759') in 0.002042292 seconds
Number of updated asset objects reloaded before import = 0Number of asset objects unloaded after import = 1

========================================================================
Received Import Request.
  Time since last request: 0.000062 seconds.
  path: Packages/com.unity.inputsystem/InputSystem/Editor/Plugins/UI
  artifactKey: Guid(03672f9d7e73f4134820c35a3cd46a86) Importer(2089858483,b0f066a214c2f5e87bad3c948f4d605d)
Start importing Packages/com.unity.inputsystem/InputSystem/Editor/Plugins/UI using Guid(03672f9d7e73f4134820c35a3cd46a86) Importer(2089858483,b0f066a214c2f5e87bad3c948f4d605d) (ScriptedImporter) -> (artifact id: 'e2d99254c101a9ea936717f91c6f4450') in 0.002184959 seconds
Number of updated asset objects reloaded before import = 0Number of asset objects unloaded after import = 1

========================================================================
Received Import Request.
  Time since last request: 0.000046 seconds.
  path: Packages/com.unity.inputsystem/InputSystem/Editor/Actions/Interactions
  artifactKey: Guid(e4bf910aee5784821a3ebd59e4cdac79) Importer(2089858483,b0f066a214c2f5e87bad3c948f4d605d)
Start importing Packages/com.unity.inputsystem/InputSystem/Editor/Actions/Interactions using Guid(e4bf910aee5784821a3ebd59e4cdac79) Importer(2089858483,b0f066a214c2f5e87bad3c948f4d605d) (ScriptedImporter) -> (artifact id: 'd41a8dccc35eca0a78c865bbfe57178f') in 0.0022105 seconds
Number of updated asset objects reloaded before import = 0Number of asset objects unloaded after import = 1

========================================================================
Received Import Request.
  Time since last request: 0.000038 seconds.
  path: Packages/com.unity.2d.animation
  artifactKey: Guid(5767ff01a6e9dad6513e1c929d4e4806) Importer(2089858483,b0f066a214c2f5e87bad3c948f4d605d)
Start importing Packages/com.unity.2d.animation using Guid(5767ff01a6e9dad6513e1c929d4e4806) Importer(2089858483,b0f066a214c2f5e87bad3c948f4d605d) (ScriptedImporter) -> (artifact id: 'ec6ad85a69c97cd5fc6e664600f7d000') in 0.002466458 seconds
Number of updated asset objects reloaded before import = 0Number of asset objects unloaded after import = 1

========================================================================
Received Import Request.
  Time since last request: 0.000059 seconds.
  path: Packages/com.unity.ugui/Tests/Editor/UGUI/UI/PropertyDrawers
  artifactKey: Guid(24333a116497b144f9782b1160984b57) Importer(2089858483,b0f066a214c2f5e87bad3c948f4d605d)
Start importing Packages/com.unity.ugui/Tests/Editor/UGUI/UI/PropertyDrawers using Guid(24333a116497b144f9782b1160984b57) Importer(2089858483,b0f066a214c2f5e87bad3c948f4d605d) (ScriptedImporter) -> (artifact id: '547e850972fb9584ba038a27f324b335') in 0.0021455 seconds
Number of updated asset objects reloaded before import = 0Number of asset objects unloaded after import = 1

========================================================================
Received Import Request.
  Time since last request: 0.000061 seconds.
  path: Packages/com.unity.2d.animation/Editor/SkinningModule/Lib/ARM64
  artifactKey: Guid(68de161c60bf945c18988de3c8af2204) Importer(2089858483,b0f066a214c2f5e87bad3c948f4d605d)
Start importing Packages/com.unity.2d.animation/Editor/SkinningModule/Lib/ARM64 using Guid(68de161c60bf945c18988de3c8af2204) Importer(2089858483,b0f066a214c2f5e87bad3c948f4d605d) (ScriptedImporter) -> (artifact id: 'db4362dcf327f180c081edf9e2750e9f') in 0.002309583 seconds
Number of updated asset objects reloaded before import = 0Number of asset objects unloaded after import = 1

========================================================================
Received Import Request.
  Time since last request: 0.000052 seconds.
  path: Packages/com.unity.2d.tilemap.extras/Editor/Brushes/GameObjectBrush
  artifactKey: Guid(122c3790d8f747345a2c265e1d0b6fc2) Importer(2089858483,b0f066a214c2f5e87bad3c948f4d605d)
Start importing Packages/com.unity.2d.tilemap.extras/Editor/Brushes/GameObjectBrush using Guid(122c3790d8f747345a2c265e1d0b6fc2) Importer(2089858483,b0f066a214c2f5e87bad3c948f4d605d) (ScriptedImporter) -> (artifact id: '454e2f927c640d3131d5dfa917f8a949') in 0.002075583 seconds
Number of updated asset objects reloaded before import = 0Number of asset objects unloaded after import = 1

========================================================================
Received Import Request.
  Time since last request: 0.000051 seconds.
  path: Packages/com.unity.render-pipelines.core/Runtime/Stripping
  artifactKey: Guid(3d8692e58294538438ee83cf7fcd08c1) Importer(2089858483,b0f066a214c2f5e87bad3c948f4d605d)
Start importing Packages/com.unity.render-pipelines.core/Runtime/Stripping using Guid(3d8692e58294538438ee83cf7fcd08c1) Importer(2089858483,b0f066a214c2f5e87bad3c948f4d605d) (ScriptedImporter) -> (artifact id: '129618ec305359b8ab4e9d4a9c5160da') in 0.002148834 seconds
Number of updated asset objects reloaded before import = 0Number of asset objects unloaded after import = 1

========================================================================
Received Import Request.
  Time since last request: 0.000052 seconds.
  path: Packages/com.unity.shadergraph/GraphTemplates
  artifactKey: Guid(ba49d6ca56964cc28bd1278524ad02a1) Importer(2089858483,b0f066a214c2f5e87bad3c948f4d605d)
Start importing Packages/com.unity.shadergraph/GraphTemplates using Guid(ba49d6ca56964cc28bd1278524ad02a1) Importer(2089858483,b0f066a214c2f5e87bad3c948f4d605d) (ScriptedImporter) -> (artifact id: 'cb4ecdcf8a6782fb7274ff1714697588') in 0.002033625 seconds
Number of updated asset objects reloaded before import = 0Number of asset objects unloaded after import = 1

========================================================================
Received Import Request.
  Time since last request: 0.000068 seconds.
  path: Packages/com.unity.ugui/Tests/Editor/UGUI/Canvas
  artifactKey: Guid(b86b117346968ac4d9cc63e4385becb7) Importer(2089858483,b0f066a214c2f5e87bad3c948f4d605d)
Start importing Packages/com.unity.ugui/Tests/Editor/UGUI/Canvas using Guid(b86b117346968ac4d9cc63e4385becb7) Importer(2089858483,b0f066a214c2f5e87bad3c948f4d605d) (ScriptedImporter) -> (artifact id: 'bc61c4d6c3684f85963e7f83b5fd5735') in 0.001917625 seconds
Number of updated asset objects reloaded before import = 0Number of asset objects unloaded after import = 1

========================================================================
Received Import Request.
  Time since last request: 0.000063 seconds.
  path: Packages/com.unity.timeline/DocCodeExamples
  artifactKey: Guid(5486badfefef3eb47b45d071d232469d) Importer(2089858483,b0f066a214c2f5e87bad3c948f4d605d)
Start importing Packages/com.unity.timeline/DocCodeExamples using Guid(5486badfefef3eb47b45d071d232469d) Importer(2089858483,b0f066a214c2f5e87bad3c948f4d605d) (ScriptedImporter) -> (artifact id: '967f728f4007dcffa9c2f16e1e70c3ac') in 0.002060667 seconds
Number of updated asset objects reloaded before import = 0Number of asset objects unloaded after import = 1

========================================================================
Received Import Request.
  Time since last request: 0.000051 seconds.
  path: Packages/com.unity.test-framework/UnityEngine.TestRunner/TestRunner
  artifactKey: Guid(1ddb9e1c877ea80479d1eab4ddaa5d0d) Importer(2089858483,b0f066a214c2f5e87bad3c948f4d605d)
Start importing Packages/com.unity.test-framework/UnityEngine.TestRunner/TestRunner using Guid(1ddb9e1c877ea80479d1eab4ddaa5d0d) Importer(2089858483,b0f066a214c2f5e87bad3c948f4d605d) (ScriptedImporter) -> (artifact id: '8b24608b9e6ea0e70498541fdf8669a4') in 0.002117667 seconds
Number of updated asset objects reloaded before import = 0Number of asset objects unloaded after import = 1

========================================================================
Received Import Request.
  Time since last request: 0.000038 seconds.
  path: Packages/com.unity.timeline/Editor/StyleSheets/Images/Shared
  artifactKey: Guid(456d458547ae36d44a13d4a4682f0441) Importer(2089858483,b0f066a214c2f5e87bad3c948f4d605d)
Start importing Packages/com.unity.timeline/Editor/StyleSheets/Images/Shared using Guid(456d458547ae36d44a13d4a4682f0441) Importer(2089858483,b0f066a214c2f5e87bad3c948f4d605d) (ScriptedImporter) -> (artifact id: '3ac650754b958b7e61e8ae04b74b13e7') in 0.002195 seconds
Number of updated asset objects reloaded before import = 0Number of asset objects unloaded after import = 1

========================================================================
Received Import Request.
  Time since last request: 0.000042 seconds.
  path: Packages/com.unity.2d.animation/Editor/SkinningModule/Selection
  artifactKey: Guid(0a68d56945b68344ea2f451f0e9f14b4) Importer(2089858483,b0f066a214c2f5e87bad3c948f4d605d)
Start importing Packages/com.unity.2d.animation/Editor/SkinningModule/Selection using Guid(0a68d56945b68344ea2f451f0e9f14b4) Importer(2089858483,b0f066a214c2f5e87bad3c948f4d605d) (ScriptedImporter) -> (artifact id: 'fbf8591d45968045a83b4e44ea4ff5ee') in 0.0020495 seconds
Number of updated asset objects reloaded before import = 0Number of asset objects unloaded after import = 1

========================================================================
Received Import Request.
  Time since last request: 0.000062 seconds.
  path: Packages/com.unity.mathematics/Unity.Mathematics
  artifactKey: Guid(b3be5912975a74cc0b42e9039d91daf1) Importer(2089858483,b0f066a214c2f5e87bad3c948f4d605d)
Start importing Packages/com.unity.mathematics/Unity.Mathematics using Guid(b3be5912975a74cc0b42e9039d91daf1) Importer(2089858483,b0f066a214c2f5e87bad3c948f4d605d) (ScriptedImporter) -> (artifact id: '47cd8fb3e1554b62f8a3f847bd65f20d') in 0.001979208 seconds
Number of updated asset objects reloaded before import = 0Number of asset objects unloaded after import = 1

========================================================================
Received Import Request.
  Time since last request: 0.000050 seconds.
  path: Packages/com.unity.visualscripting/Runtime/VisualScripting.Flow/Framework/Events
  artifactKey: Guid(cfdd0e61e391c49e0a7ae3616510e7e8) Importer(2089858483,b0f066a214c2f5e87bad3c948f4d605d)
Start importing Packages/com.unity.visualscripting/Runtime/VisualScripting.Flow/Framework/Events using Guid(cfdd0e61e391c49e0a7ae3616510e7e8) Importer(2089858483,b0f066a214c2f5e87bad3c948f4d605d) (ScriptedImporter) -> (artifact id: '915ded7b6ea57e536dc533ee4d6c36e3') in 0.002082416 seconds
Number of updated asset objects reloaded before import = 0Number of asset objects unloaded after import = 1

========================================================================
Received Import Request.
  Time since last request: 0.000052 seconds.
  path: Packages/com.unity.timeline/Editor/Playables
  artifactKey: Guid(9a6069768ff3d8043a79348813f86cba) Importer(2089858483,b0f066a214c2f5e87bad3c948f4d605d)
Start importing Packages/com.unity.timeline/Editor/Playables using Guid(9a6069768ff3d8043a79348813f86cba) Importer(2089858483,b0f066a214c2f5e87bad3c948f4d605d) (ScriptedImporter) -> (artifact id: 'c7195d2f5b9944ba471c303d11cfdb2e') in 0.001935125 seconds
Number of updated asset objects reloaded before import = 0Number of asset objects unloaded after import = 1

========================================================================
Received Import Request.
  Time since last request: 0.000053 seconds.
  path: Packages/com.unity.timeline/Editor/Samples
  artifactKey: Guid(9f2ad7cb0b669c04d80de0ebde5db836) Importer(2089858483,b0f066a214c2f5e87bad3c948f4d605d)
Start importing Packages/com.unity.timeline/Editor/Samples using Guid(9f2ad7cb0b669c04d80de0ebde5db836) Importer(2089858483,b0f066a214c2f5e87bad3c948f4d605d) (ScriptedImporter) -> (artifact id: '5b3469531c5231d950839bda83e88dd3') in 0.001902208 seconds
Number of updated asset objects reloaded before import = 0Number of asset objects unloaded after import = 1

========================================================================
Received Import Request.
  Time since last request: 0.000049 seconds.
  path: Packages/com.unity.shadergraph/Editor/Data/Nodes/Math/Derivative
  artifactKey: Guid(c10838deaed74574a94a340e53c2b229) Importer(2089858483,b0f066a214c2f5e87bad3c948f4d605d)
Start importing Packages/com.unity.shadergraph/Editor/Data/Nodes/Math/Derivative using Guid(c10838deaed74574a94a340e53c2b229) Importer(2089858483,b0f066a214c2f5e87bad3c948f4d605d) (ScriptedImporter) -> (artifact id: 'cc7a3e7d37c737508c93249ff809ca9b') in 0.0020015 seconds
Number of updated asset objects reloaded before import = 0Number of asset objects unloaded after import = 1

========================================================================
Received Import Request.
  Time since last request: 0.000053 seconds.
  path: Packages/com.unity.2d.spriteshape/Tests/Editor
  artifactKey: Guid(dd488b980da89f643bac3ae9479c12c1) Importer(2089858483,b0f066a214c2f5e87bad3c948f4d605d)
Start importing Packages/com.unity.2d.spriteshape/Tests/Editor using Guid(dd488b980da89f643bac3ae9479c12c1) Importer(2089858483,b0f066a214c2f5e87bad3c948f4d605d) (ScriptedImporter) -> (artifact id: '6e6fa755c291cb4ce992f82191a0080e') in 0.002345083 seconds
Number of updated asset objects reloaded before import = 0Number of asset objects unloaded after import = 1

========================================================================
Received Import Request.
  Time since last request: 0.000077 seconds.
  path: Packages/com.unity.2d.psdimporter/Editor/PSDPlugin/PDNWrapper
  artifactKey: Guid(9fcfe7284d9f34b4eae286b83227271d) Importer(2089858483,b0f066a214c2f5e87bad3c948f4d605d)
Start importing Packages/com.unity.2d.psdimporter/Editor/PSDPlugin/PDNWrapper using Guid(9fcfe7284d9f34b4eae286b83227271d) Importer(2089858483,b0f066a214c2f5e87bad3c948f4d605d) (ScriptedImporter) -> (artifact id: 'bd5221749b886d71c1f070aad22a77a8') in 0.001966416 seconds
Number of updated asset objects reloaded before import = 0Number of asset objects unloaded after import = 1

========================================================================
Received Import Request.
  Time since last request: 0.000036 seconds.
  path: Packages/com.unity.render-pipelines.universal/Editor/SceneTemplates/Standard
  artifactKey: Guid(9750256f1be9648b4ba73d98e44d225e) Importer(2089858483,b0f066a214c2f5e87bad3c948f4d605d)
Start importing Packages/com.unity.render-pipelines.universal/Editor/SceneTemplates/Standard using Guid(9750256f1be9648b4ba73d98e44d225e) Importer(2089858483,b0f066a214c2f5e87bad3c948f4d605d) (ScriptedImporter) -> (artifact id: '639666ccdec0fae8966fb6615dd761f5') in 0.002110375 seconds
Number of updated asset objects reloaded before import = 0Number of asset objects unloaded after import = 1

========================================================================
Received Import Request.
  Time since last request: 0.000047 seconds.
  path: Packages/com.unity.shadergraph/Editor/Data/Nodes/Input/Gradient
  artifactKey: Guid(6c3178830acf943f8bf39e5a651057f2) Importer(2089858483,b0f066a214c2f5e87bad3c948f4d605d)
Start importing Packages/com.unity.shadergraph/Editor/Data/Nodes/Input/Gradient using Guid(6c3178830acf943f8bf39e5a651057f2) Importer(2089858483,b0f066a214c2f5e87bad3c948f4d605d) (ScriptedImporter) -> (artifact id: '99c5753b677fded5a49336021a8b4f90') in 0.002151541 seconds
Number of updated asset objects reloaded before import = 0Number of asset objects unloaded after import = 1

========================================================================
Received Import Request.
  Time since last request: 0.000055 seconds.
  path: Packages/com.unity.render-pipelines.universal/Editor/Overrides
  artifactKey: Guid(ad2bd79f2c9e81640b75c0a7edbe7970) Importer(2089858483,b0f066a214c2f5e87bad3c948f4d605d)
Start importing Packages/com.unity.render-pipelines.universal/Editor/Overrides using Guid(ad2bd79f2c9e81640b75c0a7edbe7970) Importer(2089858483,b0f066a214c2f5e87bad3c948f4d605d) (ScriptedImporter) -> (artifact id: 'deebc51c63f848e30a2fab45ac46c522') in 0.002036916 seconds
Number of updated asset objects reloaded before import = 0Number of asset objects unloaded after import = 1

========================================================================
Received Import Request.
  Time since last request: 0.000047 seconds.
  path: Packages/com.unity.2d.common/Runtime/InternalBridge
  artifactKey: Guid(de9233595819db54faa3b4122efb128c) Importer(2089858483,b0f066a214c2f5e87bad3c948f4d605d)
Start importing Packages/com.unity.2d.common/Runtime/InternalBridge using Guid(de9233595819db54faa3b4122efb128c) Importer(2089858483,b0f066a214c2f5e87bad3c948f4d605d) (ScriptedImporter) -> (artifact id: '87a8ac64147d4ec6d17ee4fa57345321') in 0.002030167 seconds
Number of updated asset objects reloaded before import = 0Number of asset objects unloaded after import = 1

========================================================================
Received Import Request.
  Time since last request: 0.000050 seconds.
  path: Packages/com.unity.render-pipelines.core/Runtime/Debugging/FrameTiming
  artifactKey: Guid(0f240cc177d08124a9694021c19c0dc4) Importer(2089858483,b0f066a214c2f5e87bad3c948f4d605d)
Start importing Packages/com.unity.render-pipelines.core/Runtime/Debugging/FrameTiming using Guid(0f240cc177d08124a9694021c19c0dc4) Importer(2089858483,b0f066a214c2f5e87bad3c948f4d605d) (ScriptedImporter) -> (artifact id: '851fea2a01c21ba803fcd3902619b6a3') in 0.002055625 seconds
Number of updated asset objects reloaded before import = 0Number of asset objects unloaded after import = 1

========================================================================
Received Import Request.
  Time since last request: 0.000037 seconds.
  path: Packages/com.unity.visualscripting/Editor/VisualScripting.Flow/Analytics
  artifactKey: Guid(628c7c9331b644b4eb1901bca13710be) Importer(2089858483,b0f066a214c2f5e87bad3c948f4d605d)
Start importing Packages/com.unity.visualscripting/Editor/VisualScripting.Flow/Analytics using Guid(628c7c9331b644b4eb1901bca13710be) Importer(2089858483,b0f066a214c2f5e87bad3c948f4d605d) (ScriptedImporter) -> (artifact id: '9f63a487caf318e774185f902a5a691d') in 0.001993084 seconds
Number of updated asset objects reloaded before import = 0Number of asset objects unloaded after import = 1

========================================================================
Received Import Request.
  Time since last request: 0.000066 seconds.
  path: Packages/com.unity.shadergraph/Editor/Generation/Targets/BuiltIn/ShaderLibrary
  artifactKey: Guid(6dc0256bde5256e40b2e4aa65249dd1e) Importer(2089858483,b0f066a214c2f5e87bad3c948f4d605d)
Start importing Packages/com.unity.shadergraph/Editor/Generation/Targets/BuiltIn/ShaderLibrary using Guid(6dc0256bde5256e40b2e4aa65249dd1e) Importer(2089858483,b0f066a214c2f5e87bad3c948f4d605d) (ScriptedImporter) -> (artifact id: '753bd4465b21ebfd7279f0d15a76fb28') in 0.001975083 seconds
Number of updated asset objects reloaded before import = 0Number of asset objects unloaded after import = 1

========================================================================
Received Import Request.
  Time since last request: 0.000052 seconds.
  path: Packages/com.unity.2d.animation/Editor/SkinningModule/SkeletonTool
  artifactKey: Guid(08f15e56bdceb584f8b33ce6d6e22aa7) Importer(2089858483,b0f066a214c2f5e87bad3c948f4d605d)
Start importing Packages/com.unity.2d.animation/Editor/SkinningModule/SkeletonTool using Guid(08f15e56bdceb584f8b33ce6d6e22aa7) Importer(2089858483,b0f066a214c2f5e87bad3c948f4d605d) (ScriptedImporter) -> (artifact id: 'a447f2694f215e6046659cbc0248e3bf') in 0.001891708 seconds
Number of updated asset objects reloaded before import = 0Number of asset objects unloaded after import = 1

========================================================================
Received Import Request.
  Time since last request: 0.000063 seconds.
  path: Packages/com.unity.inputsystem/InputSystem/Runtime/Controls/Processors
  artifactKey: Guid(6fde91b0a4ee45cd86be18a8d829dc87) Importer(2089858483,b0f066a214c2f5e87bad3c948f4d605d)
Start importing Packages/com.unity.inputsystem/InputSystem/Runtime/Controls/Processors using Guid(6fde91b0a4ee45cd86be18a8d829dc87) Importer(2089858483,b0f066a214c2f5e87bad3c948f4d605d) (ScriptedImporter) -> (artifact id: '82961e28e67ef71bc45977d5c154aa4a') in 0.002021875 seconds
Number of updated asset objects reloaded before import = 0Number of asset objects unloaded after import = 1

========================================================================
Received Import Request.
  Time since last request: 0.000054 seconds.
  path: Packages/com.unity.collab-proxy/Editor/Views/CreateWorkspace
  artifactKey: Guid(173564ff53b74604b8e070b51861b3f9) Importer(2089858483,b0f066a214c2f5e87bad3c948f4d605d)
Start importing Packages/com.unity.collab-proxy/Editor/Views/CreateWorkspace using Guid(173564ff53b74604b8e070b51861b3f9) Importer(2089858483,b0f066a214c2f5e87bad3c948f4d605d) (ScriptedImporter) -> (artifact id: 'bfd4b23636d67a51eb9b7017bfa438cb') in 0.002109 seconds
Number of updated asset objects reloaded before import = 0Number of asset objects unloaded after import = 1

========================================================================
Received Import Request.
  Time since last request: 0.000065 seconds.
  path: Packages/com.unity.render-pipelines.universal/Shaders
  artifactKey: Guid(248877dd7078443d6b51abf21ee7d52a) Importer(2089858483,b0f066a214c2f5e87bad3c948f4d605d)
Start importing Packages/com.unity.render-pipelines.universal/Shaders using Guid(248877dd7078443d6b51abf21ee7d52a) Importer(2089858483,b0f066a214c2f5e87bad3c948f4d605d) (ScriptedImporter) -> (artifact id: 'c23be69cdd7489871963844ef785b914') in 0.001986583 seconds
Number of updated asset objects reloaded before import = 0Number of asset objects unloaded after import = 1

========================================================================
Received Import Request.
  Time since last request: 0.000069 seconds.
  path: Packages/com.unity.test-framework/UnityEditor.TestRunner/TestRun/Tasks/Scene
  artifactKey: Guid(692476ac695e7b74a8d9eabd48862009) Importer(2089858483,b0f066a214c2f5e87bad3c948f4d605d)
Start importing Packages/com.unity.test-framework/UnityEditor.TestRunner/TestRun/Tasks/Scene using Guid(692476ac695e7b74a8d9eabd48862009) Importer(2089858483,b0f066a214c2f5e87bad3c948f4d605d) (ScriptedImporter) -> (artifact id: '9f0e1d844eab0dd5a66ea80cc561c61d') in 0.002013875 seconds
Number of updated asset objects reloaded before import = 0Number of asset objects unloaded after import = 1

========================================================================
Received Import Request.
  Time since last request: 0.000051 seconds.
  path: Packages/com.unity.shadergraph/Editor/Data/Interfaces
  artifactKey: Guid(fa6cfee2afcf9584b9e67fe405662d0e) Importer(2089858483,b0f066a214c2f5e87bad3c948f4d605d)
Start importing Packages/com.unity.shadergraph/Editor/Data/Interfaces using Guid(fa6cfee2afcf9584b9e67fe405662d0e) Importer(2089858483,b0f066a214c2f5e87bad3c948f4d605d) (ScriptedImporter) -> (artifact id: 'f5db1cc2a4b84bf31da0da97d28ba8af') in 0.002399125 seconds
Number of updated asset objects reloaded before import = 0Number of asset objects unloaded after import = 1

========================================================================
Received Import Request.
  Time since last request: 0.000056 seconds.
  path: Packages/com.unity.timeline/Editor/StyleSheets/Extensions
  artifactKey: Guid(fa68ac03b8845a142974ec6497cb4acc) Importer(2089858483,b0f066a214c2f5e87bad3c948f4d605d)
Start importing Packages/com.unity.timeline/Editor/StyleSheets/Extensions using Guid(fa68ac03b8845a142974ec6497cb4acc) Importer(2089858483,b0f066a214c2f5e87bad3c948f4d605d) (ScriptedImporter) -> (artifact id: '147275008de4e09c3cf7fd344a0b3e7a') in 0.002162958 seconds
Number of updated asset objects reloaded before import = 0Number of asset objects unloaded after import = 1

========================================================================
Received Import Request.
  Time since last request: 0.000049 seconds.
  path: Packages/com.unity.shadergraph/Editor/Generation/Targets/BuiltIn
  artifactKey: Guid(24f978237d7204d78b8266e4b1fd1248) Importer(2089858483,b0f066a214c2f5e87bad3c948f4d605d)
Start importing Packages/com.unity.shadergraph/Editor/Generation/Targets/BuiltIn using Guid(24f978237d7204d78b8266e4b1fd1248) Importer(2089858483,b0f066a214c2f5e87bad3c948f4d605d) (ScriptedImporter) -> (artifact id: '5f2b97d998bfed4e18e6e1de163c2100') in 0.002075416 seconds
Number of updated asset objects reloaded before import = 0Number of asset objects unloaded after import = 1

========================================================================
Received Import Request.
  Time since last request: 0.000051 seconds.
  path: Packages/com.unity.inputsystem/InputSystem/Runtime/Plugins/InputForUI
  artifactKey: Guid(96500a17645c67442a0ccdca007e6d28) Importer(2089858483,b0f066a214c2f5e87bad3c948f4d605d)
Start importing Packages/com.unity.inputsystem/InputSystem/Runtime/Plugins/InputForUI using Guid(96500a17645c67442a0ccdca007e6d28) Importer(2089858483,b0f066a214c2f5e87bad3c948f4d605d) (ScriptedImporter) -> (artifact id: 'ab4471bb7bc4b0a754f20039e3e1b5dc') in 0.001764625 seconds
Number of updated asset objects reloaded before import = 0Number of asset objects unloaded after import = 1

========================================================================
Received Import Request.
  Time since last request: 0.000053 seconds.
  path: Packages/com.unity.inputsystem/InputSystem/Runtime/Plugins/EnhancedTouch
  artifactKey: Guid(ef4b66ea93dd243a783c32ab1da39fc4) Importer(2089858483,b0f066a214c2f5e87bad3c948f4d605d)
Start importing Packages/com.unity.inputsystem/InputSystem/Runtime/Plugins/EnhancedTouch using Guid(ef4b66ea93dd243a783c32ab1da39fc4) Importer(2089858483,b0f066a214c2f5e87bad3c948f4d605d) (ScriptedImporter) -> (artifact id: '96c18dd22735afffb7b690de0c28ff9b') in 0.001997792 seconds
Number of updated asset objects reloaded before import = 0Number of asset objects unloaded after import = 1

========================================================================
Received Import Request.
  Time since last request: 0.000048 seconds.
  path: Packages/com.unity.visualscripting/Editor/VisualScripting.Core/Interface/Licenses
  artifactKey: Guid(cd5a03b8be51145d4b86df3d086aff76) Importer(2089858483,b0f066a214c2f5e87bad3c948f4d605d)
Start importing Packages/com.unity.visualscripting/Editor/VisualScripting.Core/Interface/Licenses using Guid(cd5a03b8be51145d4b86df3d086aff76) Importer(2089858483,b0f066a214c2f5e87bad3c948f4d605d) (ScriptedImporter) -> (artifact id: '29785fdd795c46b6858c45ec8cec2c04') in 0.001921 seconds
Number of updated asset objects reloaded before import = 0Number of asset objects unloaded after import = 1

========================================================================
Received Import Request.
  Time since last request: 0.000037 seconds.
  path: Packages/com.unity.render-pipelines.core/Editor/Properties
  artifactKey: Guid(80eb240eb8f49794ea98245f43a29de6) Importer(2089858483,b0f066a214c2f5e87bad3c948f4d605d)
Start importing Packages/com.unity.render-pipelines.core/Editor/Properties using Guid(80eb240eb8f49794ea98245f43a29de6) Importer(2089858483,b0f066a214c2f5e87bad3c948f4d605d) (ScriptedImporter) -> (artifact id: 'd17ef0ba60a1f233634d49beb3e520b4') in 0.002055792 seconds
Number of updated asset objects reloaded before import = 0Number of asset objects unloaded after import = 1

========================================================================
Received Import Request.
  Time since last request: 0.000054 seconds.
  path: Packages/com.unity.2d.animation/IK
  artifactKey: Guid(350d0a33d0eff469e827fca813d0a6ad) Importer(2089858483,b0f066a214c2f5e87bad3c948f4d605d)
Start importing Packages/com.unity.2d.animation/IK using Guid(350d0a33d0eff469e827fca813d0a6ad) Importer(2089858483,b0f066a214c2f5e87bad3c948f4d605d) (ScriptedImporter) -> (artifact id: 'ff66170ba628ba6d6cfcba4215679472') in 0.002115625 seconds
Number of updated asset objects reloaded before import = 0Number of asset objects unloaded after import = 1

========================================================================
Received Import Request.
  Time since last request: 0.000070 seconds.
  path: Packages/com.unity.ugui/Tests/Runtime/UGUI/InputField
  artifactKey: Guid(2a28c2fab6b1bb745a844ef6b908e7ee) Importer(2089858483,b0f066a214c2f5e87bad3c948f4d605d)
Start importing Packages/com.unity.ugui/Tests/Runtime/UGUI/InputField using Guid(2a28c2fab6b1bb745a844ef6b908e7ee) Importer(2089858483,b0f066a214c2f5e87bad3c948f4d605d) (ScriptedImporter) -> (artifact id: '6592d88af05d3744187820ae26e86bd6') in 0.002014125 seconds
Number of updated asset objects reloaded before import = 0Number of asset objects unloaded after import = 1

========================================================================
Received Import Request.
  Time since last request: 0.000055 seconds.
  path: Packages/com.unity.render-pipelines.universal/Editor/VFXGraph/Shaders/Templates/ParticleHexahedron
  artifactKey: Guid(a2a46415c7cedaf418d42532b73efd24) Importer(2089858483,b0f066a214c2f5e87bad3c948f4d605d)
Start importing Packages/com.unity.render-pipelines.universal/Editor/VFXGraph/Shaders/Templates/ParticleHexahedron using Guid(a2a46415c7cedaf418d42532b73efd24) Importer(2089858483,b0f066a214c2f5e87bad3c948f4d605d) (ScriptedImporter) -> (artifact id: '868420dd8823d17adb3cec3be724f5e0') in 0.002080625 seconds
Number of updated asset objects reloaded before import = 0Number of asset objects unloaded after import = 1

========================================================================
Received Import Request.
  Time since last request: 0.000061 seconds.
  path: Packages/com.unity.collections/Unity.Collections.Tests
  artifactKey: Guid(5c67b9b0b7cb745ff9944601a5b65149) Importer(2089858483,b0f066a214c2f5e87bad3c948f4d605d)
Start importing Packages/com.unity.collections/Unity.Collections.Tests using Guid(5c67b9b0b7cb745ff9944601a5b65149) Importer(2089858483,b0f066a214c2f5e87bad3c948f4d605d) (ScriptedImporter) -> (artifact id: '1e45f858de12b12d641e88b6faf89c70') in 0.002138334 seconds
Number of updated asset objects reloaded before import = 0Number of asset objects unloaded after import = 1

========================================================================
Received Import Request.
  Time since last request: 0.000049 seconds.
  path: Packages/com.unity.timeline/Runtime/Attributes
  artifactKey: Guid(ec817e5e5781e0a4983a1dc8875d1974) Importer(2089858483,b0f066a214c2f5e87bad3c948f4d605d)
Start importing Packages/com.unity.timeline/Runtime/Attributes using Guid(ec817e5e5781e0a4983a1dc8875d1974) Importer(2089858483,b0f066a214c2f5e87bad3c948f4d605d) (ScriptedImporter) -> (artifact id: '896573494ab260ae419456570eca42b7') in 0.002001834 seconds
Number of updated asset objects reloaded before import = 0Number of asset objects unloaded after import = 1

========================================================================
Received Import Request.
  Time since last request: 0.000097 seconds.
  path: Packages/com.unity.render-pipelines.universal/Runtime/Decal/Entities
  artifactKey: Guid(6b3e7dae1e82a6b448b739d1331813f0) Importer(2089858483,b0f066a214c2f5e87bad3c948f4d605d)
Start importing Packages/com.unity.render-pipelines.universal/Runtime/Decal/Entities using Guid(6b3e7dae1e82a6b448b739d1331813f0) Importer(2089858483,b0f066a214c2f5e87bad3c948f4d605d) (ScriptedImporter) -> (artifact id: '73d1ae67059fb9fac01a340252d6b506') in 0.002157333 seconds
Number of updated asset objects reloaded before import = 0Number of asset objects unloaded after import = 1

========================================================================
Received Import Request.
  Time since last request: 0.000060 seconds.
  path: Packages/com.unity.visualscripting/Editor/VisualScripting.Flow/Acknowledgements
  artifactKey: Guid(7d96ebd30e90841de9452b819ccb135e) Importer(2089858483,b0f066a214c2f5e87bad3c948f4d605d)
Start importing Packages/com.unity.visualscripting/Editor/VisualScripting.Flow/Acknowledgements using Guid(7d96ebd30e90841de9452b819ccb135e) Importer(2089858483,b0f066a214c2f5e87bad3c948f4d605d) (ScriptedImporter) -> (artifact id: '02976a8f0f456d71a37e31da2df06b2e') in 0.00211475 seconds
Number of updated asset objects reloaded before import = 0Number of asset objects unloaded after import = 1

========================================================================
Received Import Request.
  Time since last request: 0.000063 seconds.
  path: Packages/com.unity.shadergraph/Editor/Generation/Targets/BuiltIn/Editor/AssetPostProcessors
  artifactKey: Guid(ff73c880c054e8c40b71704dbc0c1beb) Importer(2089858483,b0f066a214c2f5e87bad3c948f4d605d)
Start importing Packages/com.unity.shadergraph/Editor/Generation/Targets/BuiltIn/Editor/AssetPostProcessors using Guid(ff73c880c054e8c40b71704dbc0c1beb) Importer(2089858483,b0f066a214c2f5e87bad3c948f4d605d) (ScriptedImporter) -> (artifact id: '1c5455fad657aa3f9bdc2804df15f898') in 0.002103375 seconds
Number of updated asset objects reloaded before import = 0Number of asset objects unloaded after import = 1

========================================================================
Received Import Request.
  Time since last request: 0.000036 seconds.
  path: Packages/com.unity.test-framework/UnityEditor.TestRunner/UnityTestProtocol/Data
  artifactKey: Guid(3610673068254436ac90019f46e09f01) Importer(2089858483,b0f066a214c2f5e87bad3c948f4d605d)
Start importing Packages/com.unity.test-framework/UnityEditor.TestRunner/UnityTestProtocol/Data using Guid(3610673068254436ac90019f46e09f01) Importer(2089858483,b0f066a214c2f5e87bad3c948f4d605d) (ScriptedImporter) -> (artifact id: '69bb1748b537b224fa979b13dc36f05f') in 0.002260042 seconds
Number of updated asset objects reloaded before import = 0Number of asset objects unloaded after import = 1

========================================================================
Received Import Request.
  Time since last request: 0.000057 seconds.
  path: Packages/com.unity.visualscripting/Editor/VisualScripting.Core/Dependencies/SQLite
  artifactKey: Guid(8cae937a9ee604987a953d6fa7b46919) Importer(2089858483,b0f066a214c2f5e87bad3c948f4d605d)
Start importing Packages/com.unity.visualscripting/Editor/VisualScripting.Core/Dependencies/SQLite using Guid(8cae937a9ee604987a953d6fa7b46919) Importer(2089858483,b0f066a214c2f5e87bad3c948f4d605d) (ScriptedImporter) -> (artifact id: '1a9242b9dabd6197f660724f36ef1552') in 0.002001792 seconds
Number of updated asset objects reloaded before import = 0Number of asset objects unloaded after import = 1

========================================================================
Received Import Request.
  Time since last request: 0.000051 seconds.
  path: Packages/com.unity.shadergraph/Editor/Generation/Targets/Fullscreen/Templates
  artifactKey: Guid(c131f605e2f659045adf332f0f0f876f) Importer(2089858483,b0f066a214c2f5e87bad3c948f4d605d)
Start importing Packages/com.unity.shadergraph/Editor/Generation/Targets/Fullscreen/Templates using Guid(c131f605e2f659045adf332f0f0f876f) Importer(2089858483,b0f066a214c2f5e87bad3c948f4d605d) (ScriptedImporter) -> (artifact id: 'a6ec41ba30a36b01d6e3f394571c150d') in 0.002336334 seconds
Number of updated asset objects reloaded before import = 0Number of asset objects unloaded after import = 1

========================================================================
Received Import Request.
  Time since last request: 0.000045 seconds.
  path: Packages/com.unity.render-pipelines.universal/Editor/2D/Resources
  artifactKey: Guid(95000b81b3fc6af4a916987efa80abbc) Importer(2089858483,b0f066a214c2f5e87bad3c948f4d605d)
Start importing Packages/com.unity.render-pipelines.universal/Editor/2D/Resources using Guid(95000b81b3fc6af4a916987efa80abbc) Importer(2089858483,b0f066a214c2f5e87bad3c948f4d605d) (ScriptedImporter) -> (artifact id: '4f0e0f4eb1e2dbe32520a8545182f905') in 0.003804459 seconds
Number of updated asset objects reloaded before import = 0Number of asset objects unloaded after import = 1

========================================================================
Received Import Request.
  Time since last request: 0.000063 seconds.
  path: Packages/com.unity.2d.common/Runtime/UAi2D
  artifactKey: Guid(ccc2d535f9cd0b14392f98d74d1104b6) Importer(2089858483,b0f066a214c2f5e87bad3c948f4d605d)
Start importing Packages/com.unity.2d.common/Runtime/UAi2D using Guid(ccc2d535f9cd0b14392f98d74d1104b6) Importer(2089858483,b0f066a214c2f5e87bad3c948f4d605d) (ScriptedImporter) -> (artifact id: '19fac89b2c8ab48f26ff5c1c53dc6795') in 0.002035167 seconds
Number of updated asset objects reloaded before import = 0Number of asset objects unloaded after import = 1

========================================================================
Received Import Request.
  Time since last request: 0.000054 seconds.
  path: Packages/com.unity.2d.tooling/Editor/Insider/SpriteAtlas/SpriteAtlasIssueReport/SpriteCountInAtlasIssue
  artifactKey: Guid(362726c74a77471f81c57aa62d0ea5d7) Importer(2089858483,b0f066a214c2f5e87bad3c948f4d605d)
Start importing Packages/com.unity.2d.tooling/Editor/Insider/SpriteAtlas/SpriteAtlasIssueReport/SpriteCountInAtlasIssue using Guid(362726c74a77471f81c57aa62d0ea5d7) Importer(2089858483,b0f066a214c2f5e87bad3c948f4d605d) (ScriptedImporter) -> (artifact id: 'ddcfdf6722388490a433b08219a63e2e') in 0.002262666 seconds
Number of updated asset objects reloaded before import = 0Number of asset objects unloaded after import = 1

========================================================================
Received Import Request.
  Time since last request: 0.000046 seconds.
  path: Packages/com.unity.inputsystem/InputSystem/Editor/AssetEditor
  artifactKey: Guid(a5c84a68c16874bd5ba1a9d15a5e5044) Importer(2089858483,b0f066a214c2f5e87bad3c948f4d605d)
Start importing Packages/com.unity.inputsystem/InputSystem/Editor/AssetEditor using Guid(a5c84a68c16874bd5ba1a9d15a5e5044) Importer(2089858483,b0f066a214c2f5e87bad3c948f4d605d) (ScriptedImporter) -> (artifact id: '564e82c0c2ad308025cf41a77993ec32') in 0.002079666 seconds
Number of updated asset objects reloaded before import = 0Number of asset objects unloaded after import = 1

========================================================================
Received Import Request.
  Time since last request: 0.000035 seconds.
  path: Packages/com.unity.2d.aseprite/Editor/Common
  artifactKey: Guid(40263a400c0cb405fbc0934955644bb5) Importer(2089858483,b0f066a214c2f5e87bad3c948f4d605d)
Start importing Packages/com.unity.2d.aseprite/Editor/Common using Guid(40263a400c0cb405fbc0934955644bb5) Importer(2089858483,b0f066a214c2f5e87bad3c948f4d605d) (ScriptedImporter) -> (artifact id: 'eeb34944511723b059444153d3a48041') in 0.002146333 seconds
Number of updated asset objects reloaded before import = 0Number of asset objects unloaded after import = 1

========================================================================
Received Import Request.
  Time since last request: 0.000062 seconds.
  path: Packages/com.unity.shadergraph/Editor/Data/Nodes/Input/Matrix
  artifactKey: Guid(278936628273864438e48ff64aa20e32) Importer(2089858483,b0f066a214c2f5e87bad3c948f4d605d)
Start importing Packages/com.unity.shadergraph/Editor/Data/Nodes/Input/Matrix using Guid(278936628273864438e48ff64aa20e32) Importer(2089858483,b0f066a214c2f5e87bad3c948f4d605d) (ScriptedImporter) -> (artifact id: '17d3411c1d266c2bbfeb8f8c232ba415') in 0.002411458 seconds
Number of updated asset objects reloaded before import = 0Number of asset objects unloaded after import = 1

========================================================================
Received Import Request.
  Time since last request: 0.000036 seconds.
  path: Packages/com.unity.collab-proxy/Editor/Views/Shelves
  artifactKey: Guid(e15b3293b975b864e883e5f572bd4ec8) Importer(2089858483,b0f066a214c2f5e87bad3c948f4d605d)
Start importing Packages/com.unity.collab-proxy/Editor/Views/Shelves using Guid(e15b3293b975b864e883e5f572bd4ec8) Importer(2089858483,b0f066a214c2f5e87bad3c948f4d605d) (ScriptedImporter) -> (artifact id: 'bfaa3daeba2d1d2062db57a2e148ca6a') in 0.002047334 seconds
Number of updated asset objects reloaded before import = 0Number of asset objects unloaded after import = 1

========================================================================
Received Import Request.
  Time since last request: 0.000069 seconds.
  path: Packages/com.unity.2d.animation/Editor/SkinningModule/SpriteMeshData
  artifactKey: Guid(100c104341c6bfd4e824d8347fff1f87) Importer(2089858483,b0f066a214c2f5e87bad3c948f4d605d)
Start importing Packages/com.unity.2d.animation/Editor/SkinningModule/SpriteMeshData using Guid(100c104341c6bfd4e824d8347fff1f87) Importer(2089858483,b0f066a214c2f5e87bad3c948f4d605d) (ScriptedImporter) -> (artifact id: '05f2f467ee1c560cc5688682621d9879') in 0.002122959 seconds
Number of updated asset objects reloaded before import = 0Number of asset objects unloaded after import = 1

========================================================================
Received Import Request.
  Time since last request: 0.000060 seconds.
  path: Packages/com.unity.shadergraph/Editor/Data/Graphs
  artifactKey: Guid(f329b5b280b7f6f449659f05937ac2f2) Importer(2089858483,b0f066a214c2f5e87bad3c948f4d605d)
Start importing Packages/com.unity.shadergraph/Editor/Data/Graphs using Guid(f329b5b280b7f6f449659f05937ac2f2) Importer(2089858483,b0f066a214c2f5e87bad3c948f4d605d) (ScriptedImporter) -> (artifact id: '2478ee1e2919e2fad213726241ae074f') in 0.00196525 seconds
Number of updated asset objects reloaded before import = 0Number of asset objects unloaded after import = 1

========================================================================
Received Import Request.
  Time since last request: 0.000057 seconds.
  path: Packages/com.unity.visualscripting/Runtime/VisualScripting.Flow/Framework/Events/Hierarchy
  artifactKey: Guid(ba6dc0659417f4e999f20101bcb1927f) Importer(2089858483,b0f066a214c2f5e87bad3c948f4d605d)
Start importing Packages/com.unity.visualscripting/Runtime/VisualScripting.Flow/Framework/Events/Hierarchy using Guid(ba6dc0659417f4e999f20101bcb1927f) Importer(2089858483,b0f066a214c2f5e87bad3c948f4d605d) (ScriptedImporter) -> (artifact id: '884f1b2174bf7b13519329a51045fe33') in 0.001954083 seconds
Number of updated asset objects reloaded before import = 0Number of asset objects unloaded after import = 1

========================================================================
Received Import Request.
  Time since last request: 0.000039 seconds.
  path: Packages/com.unity.shadergraph/Editor/Data/Nodes/Artistic/Blend
  artifactKey: Guid(f85e7557d4bb9874882ec3fa3044a53e) Importer(2089858483,b0f066a214c2f5e87bad3c948f4d605d)
Start importing Packages/com.unity.shadergraph/Editor/Data/Nodes/Artistic/Blend using Guid(f85e7557d4bb9874882ec3fa3044a53e) Importer(2089858483,b0f066a214c2f5e87bad3c948f4d605d) (ScriptedImporter) -> (artifact id: '509bdd549dda152714ba1150f6c2b080') in 0.002162833 seconds
Number of updated asset objects reloaded before import = 0Number of asset objects unloaded after import = 1

========================================================================
Received Import Request.
  Time since last request: 0.000063 seconds.
  path: Packages/com.unity.2d.spriteshape/Editor/Icons
  artifactKey: Guid(574ba49617df66b40a29fe7f0b185aab) Importer(2089858483,b0f066a214c2f5e87bad3c948f4d605d)
Start importing Packages/com.unity.2d.spriteshape/Editor/Icons using Guid(574ba49617df66b40a29fe7f0b185aab) Importer(2089858483,b0f066a214c2f5e87bad3c948f4d605d) (ScriptedImporter) -> (artifact id: 'f31b301516d975f89ebde698c4fc6e95') in 0.002496667 seconds
Number of updated asset objects reloaded before import = 0Number of asset objects unloaded after import = 1

========================================================================
Received Import Request.
  Time since last request: 0.000056 seconds.
  path: Packages/com.unity.collab-proxy/Lib/Editor/TextMateSharp/Onigwrap/libonigwrap/win-x86
  artifactKey: Guid(a05969d78cc3d44469783fe59f3bfa65) Importer(2089858483,b0f066a214c2f5e87bad3c948f4d605d)
Start importing Packages/com.unity.collab-proxy/Lib/Editor/TextMateSharp/Onigwrap/libonigwrap/win-x86 using Guid(a05969d78cc3d44469783fe59f3bfa65) Importer(2089858483,b0f066a214c2f5e87bad3c948f4d605d) (ScriptedImporter) -> (artifact id: '14b444c554ccdcc86794b2760a3cf908') in 0.002247541 seconds
Number of updated asset objects reloaded before import = 0Number of asset objects unloaded after import = 1

========================================================================
Received Import Request.
  Time since last request: 0.000064 seconds.
  path: Packages/com.unity.render-pipelines.universal/Editor/Camera
  artifactKey: Guid(6f5387037edf18a478a9701e9ddf3fcc) Importer(2089858483,b0f066a214c2f5e87bad3c948f4d605d)
Start importing Packages/com.unity.render-pipelines.universal/Editor/Camera using Guid(6f5387037edf18a478a9701e9ddf3fcc) Importer(2089858483,b0f066a214c2f5e87bad3c948f4d605d) (ScriptedImporter) -> (artifact id: '33e9171c848bcf63343922b6c2ca5537') in 0.002120417 seconds
Number of updated asset objects reloaded before import = 0Number of asset objects unloaded after import = 1

========================================================================
Received Import Request.
  Time since last request: 0.000036 seconds.
  path: Packages/com.unity.2d.common/Path/Editor/IMGUI
  artifactKey: Guid(20d7e6a9292a84bd8b4203d8ab17a629) Importer(2089858483,b0f066a214c2f5e87bad3c948f4d605d)
Start importing Packages/com.unity.2d.common/Path/Editor/IMGUI using Guid(20d7e6a9292a84bd8b4203d8ab17a629) Importer(2089858483,b0f066a214c2f5e87bad3c948f4d605d) (ScriptedImporter) -> (artifact id: '4004f012db2ebf74c730ef46eb9ca804') in 0.00236075 seconds
Number of updated asset objects reloaded before import = 0Number of asset objects unloaded after import = 1

========================================================================
Received Import Request.
  Time since last request: 0.000045 seconds.
  path: Packages/com.unity.collab-proxy/Editor/Headless
  artifactKey: Guid(9e3df27f8bbbdfb4493b3dacf65065f2) Importer(2089858483,b0f066a214c2f5e87bad3c948f4d605d)
Start importing Packages/com.unity.collab-proxy/Editor/Headless using Guid(9e3df27f8bbbdfb4493b3dacf65065f2) Importer(2089858483,b0f066a214c2f5e87bad3c948f4d605d) (ScriptedImporter) -> (artifact id: '656a556260f8ce456693ac1e4eb832dd') in 0.002462834 seconds
Number of updated asset objects reloaded before import = 0Number of asset objects unloaded after import = 1

========================================================================
Received Import Request.
  Time since last request: 0.000078 seconds.
  path: Packages/com.unity.render-pipelines.universal/Editor/Terrain
  artifactKey: Guid(fc44513cb116d68479a07038666952cc) Importer(2089858483,b0f066a214c2f5e87bad3c948f4d605d)
Start importing Packages/com.unity.render-pipelines.universal/Editor/Terrain using Guid(fc44513cb116d68479a07038666952cc) Importer(2089858483,b0f066a214c2f5e87bad3c948f4d605d) (ScriptedImporter) -> (artifact id: 'fd6ac16560fc8978a65e9b06ab6a7309') in 0.00226575 seconds
Number of updated asset objects reloaded before import = 0Number of asset objects unloaded after import = 1

========================================================================
Received Import Request.
  Time since last request: 0.000065 seconds.
  path: Packages/com.unity.inputsystem/InputSystem/Editor/UITKAssetEditor
  artifactKey: Guid(bb0e7cd0be171ca4ca67132e36b7ccb5) Importer(2089858483,b0f066a214c2f5e87bad3c948f4d605d)
Start importing Packages/com.unity.inputsystem/InputSystem/Editor/UITKAssetEditor using Guid(bb0e7cd0be171ca4ca67132e36b7ccb5) Importer(2089858483,b0f066a214c2f5e87bad3c948f4d605d) (ScriptedImporter) -> (artifact id: '3f27e46d9061ed9149accb503f3217c4') in 0.002168791 seconds
Number of updated asset objects reloaded before import = 0Number of asset objects unloaded after import = 1

========================================================================
Received Import Request.
  Time since last request: 0.000052 seconds.
  path: Packages/com.unity.render-pipelines.universal/Runtime/2D
  artifactKey: Guid(5fbe43a4058e69f4ca1ac77ea6e1bda6) Importer(2089858483,b0f066a214c2f5e87bad3c948f4d605d)
Start importing Packages/com.unity.render-pipelines.universal/Runtime/2D using Guid(5fbe43a4058e69f4ca1ac77ea6e1bda6) Importer(2089858483,b0f066a214c2f5e87bad3c948f4d605d) (ScriptedImporter) -> (artifact id: 'b7f6bce1ce8e7df2bff0c834b7e2e6bc') in 0.002553291 seconds
Number of updated asset objects reloaded before import = 0Number of asset objects unloaded after import = 1

========================================================================
Received Import Request.
  Time since last request: 0.000046 seconds.
  path: Packages/com.unity.mathematics/Unity.Mathematics/Geometry
  artifactKey: Guid(8179f9b7bb3904f5ba86140bea0a128b) Importer(2089858483,b0f066a214c2f5e87bad3c948f4d605d)
Start importing Packages/com.unity.mathematics/Unity.Mathematics/Geometry using Guid(8179f9b7bb3904f5ba86140bea0a128b) Importer(2089858483,b0f066a214c2f5e87bad3c948f4d605d) (ScriptedImporter) -> (artifact id: '20691e3ac8d24c87ec9736dda5e97598') in 0.001808334 seconds
Number of updated asset objects reloaded before import = 0Number of asset objects unloaded after import = 1

========================================================================
Received Import Request.
  Time since last request: 0.000062 seconds.
  path: Packages/com.unity.visualscripting/Editor/VisualScripting.Flow/Framework/Control
  artifactKey: Guid(7fa0110038ac741958220c7ffa78ba9a) Importer(2089858483,b0f066a214c2f5e87bad3c948f4d605d)
Start importing Packages/com.unity.visualscripting/Editor/VisualScripting.Flow/Framework/Control using Guid(7fa0110038ac741958220c7ffa78ba9a) Importer(2089858483,b0f066a214c2f5e87bad3c948f4d605d) (ScriptedImporter) -> (artifact id: '7aa3bbf3c71f6708e38a76efe49e5e94') in 0.002090166 seconds
Number of updated asset objects reloaded before import = 0Number of asset objects unloaded after import = 1

========================================================================
Received Import Request.
  Time since last request: 0.000065 seconds.
  path: Packages/com.unity.2d.tilemap/Tests
  artifactKey: Guid(2bfef0473016eee4fa9d9bd505a1edd5) Importer(2089858483,b0f066a214c2f5e87bad3c948f4d605d)
Start importing Packages/com.unity.2d.tilemap/Tests using Guid(2bfef0473016eee4fa9d9bd505a1edd5) Importer(2089858483,b0f066a214c2f5e87bad3c948f4d605d) (ScriptedImporter) -> (artifact id: 'df9770da862e845c97011711d436e980') in 0.002043667 seconds
Number of updated asset objects reloaded before import = 0Number of asset objects unloaded after import = 1

========================================================================
Received Import Request.
  Time since last request: 0.000064 seconds.
  path: Packages/com.unity.mathematics/Unity.Mathematics/Properties
  artifactKey: Guid(d3e017d9ad3f00a4c9e234b0236911b7) Importer(2089858483,b0f066a214c2f5e87bad3c948f4d605d)
Start importing Packages/com.unity.mathematics/Unity.Mathematics/Properties using Guid(d3e017d9ad3f00a4c9e234b0236911b7) Importer(2089858483,b0f066a214c2f5e87bad3c948f4d605d) (ScriptedImporter) -> (artifact id: '697c500508e6e4085f476d4a0d809ffd') in 0.002131584 seconds
Number of updated asset objects reloaded before import = 0Number of asset objects unloaded after import = 1

========================================================================
Received Import Request.
  Time since last request: 0.000051 seconds.
  path: Packages/com.unity.render-pipelines.universal/Editor/ShaderGraph/Nodes
  artifactKey: Guid(6979e5ac3dcd9e147be8acbcea517686) Importer(2089858483,b0f066a214c2f5e87bad3c948f4d605d)
Start importing Packages/com.unity.render-pipelines.universal/Editor/ShaderGraph/Nodes using Guid(6979e5ac3dcd9e147be8acbcea517686) Importer(2089858483,b0f066a214c2f5e87bad3c948f4d605d) (ScriptedImporter) -> (artifact id: '6da90ce58c88ae30f8161eb9c1ccc256') in 0.002127125 seconds
Number of updated asset objects reloaded before import = 0Number of asset objects unloaded after import = 1

========================================================================
Received Import Request.
  Time since last request: 0.000039 seconds.
  path: Packages/com.unity.render-pipelines.core/Runtime/Camera
  artifactKey: Guid(e99921594db38ce4cbb616f0ca87148d) Importer(2089858483,b0f066a214c2f5e87bad3c948f4d605d)
Start importing Packages/com.unity.render-pipelines.core/Runtime/Camera using Guid(e99921594db38ce4cbb616f0ca87148d) Importer(2089858483,b0f066a214c2f5e87bad3c948f4d605d) (ScriptedImporter) -> (artifact id: '555b17af84e72e60e25c8686a39b22ca') in 0.001911833 seconds
Number of updated asset objects reloaded before import = 0Number of asset objects unloaded after import = 1

========================================================================
Received Import Request.
  Time since last request: 0.000040 seconds.
  path: Packages/com.unity.render-pipelines.universal/Editor/2D
  artifactKey: Guid(b3fb8b56aca55544ca9b8d53bc19e031) Importer(2089858483,b0f066a214c2f5e87bad3c948f4d605d)
Start importing Packages/com.unity.render-pipelines.universal/Editor/2D using Guid(b3fb8b56aca55544ca9b8d53bc19e031) Importer(2089858483,b0f066a214c2f5e87bad3c948f4d605d) (ScriptedImporter) -> (artifact id: 'b5bbdda5418f743252874e5c46bfc33b') in 0.002072583 seconds
Number of updated asset objects reloaded before import = 0Number of asset objects unloaded after import = 1

========================================================================
Received Import Request.
  Time since last request: 0.000064 seconds.
  path: Packages/com.unity.ugui/Runtime/UGUI
  artifactKey: Guid(1817d28a5343b4ec19b4ec7903730e2c) Importer(2089858483,b0f066a214c2f5e87bad3c948f4d605d)
Start importing Packages/com.unity.ugui/Runtime/UGUI using Guid(1817d28a5343b4ec19b4ec7903730e2c) Importer(2089858483,b0f066a214c2f5e87bad3c948f4d605d) (ScriptedImporter) -> (artifact id: 'ccd3f6fa4cdf6efe595b8f25f74e6292') in 0.002206583 seconds
Number of updated asset objects reloaded before import = 0Number of asset objects unloaded after import = 1

========================================================================
Received Import Request.
  Time since last request: 0.000036 seconds.
  path: Packages/com.unity.render-pipelines.universal/Editor/Converter/PPv2
  artifactKey: Guid(aaea8397f87188a4fb3a7451bf0ea320) Importer(2089858483,b0f066a214c2f5e87bad3c948f4d605d)
Start importing Packages/com.unity.render-pipelines.universal/Editor/Converter/PPv2 using Guid(aaea8397f87188a4fb3a7451bf0ea320) Importer(2089858483,b0f066a214c2f5e87bad3c948f4d605d) (ScriptedImporter) -> (artifact id: 'ea632d5134b6ecacd92fc4caef60f763') in 0.001918625 seconds
Number of updated asset objects reloaded before import = 0Number of asset objects unloaded after import = 1

========================================================================
Received Import Request.
  Time since last request: 0.000048 seconds.
  path: Packages/com.unity.render-pipelines.universal/Editor/VFXGraph/Shaders/Templates/ParticleLinesSW
  artifactKey: Guid(792601c2ba0e2bc41986706670f378d4) Importer(2089858483,b0f066a214c2f5e87bad3c948f4d605d)
Start importing Packages/com.unity.render-pipelines.universal/Editor/VFXGraph/Shaders/Templates/ParticleLinesSW using Guid(792601c2ba0e2bc41986706670f378d4) Importer(2089858483,b0f066a214c2f5e87bad3c948f4d605d) (ScriptedImporter) -> (artifact id: '8a44d60fd84e291e2bbb550fff4d8d18') in 0.002040584 seconds
Number of updated asset objects reloaded before import = 0Number of asset objects unloaded after import = 1

========================================================================
Received Import Request.
  Time since last request: 0.000058 seconds.
  path: Packages/com.unity.render-pipelines.core/Editor/Debugging
  artifactKey: Guid(dca094a63ee8e4df7b043d29c2c100e4) Importer(2089858483,b0f066a214c2f5e87bad3c948f4d605d)
Start importing Packages/com.unity.render-pipelines.core/Editor/Debugging using Guid(dca094a63ee8e4df7b043d29c2c100e4) Importer(2089858483,b0f066a214c2f5e87bad3c948f4d605d) (ScriptedImporter) -> (artifact id: '6af9fc6aa4eaeb69797ee91f43509fbd') in 0.002034542 seconds
Number of updated asset objects reloaded before import = 0Number of asset objects unloaded after import = 1

========================================================================
Received Import Request.
  Time since last request: 0.000052 seconds.
  path: Packages/com.unity.nuget.mono-cecil/Tests
  artifactKey: Guid(0600146fb26ea4138a2f66b89faa9e86) Importer(2089858483,b0f066a214c2f5e87bad3c948f4d605d)
Start importing Packages/com.unity.nuget.mono-cecil/Tests using Guid(0600146fb26ea4138a2f66b89faa9e86) Importer(2089858483,b0f066a214c2f5e87bad3c948f4d605d) (ScriptedImporter) -> (artifact id: '4108db3c3a1ff76f70704784ec5e1099') in 0.001978417 seconds
Number of updated asset objects reloaded before import = 0Number of asset objects unloaded after import = 1

========================================================================
Received Import Request.
  Time since last request: 0.000046 seconds.
  path: Packages/com.unity.shadergraph
  artifactKey: Guid(9a2fc9d62c0ca9a4297723b7091fa9dd) Importer(2089858483,b0f066a214c2f5e87bad3c948f4d605d)
Start importing Packages/com.unity.shadergraph using Guid(9a2fc9d62c0ca9a4297723b7091fa9dd) Importer(2089858483,b0f066a214c2f5e87bad3c948f4d605d) (ScriptedImporter) -> (artifact id: '6c7d338f4d508803f1483840cf22b1f6') in 0.002243375 seconds
Number of updated asset objects reloaded before import = 0Number of asset objects unloaded after import = 1

========================================================================
Received Import Request.
  Time since last request: 0.000056 seconds.
  path: Packages/com.unity.visualscripting/Editor/VisualScripting.Core/Widgets/Groups
  artifactKey: Guid(c460866bde9104774ada13f4d9e92b25) Importer(2089858483,b0f066a214c2f5e87bad3c948f4d605d)
Start importing Packages/com.unity.visualscripting/Editor/VisualScripting.Core/Widgets/Groups using Guid(c460866bde9104774ada13f4d9e92b25) Importer(2089858483,b0f066a214c2f5e87bad3c948f4d605d) (ScriptedImporter) -> (artifact id: '944e916b8202d3102e8da839f8ea9014') in 0.0021125 seconds
Number of updated asset objects reloaded before import = 0Number of asset objects unloaded after import = 1

========================================================================
Received Import Request.
  Time since last request: 0.000052 seconds.
  path: Packages/com.unity.collab-proxy/Editor/Diff/Image/Toolbar
  artifactKey: Guid(0b923e169a5f4f878c5dba1c299ee4ab) Importer(2089858483,b0f066a214c2f5e87bad3c948f4d605d)
Start importing Packages/com.unity.collab-proxy/Editor/Diff/Image/Toolbar using Guid(0b923e169a5f4f878c5dba1c299ee4ab) Importer(2089858483,b0f066a214c2f5e87bad3c948f4d605d) (ScriptedImporter) -> (artifact id: '2854b30851be32cda990f3edf615a830') in 0.002148334 seconds
Number of updated asset objects reloaded before import = 0Number of asset objects unloaded after import = 1

========================================================================
Received Import Request.
  Time since last request: 0.000066 seconds.
  path: Packages/com.unity.shadergraph/Editor/Data/Nodes/Channel
  artifactKey: Guid(9e3d3d0ce68bbc843b9b8734ab8d4f02) Importer(2089858483,b0f066a214c2f5e87bad3c948f4d605d)
Start importing Packages/com.unity.shadergraph/Editor/Data/Nodes/Channel using Guid(9e3d3d0ce68bbc843b9b8734ab8d4f02) Importer(2089858483,b0f066a214c2f5e87bad3c948f4d605d) (ScriptedImporter) -> (artifact id: '49b5b65321acca2961c6b31746533713') in 0.002074709 seconds
Number of updated asset objects reloaded before import = 0Number of asset objects unloaded after import = 1

========================================================================
Received Import Request.
  Time since last request: 0.000037 seconds.
  path: Packages/com.unity.test-framework.performance/Runtime/Attributes
  artifactKey: Guid(d2bd35c14da30b94c81ec15c7db30136) Importer(2089858483,b0f066a214c2f5e87bad3c948f4d605d)
Start importing Packages/com.unity.test-framework.performance/Runtime/Attributes using Guid(d2bd35c14da30b94c81ec15c7db30136) Importer(2089858483,b0f066a214c2f5e87bad3c948f4d605d) (ScriptedImporter) -> (artifact id: '9e6db895b170ecd5294210f163584db9') in 0.002107084 seconds
Number of updated asset objects reloaded before import = 0Number of asset objects unloaded after import = 1

========================================================================
Received Import Request.
  Time since last request: 0.000051 seconds.
  path: Packages/com.unity.ugui/Tests/Editor/UGUI/UI
  artifactKey: Guid(e7689eda3a8b1a847a8b197dbe90d9a6) Importer(2089858483,b0f066a214c2f5e87bad3c948f4d605d)
Start importing Packages/com.unity.ugui/Tests/Editor/UGUI/UI using Guid(e7689eda3a8b1a847a8b197dbe90d9a6) Importer(2089858483,b0f066a214c2f5e87bad3c948f4d605d) (ScriptedImporter) -> (artifact id: 'f225b8e383aa126e36c8d80512157cd7') in 0.0021535 seconds
Number of updated asset objects reloaded before import = 0Number of asset objects unloaded after import = 1

========================================================================
Received Import Request.
  Time since last request: 0.000042 seconds.
  path: Packages/com.unity.2d.spriteshape/Editor/ObjectMenuCreation
  artifactKey: Guid(747c53103cdff47fe98cef9648120fc2) Importer(2089858483,b0f066a214c2f5e87bad3c948f4d605d)
Start importing Packages/com.unity.2d.spriteshape/Editor/ObjectMenuCreation using Guid(747c53103cdff47fe98cef9648120fc2) Importer(2089858483,b0f066a214c2f5e87bad3c948f4d605d) (ScriptedImporter) -> (artifact id: '947fb055875f09eff49f8891e310b275') in 0.00212575 seconds
Number of updated asset objects reloaded before import = 0Number of asset objects unloaded after import = 1

========================================================================
Received Import Request.
  Time since last request: 0.000050 seconds.
  path: Packages/com.unity.2d.common/Runtime/URaster2D
  artifactKey: Guid(b9292204ad185184b89881e88afe9688) Importer(2089858483,b0f066a214c2f5e87bad3c948f4d605d)
Start importing Packages/com.unity.2d.common/Runtime/URaster2D using Guid(b9292204ad185184b89881e88afe9688) Importer(2089858483,b0f066a214c2f5e87bad3c948f4d605d) (ScriptedImporter) -> (artifact id: '3df7349bd164cccc2333857e22e71ae3') in 0.002107167 seconds
Number of updated asset objects reloaded before import = 0Number of asset objects unloaded after import = 1

========================================================================
Received Import Request.
  Time since last request: 0.000050 seconds.
  path: Packages/com.unity.render-pipelines.universal/Runtime/2D/Data/Textures
  artifactKey: Guid(fea15e5ce57d36d489e00e9111e1c9ae) Importer(2089858483,b0f066a214c2f5e87bad3c948f4d605d)
Start importing Packages/com.unity.render-pipelines.universal/Runtime/2D/Data/Textures using Guid(fea15e5ce57d36d489e00e9111e1c9ae) Importer(2089858483,b0f066a214c2f5e87bad3c948f4d605d) (ScriptedImporter) -> (artifact id: '898ad9f49c1ed7d1014d4e99999400b1') in 0.0021755 seconds
Number of updated asset objects reloaded before import = 0Number of asset objects unloaded after import = 1

========================================================================
Received Import Request.
  Time since last request: 0.000058 seconds.
  path: Packages/com.unity.test-framework/UnityEditor.TestRunner/GUI/Views
  artifactKey: Guid(c5535d742ea2e4941850b421f9c70a1f) Importer(2089858483,b0f066a214c2f5e87bad3c948f4d605d)
Start importing Packages/com.unity.test-framework/UnityEditor.TestRunner/GUI/Views using Guid(c5535d742ea2e4941850b421f9c70a1f) Importer(2089858483,b0f066a214c2f5e87bad3c948f4d605d) (ScriptedImporter) -> (artifact id: 'a6e3f2915172e146979a3f72d091360e') in 0.002205584 seconds
Number of updated asset objects reloaded before import = 0Number of asset objects unloaded after import = 1

========================================================================
Received Import Request.
  Time since last request: 0.000064 seconds.
  path: Packages/com.unity.test-framework/UnityEngine.TestRunner/TestRunner/RemoteHelpers
  artifactKey: Guid(91c20d2c22b8b3a4cb6c816bd225591a) Importer(2089858483,b0f066a214c2f5e87bad3c948f4d605d)
Start importing Packages/com.unity.test-framework/UnityEngine.TestRunner/TestRunner/RemoteHelpers using Guid(91c20d2c22b8b3a4cb6c816bd225591a) Importer(2089858483,b0f066a214c2f5e87bad3c948f4d605d) (ScriptedImporter) -> (artifact id: 'a6d69417ab48b3c47b14e40758f8c4a1') in 0.002003917 seconds
Number of updated asset objects reloaded before import = 0Number of asset objects unloaded after import = 1

========================================================================
Received Import Request.
  Time since last request: 0.000046 seconds.
  path: Packages/com.unity.visualscripting/Runtime/VisualScripting.Flow/Framework/Events/Navigation
  artifactKey: Guid(b8ac8dd9dd1c8423db2701d5bd6aeb00) Importer(2089858483,b0f066a214c2f5e87bad3c948f4d605d)
Start importing Packages/com.unity.visualscripting/Runtime/VisualScripting.Flow/Framework/Events/Navigation using Guid(b8ac8dd9dd1c8423db2701d5bd6aeb00) Importer(2089858483,b0f066a214c2f5e87bad3c948f4d605d) (ScriptedImporter) -> (artifact id: '5641518200a2f7f8792458191f64badd') in 0.002153333 seconds
Number of updated asset objects reloaded before import = 0Number of asset objects unloaded after import = 1

========================================================================
Received Import Request.
  Time since last request: 0.000046 seconds.
  path: Packages/com.unity.visualscripting/Editor/VisualScripting.Flow/Framework/Variables/Obsolete
  artifactKey: Guid(51cfb7de5f5e440b5bef2d44350468ac) Importer(2089858483,b0f066a214c2f5e87bad3c948f4d605d)
Start importing Packages/com.unity.visualscripting/Editor/VisualScripting.Flow/Framework/Variables/Obsolete using Guid(51cfb7de5f5e440b5bef2d44350468ac) Importer(2089858483,b0f066a214c2f5e87bad3c948f4d605d) (ScriptedImporter) -> (artifact id: '19b3d44d3134d4d4f0fa6498ea5179b0') in 0.002701416 seconds
Number of updated asset objects reloaded before import = 0Number of asset objects unloaded after import = 1

========================================================================
Received Import Request.
  Time since last request: 0.000055 seconds.
  path: Packages/com.unity.visualscripting/Editor/VisualScripting.Core/Plugins
  artifactKey: Guid(9397bf768746f40dcac0070d1101cb36) Importer(2089858483,b0f066a214c2f5e87bad3c948f4d605d)
Start importing Packages/com.unity.visualscripting/Editor/VisualScripting.Core/Plugins using Guid(9397bf768746f40dcac0070d1101cb36) Importer(2089858483,b0f066a214c2f5e87bad3c948f4d605d) (ScriptedImporter) -> (artifact id: 'ab404699d09649bf41a4770aa5ceda1b') in 0.00204125 seconds
Number of updated asset objects reloaded before import = 0Number of asset objects unloaded after import = 1

========================================================================
Received Import Request.
  Time since last request: 0.000052 seconds.
  path: Packages/com.unity.render-pipelines.universal/Tests/Editor/URPGlobalSettingsMigrationTests
  artifactKey: Guid(2d428e2ad3bcf4344a7b4d4c8a2daa1a) Importer(2089858483,b0f066a214c2f5e87bad3c948f4d605d)
Start importing Packages/com.unity.render-pipelines.universal/Tests/Editor/URPGlobalSettingsMigrationTests using Guid(2d428e2ad3bcf4344a7b4d4c8a2daa1a) Importer(2089858483,b0f066a214c2f5e87bad3c948f4d605d) (ScriptedImporter) -> (artifact id: 'c72a58467e435de5c94eeba345c128d2') in 0.002271375 seconds
Number of updated asset objects reloaded before import = 0Number of asset objects unloaded after import = 1

========================================================================
Received Import Request.
  Time since last request: 0.000052 seconds.
  path: Packages/com.unity.render-pipelines.universal/Runtime/Decal
  artifactKey: Guid(219911eb3a3b7d54e8218af5aca772dd) Importer(2089858483,b0f066a214c2f5e87bad3c948f4d605d)
Start importing Packages/com.unity.render-pipelines.universal/Runtime/Decal using Guid(219911eb3a3b7d54e8218af5aca772dd) Importer(2089858483,b0f066a214c2f5e87bad3c948f4d605d) (ScriptedImporter) -> (artifact id: '13312c230a81a4e73dd289736225c5fc') in 0.002047916 seconds
Number of updated asset objects reloaded before import = 0Number of asset objects unloaded after import = 1

========================================================================
Received Import Request.
  Time since last request: 0.000063 seconds.
  path: Packages/com.unity.visualscripting/Editor/VisualScripting.Core/Descriptors
  artifactKey: Guid(78cf5b8e2fa234051a5184242e613a26) Importer(2089858483,b0f066a214c2f5e87bad3c948f4d605d)
Start importing Packages/com.unity.visualscripting/Editor/VisualScripting.Core/Descriptors using Guid(78cf5b8e2fa234051a5184242e613a26) Importer(2089858483,b0f066a214c2f5e87bad3c948f4d605d) (ScriptedImporter) -> (artifact id: 'da4b1026145375cc48061950654f3b0c') in 0.002075917 seconds
Number of updated asset objects reloaded before import = 0Number of asset objects unloaded after import = 1

========================================================================
Received Import Request.
  Time since last request: 0.000067 seconds.
  path: Packages/com.unity.visualscripting/Editor/VisualScripting.State/Plugin
  artifactKey: Guid(bf692785fed1a4d2c826ba2f5509edff) Importer(2089858483,b0f066a214c2f5e87bad3c948f4d605d)
Start importing Packages/com.unity.visualscripting/Editor/VisualScripting.State/Plugin using Guid(bf692785fed1a4d2c826ba2f5509edff) Importer(2089858483,b0f066a214c2f5e87bad3c948f4d605d) (ScriptedImporter) -> (artifact id: 'ad1947feef307d383171b5716b16e46c') in 0.002076583 seconds
Number of updated asset objects reloaded before import = 0Number of asset objects unloaded after import = 1

========================================================================
Received Import Request.
  Time since last request: 0.000059 seconds.
  path: Packages/com.unity.render-pipelines.core/Runtime/GPUDriven/Components
  artifactKey: Guid(efa82a5fd775b99479c361771fb9e6d1) Importer(2089858483,b0f066a214c2f5e87bad3c948f4d605d)
Start importing Packages/com.unity.render-pipelines.core/Runtime/GPUDriven/Components using Guid(efa82a5fd775b99479c361771fb9e6d1) Importer(2089858483,b0f066a214c2f5e87bad3c948f4d605d) (ScriptedImporter) -> (artifact id: '35fb7b3baa851ab21b0467f4272260cb') in 0.001962375 seconds
Number of updated asset objects reloaded before import = 0Number of asset objects unloaded after import = 1

========================================================================
Received Import Request.
  Time since last request: 0.000062 seconds.
  path: Packages/com.unity.collab-proxy/Editor/UI/UnityInternals/UnityEditor
  artifactKey: Guid(ceb46eb2d5b64017b74f9fb0e50fdf1e) Importer(2089858483,b0f066a214c2f5e87bad3c948f4d605d)
Start importing Packages/com.unity.collab-proxy/Editor/UI/UnityInternals/UnityEditor using Guid(ceb46eb2d5b64017b74f9fb0e50fdf1e) Importer(2089858483,b0f066a214c2f5e87bad3c948f4d605d) (ScriptedImporter) -> (artifact id: 'c33f08cd8413c69a91d0f93dedd94ac2') in 0.002025084 seconds
Number of updated asset objects reloaded before import = 0Number of asset objects unloaded after import = 1

========================================================================
Received Import Request.
  Time since last request: 0.000050 seconds.
  path: Packages/com.unity.timeline/Editor/Manipulators/Sequence
  artifactKey: Guid(dec586c160776104da4d9a4e472662bc) Importer(2089858483,b0f066a214c2f5e87bad3c948f4d605d)
Start importing Packages/com.unity.timeline/Editor/Manipulators/Sequence using Guid(dec586c160776104da4d9a4e472662bc) Importer(2089858483,b0f066a214c2f5e87bad3c948f4d605d) (ScriptedImporter) -> (artifact id: 'f56248e875602aa231d311ec954ec1b0') in 0.002010375 seconds
Number of updated asset objects reloaded before import = 0Number of asset objects unloaded after import = 1

========================================================================
Received Import Request.
  Time since last request: 0.000077 seconds.
  path: Packages/com.unity.shadergraph/Editor/Data/Nodes/Procedural
  artifactKey: Guid(e74e11761cab2b446b96ce63e2d657b3) Importer(2089858483,b0f066a214c2f5e87bad3c948f4d605d)
Start importing Packages/com.unity.shadergraph/Editor/Data/Nodes/Procedural using Guid(e74e11761cab2b446b96ce63e2d657b3) Importer(2089858483,b0f066a214c2f5e87bad3c948f4d605d) (ScriptedImporter) -> (artifact id: '17fbe39046080f4767e7c273df669e18') in 0.002164625 seconds
Number of updated asset objects reloaded before import = 0Number of asset objects unloaded after import = 1

========================================================================
Received Import Request.
  Time since last request: 0.000057 seconds.
  path: Packages/com.unity.shadergraph/ShaderGraphLibrary
  artifactKey: Guid(c1bc9b92d5eaa40f8a85c1f48ba87de9) Importer(2089858483,b0f066a214c2f5e87bad3c948f4d605d)
Start importing Packages/com.unity.shadergraph/ShaderGraphLibrary using Guid(c1bc9b92d5eaa40f8a85c1f48ba87de9) Importer(2089858483,b0f066a214c2f5e87bad3c948f4d605d) (ScriptedImporter) -> (artifact id: '1c1b3d8edc9b8341161e9bda774c4331') in 0.002032875 seconds
Number of updated asset objects reloaded before import = 0Number of asset objects unloaded after import = 1

========================================================================
Received Import Request.
  Time since last request: 0.000050 seconds.
  path: Assets/Settings
  artifactKey: Guid(0220aab0833d04faeb927d84ca6cc40c) Importer(2089858483,b0f066a214c2f5e87bad3c948f4d605d)
Start importing Assets/Settings using Guid(0220aab0833d04faeb927d84ca6cc40c) Importer(2089858483,b0f066a214c2f5e87bad3c948f4d605d) (ScriptedImporter) -> (artifact id: 'c757bc5f06cb8ad61299302bd96c0e3e') in 0.002148292 seconds
Number of updated asset objects reloaded before import = 0Number of asset objects unloaded after import = 1

========================================================================
Received Import Request.
  Time since last request: 0.000055 seconds.
  path: Packages/com.unity.collab-proxy/Editor/Diff/Image/Views/OnionSkin
  artifactKey: Guid(e1ed640bd70fd427bbd3b9e95533ce87) Importer(2089858483,b0f066a214c2f5e87bad3c948f4d605d)
Start importing Packages/com.unity.collab-proxy/Editor/Diff/Image/Views/OnionSkin using Guid(e1ed640bd70fd427bbd3b9e95533ce87) Importer(2089858483,b0f066a214c2f5e87bad3c948f4d605d) (ScriptedImporter) -> (artifact id: '213742481973dbaee71398408d63586b') in 0.002162416 seconds
Number of updated asset objects reloaded before import = 0Number of asset objects unloaded after import = 1

========================================================================
Received Import Request.
  Time since last request: 0.000058 seconds.
  path: Packages/com.unity.visualscripting/Runtime/VisualScripting.Core/Utilities
  artifactKey: Guid(7380bdb10911e46088c418ce65f7f297) Importer(2089858483,b0f066a214c2f5e87bad3c948f4d605d)
Start importing Packages/com.unity.visualscripting/Runtime/VisualScripting.Core/Utilities using Guid(7380bdb10911e46088c418ce65f7f297) Importer(2089858483,b0f066a214c2f5e87bad3c948f4d605d) (ScriptedImporter) -> (artifact id: 'd9811324256509ad3980d623f550c123') in 0.002056375 seconds
Number of updated asset objects reloaded before import = 0Number of asset objects unloaded after import = 1

========================================================================
Received Import Request.
  Time since last request: 0.000076 seconds.
  path: Packages/com.unity.2d.animation/Editor/SkinningModule/Selectors
  artifactKey: Guid(37f3979cbd2490a4c87552d59e76b1f6) Importer(2089858483,b0f066a214c2f5e87bad3c948f4d605d)
Start importing Packages/com.unity.2d.animation/Editor/SkinningModule/Selectors using Guid(37f3979cbd2490a4c87552d59e76b1f6) Importer(2089858483,b0f066a214c2f5e87bad3c948f4d605d) (ScriptedImporter) -> (artifact id: '3adaf6dd7439f7da696fed569eee6da4') in 0.002161291 seconds
Number of updated asset objects reloaded before import = 0Number of asset objects unloaded after import = 1

========================================================================
Received Import Request.
  Time since last request: 0.000084 seconds.
  path: Packages/com.unity.2d.animation/IK/Runtime/Culling
  artifactKey: Guid(3c89b25b03da4643898f9943d7eafa4c) Importer(2089858483,b0f066a214c2f5e87bad3c948f4d605d)
Start importing Packages/com.unity.2d.animation/IK/Runtime/Culling using Guid(3c89b25b03da4643898f9943d7eafa4c) Importer(2089858483,b0f066a214c2f5e87bad3c948f4d605d) (ScriptedImporter) -> (artifact id: '6701b34d1ff76c42cd83905a287b396e') in 0.00238375 seconds
Number of updated asset objects reloaded before import = 0Number of asset objects unloaded after import = 1

========================================================================
Received Import Request.
  Time since last request: 0.000079 seconds.
  path: Packages/com.unity.ide.visualstudio/Editor/Testing
  artifactKey: Guid(7f9f1d015d7a8ba46b7d71acfcda3ae7) Importer(2089858483,b0f066a214c2f5e87bad3c948f4d605d)
Start importing Packages/com.unity.ide.visualstudio/Editor/Testing using Guid(7f9f1d015d7a8ba46b7d71acfcda3ae7) Importer(2089858483,b0f066a214c2f5e87bad3c948f4d605d) (ScriptedImporter) -> (artifact id: '40217e7e2924c496712985a4598e9e2a') in 0.002142583 seconds
Number of updated asset objects reloaded before import = 0Number of asset objects unloaded after import = 1

========================================================================
Received Import Request.
  Time since last request: 0.000042 seconds.
  path: Packages/com.unity.collab-proxy/Editor/Diff/Text
  artifactKey: Guid(ffaef7825f6e4fa2ad277b30964412a3) Importer(2089858483,b0f066a214c2f5e87bad3c948f4d605d)
Start importing Packages/com.unity.collab-proxy/Editor/Diff/Text using Guid(ffaef7825f6e4fa2ad277b30964412a3) Importer(2089858483,b0f066a214c2f5e87bad3c948f4d605d) (ScriptedImporter) -> (artifact id: '01aeb08858bf2d248f47cbdd692211b0') in 0.002057625 seconds
Number of updated asset objects reloaded before import = 0Number of asset objects unloaded after import = 1

========================================================================
Received Import Request.
  Time since last request: 0.000051 seconds.
  path: Packages/com.unity.burst/Runtime/Intrinsics/Arm
  artifactKey: Guid(2893f6d998ac3104919ec7e11aa597cd) Importer(2089858483,b0f066a214c2f5e87bad3c948f4d605d)
Start importing Packages/com.unity.burst/Runtime/Intrinsics/Arm using Guid(2893f6d998ac3104919ec7e11aa597cd) Importer(2089858483,b0f066a214c2f5e87bad3c948f4d605d) (ScriptedImporter) -> (artifact id: '7d21c33cdefea6b2727a5c0a80145ecd') in 0.002203167 seconds
Number of updated asset objects reloaded before import = 0Number of asset objects unloaded after import = 1

========================================================================
Received Import Request.
  Time since last request: 0.000038 seconds.
  path: Packages/com.unity.shadergraph/Editor/Resources/GraphView
  artifactKey: Guid(80f811e405d64564b1c671c9813ea9a9) Importer(2089858483,b0f066a214c2f5e87bad3c948f4d605d)
Start importing Packages/com.unity.shadergraph/Editor/Resources/GraphView using Guid(80f811e405d64564b1c671c9813ea9a9) Importer(2089858483,b0f066a214c2f5e87bad3c948f4d605d) (ScriptedImporter) -> (artifact id: 'cb2493e8c38b4c76ee7df43aebb2e151') in 0.001951125 seconds
Number of updated asset objects reloaded before import = 0Number of asset objects unloaded after import = 1

========================================================================
Received Import Request.
  Time since last request: 0.000065 seconds.
  path: Packages/com.unity.2d.animation/Tests/Editor
  artifactKey: Guid(b9da5ea5902f0ed42a2acecf3332a648) Importer(2089858483,b0f066a214c2f5e87bad3c948f4d605d)
Start importing Packages/com.unity.2d.animation/Tests/Editor using Guid(b9da5ea5902f0ed42a2acecf3332a648) Importer(2089858483,b0f066a214c2f5e87bad3c948f4d605d) (ScriptedImporter) -> (artifact id: '8abb8261e090be633fa47ee412bae0ca') in 0.007937958 seconds
Number of updated asset objects reloaded before import = 0Number of asset objects unloaded after import = 1

========================================================================
Received Import Request.
  Time since last request: 0.000039 seconds.
  path: Packages/com.unity.render-pipelines.universal/Editor/VFXGraph/Shaders/Templates/ParticleMeshesLit
  artifactKey: Guid(76287eaf161827c40994b1ba2f2af31f) Importer(2089858483,b0f066a214c2f5e87bad3c948f4d605d)
Start importing Packages/com.unity.render-pipelines.universal/Editor/VFXGraph/Shaders/Templates/ParticleMeshesLit using Guid(76287eaf161827c40994b1ba2f2af31f) Importer(2089858483,b0f066a214c2f5e87bad3c948f4d605d) (ScriptedImporter) -> (artifact id: 'fd4c15291a93726302f6445530f13fd3') in 0.004188042 seconds
Number of updated asset objects reloaded before import = 0Number of asset objects unloaded after import = 1

========================================================================
Received Import Request.
  Time since last request: 0.000039 seconds.
  path: Packages/com.unity.render-pipelines.core/Runtime/Common
  artifactKey: Guid(e58bd4f13d26cde488393d3a2e9bf9cd) Importer(2089858483,b0f066a214c2f5e87bad3c948f4d605d)
Start importing Packages/com.unity.render-pipelines.core/Runtime/Common using Guid(e58bd4f13d26cde488393d3a2e9bf9cd) Importer(2089858483,b0f066a214c2f5e87bad3c948f4d605d) (ScriptedImporter) -> (artifact id: 'c5f224acae227b526fcae846923a0ca4') in 0.002101709 seconds
Number of updated asset objects reloaded before import = 0Number of asset objects unloaded after import = 1

========================================================================
Received Import Request.
  Time since last request: 0.000064 seconds.
  path: Packages/com.unity.inputsystem/InputSystem/Editor/Analytics
  artifactKey: Guid(d7fcb545eb7743c8bd27f341b51151dc) Importer(2089858483,b0f066a214c2f5e87bad3c948f4d605d)
Start importing Packages/com.unity.inputsystem/InputSystem/Editor/Analytics using Guid(d7fcb545eb7743c8bd27f341b51151dc) Importer(2089858483,b0f066a214c2f5e87bad3c948f4d605d) (ScriptedImporter) -> (artifact id: '02805abddbcb0b483006c18a0ca8ac97') in 0.002019875 seconds
Number of updated asset objects reloaded before import = 0Number of asset objects unloaded after import = 1

========================================================================
Received Import Request.
  Time since last request: 0.000039 seconds.
  path: Packages/com.unity.2d.tilemap.extras/Runtime/Tiles/HexagonalRuleTile
  artifactKey: Guid(3d0cb420882fe5d48ba544c0bb493094) Importer(2089858483,b0f066a214c2f5e87bad3c948f4d605d)
Start importing Packages/com.unity.2d.tilemap.extras/Runtime/Tiles/HexagonalRuleTile using Guid(3d0cb420882fe5d48ba544c0bb493094) Importer(2089858483,b0f066a214c2f5e87bad3c948f4d605d) (ScriptedImporter) -> (artifact id: '0ed95e77d8d9ca2efb74aa0a631fe513') in 0.002114792 seconds
Number of updated asset objects reloaded before import = 0Number of asset objects unloaded after import = 1

========================================================================
Received Import Request.
  Time since last request: 0.000036 seconds.
  path: Packages/com.unity.render-pipelines.core/Editor/Analytics
  artifactKey: Guid(d51fac0e1a1a7074ab4397427e551ea5) Importer(2089858483,b0f066a214c2f5e87bad3c948f4d605d)
Start importing Packages/com.unity.render-pipelines.core/Editor/Analytics using Guid(d51fac0e1a1a7074ab4397427e551ea5) Importer(2089858483,b0f066a214c2f5e87bad3c948f4d605d) (ScriptedImporter) -> (artifact id: '6e2151dcb94409e85a1aeebd8464d5e6') in 0.002107958 seconds
Number of updated asset objects reloaded before import = 0Number of asset objects unloaded after import = 1

========================================================================
Received Import Request.
  Time since last request: 0.000061 seconds.
  path: Packages/com.unity.2d.animation/Editor
  artifactKey: Guid(164d22a8da00e422a93e091c7bd338df) Importer(2089858483,b0f066a214c2f5e87bad3c948f4d605d)
Start importing Packages/com.unity.2d.animation/Editor using Guid(164d22a8da00e422a93e091c7bd338df) Importer(2089858483,b0f066a214c2f5e87bad3c948f4d605d) (ScriptedImporter) -> (artifact id: '54c7b736adc5f8480d3ae4d6ae9064dd') in 0.001995958 seconds
Number of updated asset objects reloaded before import = 0Number of asset objects unloaded after import = 1

========================================================================
Received Import Request.
  Time since last request: 0.000052 seconds.
  path: Packages/com.unity.ide.rider/Rider/Editor/PostProcessors
  artifactKey: Guid(aa290bd9a165a0543a4bf85ac73914bc) Importer(2089858483,b0f066a214c2f5e87bad3c948f4d605d)
Start importing Packages/com.unity.ide.rider/Rider/Editor/PostProcessors using Guid(aa290bd9a165a0543a4bf85ac73914bc) Importer(2089858483,b0f066a214c2f5e87bad3c948f4d605d) (ScriptedImporter) -> (artifact id: '595a23d3667a4bbf75c31b0361d97313') in 0.002019958 seconds
Number of updated asset objects reloaded before import = 0Number of asset objects unloaded after import = 1

========================================================================
Received Import Request.
  Time since last request: 0.000063 seconds.
  path: Packages/com.unity.2d.tilemap.extras/Runtime/Tiles/RuleTile
  artifactKey: Guid(ba757fb3d4cc7e641ab2b91814856b68) Importer(2089858483,b0f066a214c2f5e87bad3c948f4d605d)
Start importing Packages/com.unity.2d.tilemap.extras/Runtime/Tiles/RuleTile using Guid(ba757fb3d4cc7e641ab2b91814856b68) Importer(2089858483,b0f066a214c2f5e87bad3c948f4d605d) (ScriptedImporter) -> (artifact id: '3adb0cb0d50e043eaea3eee5e7f0056b') in 0.001981375 seconds
Number of updated asset objects reloaded before import = 0Number of asset objects unloaded after import = 1

========================================================================
Received Import Request.
  Time since last request: 0.000041 seconds.
  path: Packages/com.unity.render-pipelines.universal/Editor/Settings
  artifactKey: Guid(88ecf69fcba30494db90ac4b8ef6bdcd) Importer(2089858483,b0f066a214c2f5e87bad3c948f4d605d)
Start importing Packages/com.unity.render-pipelines.universal/Editor/Settings using Guid(88ecf69fcba30494db90ac4b8ef6bdcd) Importer(2089858483,b0f066a214c2f5e87bad3c948f4d605d) (ScriptedImporter) -> (artifact id: 'beda0edcf08ab810de5c58aa56630ab4') in 0.001892583 seconds
Number of updated asset objects reloaded before import = 0Number of asset objects unloaded after import = 1

========================================================================
Received Import Request.
  Time since last request: 0.000051 seconds.
  path: Packages/com.unity.visualscripting/Runtime/VisualScripting.Flow/Dependencies
  artifactKey: Guid(2e688b34379ad4462b284ae6a0cc3cdc) Importer(2089858483,b0f066a214c2f5e87bad3c948f4d605d)
Start importing Packages/com.unity.visualscripting/Runtime/VisualScripting.Flow/Dependencies using Guid(2e688b34379ad4462b284ae6a0cc3cdc) Importer(2089858483,b0f066a214c2f5e87bad3c948f4d605d) (ScriptedImporter) -> (artifact id: '24d5d0f6960f41d76e3298767237949c') in 0.001952625 seconds
Number of updated asset objects reloaded before import = 0Number of asset objects unloaded after import = 1

========================================================================
Received Import Request.
  Time since last request: 0.000046 seconds.
  path: Packages/com.unity.render-pipelines.universal/Editor/2D/ShaderGraph/AssetCallbacks
  artifactKey: Guid(702cc9b492bf4f6da778b0f5c996b7ad) Importer(2089858483,b0f066a214c2f5e87bad3c948f4d605d)
Start importing Packages/com.unity.render-pipelines.universal/Editor/2D/ShaderGraph/AssetCallbacks using Guid(702cc9b492bf4f6da778b0f5c996b7ad) Importer(2089858483,b0f066a214c2f5e87bad3c948f4d605d) (ScriptedImporter) -> (artifact id: 'a3bb348a45789b8ef0d21c4d69f94782') in 0.001985042 seconds
Number of updated asset objects reloaded before import = 0Number of asset objects unloaded after import = 1

========================================================================
Received Import Request.
  Time since last request: 0.000052 seconds.
  path: Packages/com.unity.inputsystem/InputSystem/Editor/UITKAssetEditor/Commands
  artifactKey: Guid(665321577aaff5344b5a12d626dfcaf7) Importer(2089858483,b0f066a214c2f5e87bad3c948f4d605d)
Start importing Packages/com.unity.inputsystem/InputSystem/Editor/UITKAssetEditor/Commands using Guid(665321577aaff5344b5a12d626dfcaf7) Importer(2089858483,b0f066a214c2f5e87bad3c948f4d605d) (ScriptedImporter) -> (artifact id: '95a480e0784788d9c51d6e050d72364c') in 0.001973167 seconds
Number of updated asset objects reloaded before import = 0Number of asset objects unloaded after import = 1

========================================================================
Received Import Request.
  Time since last request: 0.000049 seconds.
  path: Packages/com.unity.render-pipelines.universal/Editor/ShaderGraph/GraphTemplates/2D
  artifactKey: Guid(30d55c1054874cd45b0415318bf60fca) Importer(2089858483,b0f066a214c2f5e87bad3c948f4d605d)
Start importing Packages/com.unity.render-pipelines.universal/Editor/ShaderGraph/GraphTemplates/2D using Guid(30d55c1054874cd45b0415318bf60fca) Importer(2089858483,b0f066a214c2f5e87bad3c948f4d605d) (ScriptedImporter) -> (artifact id: '33e48125d3b6c81ac866b92b45126168') in 0.002023792 seconds
Number of updated asset objects reloaded before import = 0Number of asset objects unloaded after import = 1

========================================================================
Received Import Request.
  Time since last request: 0.000038 seconds.
  path: Packages/com.unity.collab-proxy/Editor/UI/Tree
  artifactKey: Guid(b642e1c7eeddd064c9520df476000c0c) Importer(2089858483,b0f066a214c2f5e87bad3c948f4d605d)
Start importing Packages/com.unity.collab-proxy/Editor/UI/Tree using Guid(b642e1c7eeddd064c9520df476000c0c) Importer(2089858483,b0f066a214c2f5e87bad3c948f4d605d) (ScriptedImporter) -> (artifact id: 'a316a1d102fa2186edfb4b4a6478975d') in 0.001995583 seconds
Number of updated asset objects reloaded before import = 0Number of asset objects unloaded after import = 1

========================================================================
Received Import Request.
  Time since last request: 0.000039 seconds.
  path: Packages/com.unity.ugui/Tests
  artifactKey: Guid(d850db319a63d2546932ff76fe55a498) Importer(2089858483,b0f066a214c2f5e87bad3c948f4d605d)
Start importing Packages/com.unity.ugui/Tests using Guid(d850db319a63d2546932ff76fe55a498) Importer(2089858483,b0f066a214c2f5e87bad3c948f4d605d) (ScriptedImporter) -> (artifact id: '50ae1c894da9c8a5ae15df88e13eb155') in 0.002019292 seconds
Number of updated asset objects reloaded before import = 0Number of asset objects unloaded after import = 1

========================================================================
Received Import Request.
  Time since last request: 0.000039 seconds.
  path: Packages/com.unity.shadergraph/Editor/Data/Nodes/Math/Wave
  artifactKey: Guid(24b10579e42f5f845a9f2ab79f921476) Importer(2089858483,b0f066a214c2f5e87bad3c948f4d605d)
Start importing Packages/com.unity.shadergraph/Editor/Data/Nodes/Math/Wave using Guid(24b10579e42f5f845a9f2ab79f921476) Importer(2089858483,b0f066a214c2f5e87bad3c948f4d605d) (ScriptedImporter) -> (artifact id: 'bd1ca0f13637798cc1f6c21e5f47115d') in 0.001910792 seconds
Number of updated asset objects reloaded before import = 0Number of asset objects unloaded after import = 1

========================================================================
Received Import Request.
  Time since last request: 0.000048 seconds.
  path: Packages/com.unity.timeline/Editor/treeview/TrackGui
  artifactKey: Guid(3d453576028bb344db0d59db893bf3a6) Importer(2089858483,b0f066a214c2f5e87bad3c948f4d605d)
Start importing Packages/com.unity.timeline/Editor/treeview/TrackGui using Guid(3d453576028bb344db0d59db893bf3a6) Importer(2089858483,b0f066a214c2f5e87bad3c948f4d605d) (ScriptedImporter) -> (artifact id: '8eee9f3fbc6d69fdc1eaa1c56f856381') in 0.002011542 seconds
Number of updated asset objects reloaded before import = 0Number of asset objects unloaded after import = 1

========================================================================
Received Import Request.
  Time since last request: 0.000036 seconds.
  path: Packages/com.unity.visualscripting/Editor/VisualScripting.State/States
  artifactKey: Guid(2679e29c22cab4c519e514fdd6cde9c3) Importer(2089858483,b0f066a214c2f5e87bad3c948f4d605d)
Start importing Packages/com.unity.visualscripting/Editor/VisualScripting.State/States using Guid(2679e29c22cab4c519e514fdd6cde9c3) Importer(2089858483,b0f066a214c2f5e87bad3c948f4d605d) (ScriptedImporter) -> (artifact id: '15be4c57b3fb89fbf7b2401bf2fa08af') in 0.002050584 seconds
Number of updated asset objects reloaded before import = 0Number of asset objects unloaded after import = 1

========================================================================
Received Import Request.
  Time since last request: 0.000050 seconds.
  path: Packages/com.unity.ide.visualstudio/Editor/ProjectGeneration
  artifactKey: Guid(8beeeeebc0857854d8b4e2c2895dd7a9) Importer(2089858483,b0f066a214c2f5e87bad3c948f4d605d)
Start importing Packages/com.unity.ide.visualstudio/Editor/ProjectGeneration using Guid(8beeeeebc0857854d8b4e2c2895dd7a9) Importer(2089858483,b0f066a214c2f5e87bad3c948f4d605d) (ScriptedImporter) -> (artifact id: '57fc2c983f5b151a7c9edf486e4ab270') in 0.001782292 seconds
Number of updated asset objects reloaded before import = 0Number of asset objects unloaded after import = 1

========================================================================
Received Import Request.
  Time since last request: 0.000045 seconds.
  path: Packages/com.unity.2d.tilemap/Editor/UI
  artifactKey: Guid(1798f66d9f8a40a9bce3f200517613c0) Importer(2089858483,b0f066a214c2f5e87bad3c948f4d605d)
Start importing Packages/com.unity.2d.tilemap/Editor/UI using Guid(1798f66d9f8a40a9bce3f200517613c0) Importer(2089858483,b0f066a214c2f5e87bad3c948f4d605d) (ScriptedImporter) -> (artifact id: 'ff002fba6af5e0f4af8d25ead84016de') in 0.002091167 seconds
Number of updated asset objects reloaded before import = 0Number of asset objects unloaded after import = 1

========================================================================
Received Import Request.
  Time since last request: 0.000043 seconds.
  path: Packages/com.unity.collab-proxy
  artifactKey: Guid(c7996f53d58fc3918d988080b6e917ea) Importer(2089858483,b0f066a214c2f5e87bad3c948f4d605d)
Start importing Packages/com.unity.collab-proxy using Guid(c7996f53d58fc3918d988080b6e917ea) Importer(2089858483,b0f066a214c2f5e87bad3c948f4d605d) (ScriptedImporter) -> (artifact id: '5bb81678b61942940f94f191c7cda8e0') in 0.002072125 seconds
Number of updated asset objects reloaded before import = 0Number of asset objects unloaded after import = 1

========================================================================
Received Import Request.
  Time since last request: 0.000046 seconds.
  path: Packages/com.unity.visualscripting/Runtime/VisualScripting.Core/Dependencies/FullSerializer/Internal
  artifactKey: Guid(3ee33d080bf544382a0b3bb52e994713) Importer(2089858483,b0f066a214c2f5e87bad3c948f4d605d)
Start importing Packages/com.unity.visualscripting/Runtime/VisualScripting.Core/Dependencies/FullSerializer/Internal using Guid(3ee33d080bf544382a0b3bb52e994713) Importer(2089858483,b0f066a214c2f5e87bad3c948f4d605d) (ScriptedImporter) -> (artifact id: '6e814251e28773f349207a48c739a709') in 0.002089958 seconds
Number of updated asset objects reloaded before import = 0Number of asset objects unloaded after import = 1

========================================================================
Received Import Request.
  Time since last request: 0.000035 seconds.
  path: Packages/com.unity.collab-proxy/Editor/CloudDrive/CreateWorkspace
  artifactKey: Guid(5a6f78ebd8e092549974122103145fbe) Importer(2089858483,b0f066a214c2f5e87bad3c948f4d605d)
Start importing Packages/com.unity.collab-proxy/Editor/CloudDrive/CreateWorkspace using Guid(5a6f78ebd8e092549974122103145fbe) Importer(2089858483,b0f066a214c2f5e87bad3c948f4d605d) (ScriptedImporter) -> (artifact id: '04e2606497e9047f1387a7456f54bad9') in 0.002379042 seconds
Number of updated asset objects reloaded before import = 0Number of asset objects unloaded after import = 1

========================================================================
Received Import Request.
  Time since last request: 0.000070 seconds.
  path: Packages/com.unity.2d.aseprite/Editor/Aseprite
  artifactKey: Guid(c4a5f6738187418c84e7f041b3e6c066) Importer(2089858483,b0f066a214c2f5e87bad3c948f4d605d)
Start importing Packages/com.unity.2d.aseprite/Editor/Aseprite using Guid(c4a5f6738187418c84e7f041b3e6c066) Importer(2089858483,b0f066a214c2f5e87bad3c948f4d605d) (ScriptedImporter) -> (artifact id: 'e6ac1773b8c802ad44602877d932d5d0') in 0.002160208 seconds
Number of updated asset objects reloaded before import = 0Number of asset objects unloaded after import = 1

========================================================================
Received Import Request.
  Time since last request: 0.000101 seconds.
  path: Packages/com.unity.inputsystem/InputSystem/Editor/UITKAssetEditor/Views
  artifactKey: Guid(2db76e4ad9537964994bd20263e1c379) Importer(2089858483,b0f066a214c2f5e87bad3c948f4d605d)
Start importing Packages/com.unity.inputsystem/InputSystem/Editor/UITKAssetEditor/Views using Guid(2db76e4ad9537964994bd20263e1c379) Importer(2089858483,b0f066a214c2f5e87bad3c948f4d605d) (ScriptedImporter) -> (artifact id: 'f8983a7348197776332ae5f4bc6cf9fa') in 0.002354042 seconds
Number of updated asset objects reloaded before import = 0Number of asset objects unloaded after import = 1

========================================================================
Received Import Request.
  Time since last request: 0.000072 seconds.
  path: Packages/com.unity.collab-proxy/Editor/Hashing
  artifactKey: Guid(bb5f68d238f084064b7cd7fd959f8659) Importer(2089858483,b0f066a214c2f5e87bad3c948f4d605d)
Start importing Packages/com.unity.collab-proxy/Editor/Hashing using Guid(bb5f68d238f084064b7cd7fd959f8659) Importer(2089858483,b0f066a214c2f5e87bad3c948f4d605d) (ScriptedImporter) -> (artifact id: 'f374240ef5f7b5418951eec8501acae3') in 0.00573 seconds
Number of updated asset objects reloaded before import = 0Number of asset objects unloaded after import = 1

========================================================================
Received Import Request.
  Time since last request: 0.000046 seconds.
  path: Packages/com.unity.render-pipelines.core/Shaders
  artifactKey: Guid(1966e5ee4a6d00344b701c86ac98a770) Importer(2089858483,b0f066a214c2f5e87bad3c948f4d605d)
Start importing Packages/com.unity.render-pipelines.core/Shaders using Guid(1966e5ee4a6d00344b701c86ac98a770) Importer(2089858483,b0f066a214c2f5e87bad3c948f4d605d) (ScriptedImporter) -> (artifact id: '909b7b23c28ebb547dab716225892bcc') in 0.002322167 seconds
Number of updated asset objects reloaded before import = 0Number of asset objects unloaded after import = 1

========================================================================
Received Import Request.
  Time since last request: 0.000060 seconds.
  path: Packages/com.unity.collab-proxy/Editor/CodeEditor/Text
  artifactKey: Guid(c247e48160d44e9fa682e0f6308443a6) Importer(2089858483,b0f066a214c2f5e87bad3c948f4d605d)
Start importing Packages/com.unity.collab-proxy/Editor/CodeEditor/Text using Guid(c247e48160d44e9fa682e0f6308443a6) Importer(2089858483,b0f066a214c2f5e87bad3c948f4d605d) (ScriptedImporter) -> (artifact id: '0cb4baed04a846713956a16b766c6fd0') in 0.002573958 seconds
Number of updated asset objects reloaded before import = 0Number of asset objects unloaded after import = 1

========================================================================
Received Import Request.
  Time since last request: 0.000071 seconds.
  path: Packages/com.unity.2d.tilemap.extras/Runtime/Tiles/IsometricRuleTile
  artifactKey: Guid(c8c72f5be5ed1d44b9a3bde2d9c137c8) Importer(2089858483,b0f066a214c2f5e87bad3c948f4d605d)
Start importing Packages/com.unity.2d.tilemap.extras/Runtime/Tiles/IsometricRuleTile using Guid(c8c72f5be5ed1d44b9a3bde2d9c137c8) Importer(2089858483,b0f066a214c2f5e87bad3c948f4d605d) (ScriptedImporter) -> (artifact id: 'f08ffc2456b3d091e82b2f827bb8465c') in 0.002352333 seconds
Number of updated asset objects reloaded before import = 0Number of asset objects unloaded after import = 1

========================================================================
Received Import Request.
  Time since last request: 0.000044 seconds.
  path: Packages/com.unity.timeline/Editor/Window/Modes
  artifactKey: Guid(37472f5179ca2004489ac901814cdbc3) Importer(2089858483,b0f066a214c2f5e87bad3c948f4d605d)
Start importing Packages/com.unity.timeline/Editor/Window/Modes using Guid(37472f5179ca2004489ac901814cdbc3) Importer(2089858483,b0f066a214c2f5e87bad3c948f4d605d) (ScriptedImporter) -> (artifact id: 'c9454a85d24f939ac74a90a427026cfb') in 0.002128042 seconds
Number of updated asset objects reloaded before import = 0Number of asset objects unloaded after import = 1

========================================================================
Received Import Request.
  Time since last request: 0.000070 seconds.
  path: Packages/com.unity.2d.common/Editor/ImagePacker/Jobs
  artifactKey: Guid(55c552c82618a429ebc328c8ba27b416) Importer(2089858483,b0f066a214c2f5e87bad3c948f4d605d)
Start importing Packages/com.unity.2d.common/Editor/ImagePacker/Jobs using Guid(55c552c82618a429ebc328c8ba27b416) Importer(2089858483,b0f066a214c2f5e87bad3c948f4d605d) (ScriptedImporter) -> (artifact id: 'dd6625fd7fbed02170080a98b02b4711') in 0.002097834 seconds
Number of updated asset objects reloaded before import = 0Number of asset objects unloaded after import = 1

========================================================================
Received Import Request.
  Time since last request: 0.000069 seconds.
  path: Packages/com.unity.inputsystem/InputSystem/Editor/AssetEditor/PackageResources
  artifactKey: Guid(ad61ded360bb0784b9301188fc603d6d) Importer(2089858483,b0f066a214c2f5e87bad3c948f4d605d)
Start importing Packages/com.unity.inputsystem/InputSystem/Editor/AssetEditor/PackageResources using Guid(ad61ded360bb0784b9301188fc603d6d) Importer(2089858483,b0f066a214c2f5e87bad3c948f4d605d) (ScriptedImporter) -> (artifact id: 'a9fd5d9f548dc18d6c2f54f02fe1064a') in 0.002214458 seconds
Number of updated asset objects reloaded before import = 0Number of asset objects unloaded after import = 1

========================================================================
Received Import Request.
  Time since last request: 0.000077 seconds.
  path: Packages/com.unity.2d.animation/Editor/SkinningModule/UI
  artifactKey: Guid(cc5d24c5d18d30f4f83af3c70ad36ecb) Importer(2089858483,b0f066a214c2f5e87bad3c948f4d605d)
Start importing Packages/com.unity.2d.animation/Editor/SkinningModule/UI using Guid(cc5d24c5d18d30f4f83af3c70ad36ecb) Importer(2089858483,b0f066a214c2f5e87bad3c948f4d605d) (ScriptedImporter) -> (artifact id: 'b67035f5470a6bff1d2772cfb23e63e4') in 0.002152584 seconds
Number of updated asset objects reloaded before import = 0Number of asset objects unloaded after import = 1

========================================================================
Received Import Request.
  Time since last request: 0.000068 seconds.
  path: Packages/com.unity.collab-proxy/Editor/Views/Changesets/Dialogs
  artifactKey: Guid(f6775e7645049b4478095242eda447ce) Importer(2089858483,b0f066a214c2f5e87bad3c948f4d605d)
Start importing Packages/com.unity.collab-proxy/Editor/Views/Changesets/Dialogs using Guid(f6775e7645049b4478095242eda447ce) Importer(2089858483,b0f066a214c2f5e87bad3c948f4d605d) (ScriptedImporter) -> (artifact id: '0d1ff5e4335ebfffc3fec53d6f57f334') in 0.002127625 seconds
Number of updated asset objects reloaded before import = 0Number of asset objects unloaded after import = 1

========================================================================
Received Import Request.
  Time since last request: 0.000055 seconds.
  path: Packages/com.unity.2d.common/Editor/InternalBridge/TexturePlatformSettings
  artifactKey: Guid(70da7ad3ab314734aa8f83d71bf115e7) Importer(2089858483,b0f066a214c2f5e87bad3c948f4d605d)
Start importing Packages/com.unity.2d.common/Editor/InternalBridge/TexturePlatformSettings using Guid(70da7ad3ab314734aa8f83d71bf115e7) Importer(2089858483,b0f066a214c2f5e87bad3c948f4d605d) (ScriptedImporter) -> (artifact id: 'ca9133b621d3dde7dbf422d6fe8ab8a6') in 0.002151083 seconds
Number of updated asset objects reloaded before import = 0Number of asset objects unloaded after import = 1

========================================================================
Received Import Request.
  Time since last request: 0.000047 seconds.
  path: Packages/com.unity.render-pipelines.universal/Editor/2D/ShaderGraph
  artifactKey: Guid(53926c186e474a85a679dafcc7f45d40) Importer(2089858483,b0f066a214c2f5e87bad3c948f4d605d)
Start importing Packages/com.unity.render-pipelines.universal/Editor/2D/ShaderGraph using Guid(53926c186e474a85a679dafcc7f45d40) Importer(2089858483,b0f066a214c2f5e87bad3c948f4d605d) (ScriptedImporter) -> (artifact id: '502c60166a31cff92cc8e39742e10338') in 0.002224042 seconds
Number of updated asset objects reloaded before import = 0Number of asset objects unloaded after import = 1

========================================================================
Received Import Request.
  Time since last request: 0.000064 seconds.
  path: Packages/com.unity.shadergraph/Editor/Generation/Targets/UITK
  artifactKey: Guid(3b0363be720b24507aba82d7f4d3a3fb) Importer(2089858483,b0f066a214c2f5e87bad3c948f4d605d)
Start importing Packages/com.unity.shadergraph/Editor/Generation/Targets/UITK using Guid(3b0363be720b24507aba82d7f4d3a3fb) Importer(2089858483,b0f066a214c2f5e87bad3c948f4d605d) (ScriptedImporter) -> (artifact id: 'a956c2a1e911db1928e0d08b4356e3d5') in 0.002114375 seconds
Number of updated asset objects reloaded before import = 0Number of asset objects unloaded after import = 1

========================================================================
Received Import Request.
  Time since last request: 0.000089 seconds.
  path: Packages/com.unity.2d.sprite/Editor/UI
  artifactKey: Guid(93511675f113bf744a830b91761ead82) Importer(2089858483,b0f066a214c2f5e87bad3c948f4d605d)
Start importing Packages/com.unity.2d.sprite/Editor/UI using Guid(93511675f113bf744a830b91761ead82) Importer(2089858483,b0f066a214c2f5e87bad3c948f4d605d) (ScriptedImporter) -> (artifact id: '19a029731531c1d11f031fc7446d3263') in 0.002189167 seconds
Number of updated asset objects reloaded before import = 0Number of asset objects unloaded after import = 1

========================================================================
Received Import Request.
  Time since last request: 0.000068 seconds.
  path: Packages/com.unity.searcher/Editor/Resources/FlatSkin
  artifactKey: Guid(67e35e8d446428040b9f0580470b5b5a) Importer(2089858483,b0f066a214c2f5e87bad3c948f4d605d)
Start importing Packages/com.unity.searcher/Editor/Resources/FlatSkin using Guid(67e35e8d446428040b9f0580470b5b5a) Importer(2089858483,b0f066a214c2f5e87bad3c948f4d605d) (ScriptedImporter) -> (artifact id: 'de2804fab4f33bbbe85c143901b2cb05') in 0.0027655 seconds
Number of updated asset objects reloaded before import = 0Number of asset objects unloaded after import = 1

========================================================================
Received Import Request.
  Time since last request: 0.000060 seconds.
  path: Packages/com.unity.visualscripting/Runtime/VisualScripting.Core/Listeners/UI
  artifactKey: Guid(2c39f18f7f0743f5a9868cd04710836f) Importer(2089858483,b0f066a214c2f5e87bad3c948f4d605d)
Start importing Packages/com.unity.visualscripting/Runtime/VisualScripting.Core/Listeners/UI using Guid(2c39f18f7f0743f5a9868cd04710836f) Importer(2089858483,b0f066a214c2f5e87bad3c948f4d605d) (ScriptedImporter) -> (artifact id: '0bdf3d73f7e95abe982bc00b5cceb8d7') in 0.002342667 seconds
Number of updated asset objects reloaded before import = 0Number of asset objects unloaded after import = 1

========================================================================
Received Import Request.
  Time since last request: 0.000058 seconds.
  path: Packages/com.unity.2d.tilemap.extras/Editor/Tiles/RuleTile
  artifactKey: Guid(0fac9738c4893c34785c399d087c715d) Importer(2089858483,b0f066a214c2f5e87bad3c948f4d605d)
Start importing Packages/com.unity.2d.tilemap.extras/Editor/Tiles/RuleTile using Guid(0fac9738c4893c34785c399d087c715d) Importer(2089858483,b0f066a214c2f5e87bad3c948f4d605d) (ScriptedImporter) -> (artifact id: 'b872886d8fb9f00f34f26c0112421b83') in 0.00243 seconds
Number of updated asset objects reloaded before import = 0Number of asset objects unloaded after import = 1

========================================================================
Received Import Request.
  Time since last request: 0.000046 seconds.
  path: Packages/com.unity.shadergraph/Tests/Editor
  artifactKey: Guid(8453a00e344fd7e408223e92fc924cc2) Importer(2089858483,b0f066a214c2f5e87bad3c948f4d605d)
Start importing Packages/com.unity.shadergraph/Tests/Editor using Guid(8453a00e344fd7e408223e92fc924cc2) Importer(2089858483,b0f066a214c2f5e87bad3c948f4d605d) (ScriptedImporter) -> (artifact id: '1ed15f2e68664fcae805571a6e8d1fda') in 0.002147834 seconds
Number of updated asset objects reloaded before import = 0Number of asset objects unloaded after import = 1

========================================================================
Received Import Request.
  Time since last request: 0.000064 seconds.
  path: Packages/com.unity.2d.psdimporter/Tests/EditorTests
  artifactKey: Guid(53e6b81c6627ce5469c38700ebbd32a7) Importer(2089858483,b0f066a214c2f5e87bad3c948f4d605d)
Start importing Packages/com.unity.2d.psdimporter/Tests/EditorTests using Guid(53e6b81c6627ce5469c38700ebbd32a7) Importer(2089858483,b0f066a214c2f5e87bad3c948f4d605d) (ScriptedImporter) -> (artifact id: 'b77af1b0e0d2a96b52675339c4331429') in 0.002253875 seconds
Number of updated asset objects reloaded before import = 0Number of asset objects unloaded after import = 1

========================================================================
Received Import Request.
  Time since last request: 0.000057 seconds.
  path: Packages/com.unity.shadergraph/Editor/ShaderGUI
  artifactKey: Guid(c03d0f7d344c4c0a877eea9f1a0168fd) Importer(2089858483,b0f066a214c2f5e87bad3c948f4d605d)
Start importing Packages/com.unity.shadergraph/Editor/ShaderGUI using Guid(c03d0f7d344c4c0a877eea9f1a0168fd) Importer(2089858483,b0f066a214c2f5e87bad3c948f4d605d) (ScriptedImporter) -> (artifact id: 'cf6f4ad63a485d643c95e8a2f7dcfcb1') in 0.002454125 seconds
Number of updated asset objects reloaded before import = 0Number of asset objects unloaded after import = 1

========================================================================
Received Import Request.
  Time since last request: 0.000054 seconds.
  path: Packages/com.unity.searcher
  artifactKey: Guid(42a7aa83e165f37a84c96e5d9348202d) Importer(2089858483,b0f066a214c2f5e87bad3c948f4d605d)
Start importing Packages/com.unity.searcher using Guid(42a7aa83e165f37a84c96e5d9348202d) Importer(2089858483,b0f066a214c2f5e87bad3c948f4d605d) (ScriptedImporter) -> (artifact id: '42e5c156c94b691d0894cc31ca6627a1') in 0.002100542 seconds
Number of updated asset objects reloaded before import = 0Number of asset objects unloaded after import = 1

========================================================================
Received Import Request.
  Time since last request: 0.000056 seconds.
  path: Packages/com.unity.render-pipelines.core/Editor/Volume/Drawers
  artifactKey: Guid(8c667ca46d23aa3468b6c4243b135b0d) Importer(2089858483,b0f066a214c2f5e87bad3c948f4d605d)
Start importing Packages/com.unity.render-pipelines.core/Editor/Volume/Drawers using Guid(8c667ca46d23aa3468b6c4243b135b0d) Importer(2089858483,b0f066a214c2f5e87bad3c948f4d605d) (ScriptedImporter) -> (artifact id: '111ab0604d820861c61b3d33fc029b4e') in 0.002076625 seconds
Number of updated asset objects reloaded before import = 0Number of asset objects unloaded after import = 1

========================================================================
Received Import Request.
  Time since last request: 0.000056 seconds.
  path: Packages/com.unity.collab-proxy/Editor/CloudDrive/ShareWorkspace
  artifactKey: Guid(d608fb37c300d9f4c9bf2cea7e8b990a) Importer(2089858483,b0f066a214c2f5e87bad3c948f4d605d)
Start importing Packages/com.unity.collab-proxy/Editor/CloudDrive/ShareWorkspace using Guid(d608fb37c300d9f4c9bf2cea7e8b990a) Importer(2089858483,b0f066a214c2f5e87bad3c948f4d605d) (ScriptedImporter) -> (artifact id: 'bb410bdcd3b59f7896c2e7487d0b7ef2') in 0.002202917 seconds
Number of updated asset objects reloaded before import = 0Number of asset objects unloaded after import = 1

========================================================================
Received Import Request.
  Time since last request: 0.000042 seconds.
  path: Packages/com.unity.2d.animation/Editor/SkinningModule/Lib/x86_64/BoundedBiharmonicWeightsModule.bundle
  artifactKey: Guid(83a049cd282c44dd3ba1c44001c8a6d5) Importer(2089858483,b0f066a214c2f5e87bad3c948f4d605d)
Start importing Packages/com.unity.2d.animation/Editor/SkinningModule/Lib/x86_64/BoundedBiharmonicWeightsModule.bundle using Guid(83a049cd282c44dd3ba1c44001c8a6d5) Importer(2089858483,b0f066a214c2f5e87bad3c948f4d605d) (ScriptedImporter) -> (artifact id: 'bae834ce59d70c5f884b1c1c106cca4c') in 0.0266745 seconds
Number of updated asset objects reloaded before import = 0Number of asset objects unloaded after import = 0

========================================================================
Received Import Request.
  Time since last request: 0.000054 seconds.
  path: Packages/com.unity.ugui/Tests/Runtime/UGUI/Util
  artifactKey: Guid(af30a361ab68260438b6ec3fb7e64500) Importer(2089858483,b0f066a214c2f5e87bad3c948f4d605d)
Start importing Packages/com.unity.ugui/Tests/Runtime/UGUI/Util using Guid(af30a361ab68260438b6ec3fb7e64500) Importer(2089858483,b0f066a214c2f5e87bad3c948f4d605d) (ScriptedImporter) -> (artifact id: '89ed697d0f146d8aed78e2dec943eaf4') in 0.002104542 seconds
Number of updated asset objects reloaded before import = 0Number of asset objects unloaded after import = 1

========================================================================
Received Import Request.
  Time since last request: 0.000055 seconds.
  path: Packages/com.unity.inputsystem/InputSystem/Editor/Plugins/UnityRemote
  artifactKey: Guid(b67ddb076aa7b4301b132a1012ba666d) Importer(2089858483,b0f066a214c2f5e87bad3c948f4d605d)
Start importing Packages/com.unity.inputsystem/InputSystem/Editor/Plugins/UnityRemote using Guid(b67ddb076aa7b4301b132a1012ba666d) Importer(2089858483,b0f066a214c2f5e87bad3c948f4d605d) (ScriptedImporter) -> (artifact id: 'ba30382e7f36cda4da522e6fc0ff087d') in 0.002059459 seconds
Number of updated asset objects reloaded before import = 0Number of asset objects unloaded after import = 1

========================================================================
Received Import Request.
  Time since last request: 0.000065 seconds.
  path: Packages/com.unity.collab-proxy/Editor/UVCSToolbar/PopupWindow
  artifactKey: Guid(6d49fec91584fde45ad08f2f316792bb) Importer(2089858483,b0f066a214c2f5e87bad3c948f4d605d)
Start importing Packages/com.unity.collab-proxy/Editor/UVCSToolbar/PopupWindow using Guid(6d49fec91584fde45ad08f2f316792bb) Importer(2089858483,b0f066a214c2f5e87bad3c948f4d605d) (ScriptedImporter) -> (artifact id: '8aa9120718414fdc2db6055124622e16') in 0.002308625 seconds
Number of updated asset objects reloaded before import = 0Number of asset objects unloaded after import = 1

========================================================================
Received Import Request.
  Time since last request: 0.000041 seconds.
  path: Packages/com.unity.2d.common/Editor/ScriptablePacker
  artifactKey: Guid(23e09b69eb2faa440a2c964797f31787) Importer(2089858483,b0f066a214c2f5e87bad3c948f4d605d)
Start importing Packages/com.unity.2d.common/Editor/ScriptablePacker using Guid(23e09b69eb2faa440a2c964797f31787) Importer(2089858483,b0f066a214c2f5e87bad3c948f4d605d) (ScriptedImporter) -> (artifact id: '716badce444d085a00ba0ed8a4d541e1') in 0.002299958 seconds
Number of updated asset objects reloaded before import = 0Number of asset objects unloaded after import = 1

========================================================================
Received Import Request.
  Time since last request: 0.000044 seconds.
  path: Packages/com.unity.collab-proxy/Editor/CloudDrive
  artifactKey: Guid(cec772f32c34a864a995160c3c9a11b6) Importer(2089858483,b0f066a214c2f5e87bad3c948f4d605d)
Start importing Packages/com.unity.collab-proxy/Editor/CloudDrive using Guid(cec772f32c34a864a995160c3c9a11b6) Importer(2089858483,b0f066a214c2f5e87bad3c948f4d605d) (ScriptedImporter) -> (artifact id: 'b2d98c0c298726157d17e88f833a36ce') in 0.002176333 seconds
Number of updated asset objects reloaded before import = 0Number of asset objects unloaded after import = 1

========================================================================
Received Import Request.
  Time since last request: 0.000061 seconds.
  path: Packages/com.unity.render-pipelines.universal/Runtime/Overrides
  artifactKey: Guid(1d7cd03b402219345ac6dedb815bfdeb) Importer(2089858483,b0f066a214c2f5e87bad3c948f4d605d)
Start importing Packages/com.unity.render-pipelines.universal/Runtime/Overrides using Guid(1d7cd03b402219345ac6dedb815bfdeb) Importer(2089858483,b0f066a214c2f5e87bad3c948f4d605d) (ScriptedImporter) -> (artifact id: '03c15cf4508047939faddaf6d1123456') in 0.005412708 seconds
Number of updated asset objects reloaded before import = 0Number of asset objects unloaded after import = 1

========================================================================
Received Import Request.
  Time since last request: 0.000069 seconds.
  path: Packages/com.unity.collections/Unity.Collections.Tests/Jobs
  artifactKey: Guid(15816ede41b819e439cb53115efc62b0) Importer(2089858483,b0f066a214c2f5e87bad3c948f4d605d)
Start importing Packages/com.unity.collections/Unity.Collections.Tests/Jobs using Guid(15816ede41b819e439cb53115efc62b0) Importer(2089858483,b0f066a214c2f5e87bad3c948f4d605d) (ScriptedImporter) -> (artifact id: '5c9c9dcc61f8df2e302a87523c02d475') in 0.002489042 seconds
Number of updated asset objects reloaded before import = 0Number of asset objects unloaded after import = 1

========================================================================
Received Import Request.
  Time since last request: 0.000065 seconds.
  path: Packages/com.unity.render-pipelines.universal/Editor/2D/LightBatchingDebugger
  artifactKey: Guid(bf4452fea996a7a468c7d5443cf2ff2e) Importer(2089858483,b0f066a214c2f5e87bad3c948f4d605d)
Start importing Packages/com.unity.render-pipelines.universal/Editor/2D/LightBatchingDebugger using Guid(bf4452fea996a7a468c7d5443cf2ff2e) Importer(2089858483,b0f066a214c2f5e87bad3c948f4d605d) (ScriptedImporter) -> (artifact id: 'b7e64ee97c8a53174f8671f0a40f020d') in 0.003091625 seconds
Number of updated asset objects reloaded before import = 0Number of asset objects unloaded after import = 1

========================================================================
Received Import Request.
  Time since last request: 0.000369 seconds.
  path: Packages/com.unity.2d.animation/Editor/SpriteSkin
  artifactKey: Guid(620c158a2e9b847248f3f7ebb6738323) Importer(2089858483,b0f066a214c2f5e87bad3c948f4d605d)
Start importing Packages/com.unity.2d.animation/Editor/SpriteSkin using Guid(620c158a2e9b847248f3f7ebb6738323) Importer(2089858483,b0f066a214c2f5e87bad3c948f4d605d) (ScriptedImporter) -> (artifact id: 'ccbb7d015dcd218ef4feef2cd7bde807') in 0.002313709 seconds
Number of updated asset objects reloaded before import = 0Number of asset objects unloaded after import = 1

========================================================================
Received Import Request.
  Time since last request: 0.000077 seconds.
  path: Packages/com.unity.ugui/Runtime/UGUI/Properties
  artifactKey: Guid(32e2186f4598cff489784aae586f2215) Importer(2089858483,b0f066a214c2f5e87bad3c948f4d605d)
Start importing Packages/com.unity.ugui/Runtime/UGUI/Properties using Guid(32e2186f4598cff489784aae586f2215) Importer(2089858483,b0f066a214c2f5e87bad3c948f4d605d) (ScriptedImporter) -> (artifact id: 'cc4f3de403ebfa755bc5e6b082612903') in 0.001977125 seconds
Number of updated asset objects reloaded before import = 0Number of asset objects unloaded after import = 1

========================================================================
Received Import Request.
  Time since last request: 0.000050 seconds.
  path: Packages/com.unity.2d.animation/Editor/Assets/SpriteLibraryEditor
  artifactKey: Guid(fc45d656a7aa9449d82222e70afe5737) Importer(2089858483,b0f066a214c2f5e87bad3c948f4d605d)
Start importing Packages/com.unity.2d.animation/Editor/Assets/SpriteLibraryEditor using Guid(fc45d656a7aa9449d82222e70afe5737) Importer(2089858483,b0f066a214c2f5e87bad3c948f4d605d) (ScriptedImporter) -> (artifact id: 'b793740d8107a4449e63608736c6b8de') in 0.002195625 seconds
Number of updated asset objects reloaded before import = 0Number of asset objects unloaded after import = 1

========================================================================
Received Import Request.
  Time since last request: 0.000046 seconds.
  path: Packages/com.unity.shadergraph/Editor/Drawing/MaterialEditor
  artifactKey: Guid(381bcc6523571fb478a4937355db4c0d) Importer(2089858483,b0f066a214c2f5e87bad3c948f4d605d)
Start importing Packages/com.unity.shadergraph/Editor/Drawing/MaterialEditor using Guid(381bcc6523571fb478a4937355db4c0d) Importer(2089858483,b0f066a214c2f5e87bad3c948f4d605d) (ScriptedImporter) -> (artifact id: 'c11516644e106bc90e66c035d3d76021') in 0.002393125 seconds
Number of updated asset objects reloaded before import = 0Number of asset objects unloaded after import = 1

========================================================================
Received Import Request.
  Time since last request: 0.000057 seconds.
  path: Packages/com.unity.2d.tooling/Editor/Insider/SpriteAtlas/SpriteAtlasIssueReport/SpriteAtlasTextureSpaceUsedIssue
  artifactKey: Guid(cd915eb47e2e4e1fab61313c044a1be5) Importer(2089858483,b0f066a214c2f5e87bad3c948f4d605d)
Start importing Packages/com.unity.2d.tooling/Editor/Insider/SpriteAtlas/SpriteAtlasIssueReport/SpriteAtlasTextureSpaceUsedIssue using Guid(cd915eb47e2e4e1fab61313c044a1be5) Importer(2089858483,b0f066a214c2f5e87bad3c948f4d605d) (ScriptedImporter) -> (artifact id: '3b60b0e54f1df41323d5b0c3d9ebb562') in 0.003548917 seconds
Number of updated asset objects reloaded before import = 0Number of asset objects unloaded after import = 1

========================================================================
Received Import Request.
  Time since last request: 0.000067 seconds.
  path: Packages/com.unity.visualscripting/Editor/VisualScripting.Core/Dependencies
  artifactKey: Guid(3df1b6ba6281145ca8a95e7cd78c1ce8) Importer(2089858483,b0f066a214c2f5e87bad3c948f4d605d)
Start importing Packages/com.unity.visualscripting/Editor/VisualScripting.Core/Dependencies using Guid(3df1b6ba6281145ca8a95e7cd78c1ce8) Importer(2089858483,b0f066a214c2f5e87bad3c948f4d605d) (ScriptedImporter) -> (artifact id: '01c39dfb03f7d6119dc1327550604566') in 0.003911667 seconds
Number of updated asset objects reloaded before import = 0Number of asset objects unloaded after import = 1

========================================================================
Received Import Request.
  Time since last request: 0.000096 seconds.
  path: Packages/com.unity.timeline/Editor/Properties
  artifactKey: Guid(0f71aeefaa877ae4787e8356f25ad1e5) Importer(2089858483,b0f066a214c2f5e87bad3c948f4d605d)
Start importing Packages/com.unity.timeline/Editor/Properties using Guid(0f71aeefaa877ae4787e8356f25ad1e5) Importer(2089858483,b0f066a214c2f5e87bad3c948f4d605d) (ScriptedImporter) -> (artifact id: '4ebf99d5a287a8ed8e609a8f6ffb15fd') in 0.00259725 seconds
Number of updated asset objects reloaded before import = 0Number of asset objects unloaded after import = 1

========================================================================
Received Import Request.
  Time since last request: 0.000050 seconds.
  path: Packages/com.unity.render-pipelines.universal/Tests/Editor/Tools
  artifactKey: Guid(30adb98416985a445bf000ceb696941f) Importer(2089858483,b0f066a214c2f5e87bad3c948f4d605d)
Start importing Packages/com.unity.render-pipelines.universal/Tests/Editor/Tools using Guid(30adb98416985a445bf000ceb696941f) Importer(2089858483,b0f066a214c2f5e87bad3c948f4d605d) (ScriptedImporter) -> (artifact id: '1dddd7076973d3544100bce35ddd3590') in 0.002370209 seconds
Number of updated asset objects reloaded before import = 0Number of asset objects unloaded after import = 1

========================================================================
Received Import Request.
  Time since last request: 0.000062 seconds.
  path: Packages/com.unity.2d.tilemap.extras/Editor/Tiles/IsometricRuleTile
  artifactKey: Guid(8ee1b1583a594cf47baebcd4a5d46cb9) Importer(2089858483,b0f066a214c2f5e87bad3c948f4d605d)
Start importing Packages/com.unity.2d.tilemap.extras/Editor/Tiles/IsometricRuleTile using Guid(8ee1b1583a594cf47baebcd4a5d46cb9) Importer(2089858483,b0f066a214c2f5e87bad3c948f4d605d) (ScriptedImporter) -> (artifact id: '35febdbba2eac49d613cbfa318045b09') in 0.002638084 seconds
Number of updated asset objects reloaded before import = 0Number of asset objects unloaded after import = 1

========================================================================
Received Import Request.
  Time since last request: 0.000044 seconds.
  path: Packages/com.unity.2d.animation/Editor/SkinningModule/Undo
  artifactKey: Guid(6b2a04ba0c02e4442bbf785060fc2c01) Importer(2089858483,b0f066a214c2f5e87bad3c948f4d605d)
Start importing Packages/com.unity.2d.animation/Editor/SkinningModule/Undo using Guid(6b2a04ba0c02e4442bbf785060fc2c01) Importer(2089858483,b0f066a214c2f5e87bad3c948f4d605d) (ScriptedImporter) -> (artifact id: '3167cd7c6ce998c964ac7a5b67a679ae') in 0.002445416 seconds
Number of updated asset objects reloaded before import = 0Number of asset objects unloaded after import = 1

========================================================================
Received Import Request.
  Time since last request: 0.000121 seconds.
  path: Packages/com.unity.2d.psdimporter/Editor/PSDPlugin/PhotoShopFileType
  artifactKey: Guid(36a1cbeb5badf2a4abdcb1dcefa0efb6) Importer(2089858483,b0f066a214c2f5e87bad3c948f4d605d)
Start importing Packages/com.unity.2d.psdimporter/Editor/PSDPlugin/PhotoShopFileType using Guid(36a1cbeb5badf2a4abdcb1dcefa0efb6) Importer(2089858483,b0f066a214c2f5e87bad3c948f4d605d) (ScriptedImporter) -> (artifact id: '0bc62399322fdddc8a5dd89e7c2c43e3') in 0.002418 seconds
Number of updated asset objects reloaded before import = 0Number of asset objects unloaded after import = 1

========================================================================
Received Import Request.
  Time since last request: 0.000050 seconds.
  path: Packages/com.unity.collab-proxy/Editor/Entities
  artifactKey: Guid(5cae535d7c0a4af39c4cc2f7eddeb393) Importer(2089858483,b0f066a214c2f5e87bad3c948f4d605d)
Start importing Packages/com.unity.collab-proxy/Editor/Entities using Guid(5cae535d7c0a4af39c4cc2f7eddeb393) Importer(2089858483,b0f066a214c2f5e87bad3c948f4d605d) (ScriptedImporter) -> (artifact id: '176cd04ad2904a5d47291ef09c566b53') in 0.002296833 seconds
Number of updated asset objects reloaded before import = 0Number of asset objects unloaded after import = 1

========================================================================
Received Import Request.
  Time since last request: 0.000081 seconds.
  path: Packages/com.unity.inputsystem/InputSystem/Editor/Controls
  artifactKey: Guid(dce36297a61ee468f92d0fe7f7e28441) Importer(2089858483,b0f066a214c2f5e87bad3c948f4d605d)
Start importing Packages/com.unity.inputsystem/InputSystem/Editor/Controls using Guid(dce36297a61ee468f92d0fe7f7e28441) Importer(2089858483,b0f066a214c2f5e87bad3c948f4d605d) (ScriptedImporter) -> (artifact id: 'eab895941e90498c89090d07e52efeaf') in 0.00232825 seconds
Number of updated asset objects reloaded before import = 0Number of asset objects unloaded after import = 1

========================================================================
Received Import Request.
  Time since last request: 0.000053 seconds.
  path: Packages/com.unity.2d.tooling/Editor/Insider/SpriteAtlas/SpriteAtlasIssueReport/UIElement/SpriteAtlasReportTable
  artifactKey: Guid(828c97db470c4dc8899d9461ec3641ac) Importer(2089858483,b0f066a214c2f5e87bad3c948f4d605d)
Start importing Packages/com.unity.2d.tooling/Editor/Insider/SpriteAtlas/SpriteAtlasIssueReport/UIElement/SpriteAtlasReportTable using Guid(828c97db470c4dc8899d9461ec3641ac) Importer(2089858483,b0f066a214c2f5e87bad3c948f4d605d) (ScriptedImporter) -> (artifact id: '6aaadf7f7dc60a7c53683691bed89919') in 0.002216875 seconds
Number of updated asset objects reloaded before import = 0Number of asset objects unloaded after import = 1

========================================================================
Received Import Request.
  Time since last request: 0.000041 seconds.
  path: Packages/com.unity.shadergraph/GraphTemplates/Subgraphs
  artifactKey: Guid(7fa316c2b2d37184081f460e04bbdcc5) Importer(2089858483,b0f066a214c2f5e87bad3c948f4d605d)
Start importing Packages/com.unity.shadergraph/GraphTemplates/Subgraphs using Guid(7fa316c2b2d37184081f460e04bbdcc5) Importer(2089858483,b0f066a214c2f5e87bad3c948f4d605d) (ScriptedImporter) -> (artifact id: '9527b3f09e447d18e65b508e20fc6782') in 0.002260833 seconds
Number of updated asset objects reloaded before import = 0Number of asset objects unloaded after import = 1

========================================================================
Received Import Request.
  Time since last request: 0.000052 seconds.
  path: Packages/com.unity.2d.animation/Editor/Assets/EditorIcons/Dark
  artifactKey: Guid(6e0f9a25810b95049a033815ff10688c) Importer(2089858483,b0f066a214c2f5e87bad3c948f4d605d)
Start importing Packages/com.unity.2d.animation/Editor/Assets/EditorIcons/Dark using Guid(6e0f9a25810b95049a033815ff10688c) Importer(2089858483,b0f066a214c2f5e87bad3c948f4d605d) (ScriptedImporter) -> (artifact id: '5758f4185d87ebc12fca2775e3a14182') in 0.002265 seconds
Number of updated asset objects reloaded before import = 0Number of asset objects unloaded after import = 1

========================================================================
Received Import Request.
  Time since last request: 0.000050 seconds.
  path: Packages/com.unity.shadergraph/Editor/Data/Actions
  artifactKey: Guid(9abbc5074e3b457c98f721847723bf2e) Importer(2089858483,b0f066a214c2f5e87bad3c948f4d605d)
Start importing Packages/com.unity.shadergraph/Editor/Data/Actions using Guid(9abbc5074e3b457c98f721847723bf2e) Importer(2089858483,b0f066a214c2f5e87bad3c948f4d605d) (ScriptedImporter) -> (artifact id: '20204c3d73f69e1cc94b3a506b4dedb4') in 0.002300417 seconds
Number of updated asset objects reloaded before import = 0Number of asset objects unloaded after import = 1

========================================================================
Received Import Request.
  Time since last request: 0.000041 seconds.
  path: Packages/com.unity.collab-proxy/Editor/Views/Branch
  artifactKey: Guid(15fe89692edc49a4891091bd0e1c6536) Importer(2089858483,b0f066a214c2f5e87bad3c948f4d605d)
Start importing Packages/com.unity.collab-proxy/Editor/Views/Branch using Guid(15fe89692edc49a4891091bd0e1c6536) Importer(2089858483,b0f066a214c2f5e87bad3c948f4d605d) (ScriptedImporter) -> (artifact id: '920bbeb5cce35dae5d0fe8e4cc021e41') in 0.002385 seconds
Number of updated asset objects reloaded before import = 0Number of asset objects unloaded after import = 1

========================================================================
Received Import Request.
  Time since last request: 0.000053 seconds.
  path: Packages/com.unity.test-framework/UnityEditor.TestRunner/Api
  artifactKey: Guid(fa423365b1ce06a4dbdc6fb4a8597bfa) Importer(2089858483,b0f066a214c2f5e87bad3c948f4d605d)
Start importing Packages/com.unity.test-framework/UnityEditor.TestRunner/Api using Guid(fa423365b1ce06a4dbdc6fb4a8597bfa) Importer(2089858483,b0f066a214c2f5e87bad3c948f4d605d) (ScriptedImporter) -> (artifact id: 'aee3ba1e17ec55bb89837a10fa8298cf') in 0.002287458 seconds
Number of updated asset objects reloaded before import = 0Number of asset objects unloaded after import = 1

========================================================================
Received Import Request.
  Time since last request: 0.000064 seconds.
  path: Packages/com.unity.2d.tooling/Editor/Insider/SpriteAtlas/SpriteAtlasIssueReport/AllSpriteAtlasReport
  artifactKey: Guid(2d134494242a4f00b1120920dc958032) Importer(2089858483,b0f066a214c2f5e87bad3c948f4d605d)
Start importing Packages/com.unity.2d.tooling/Editor/Insider/SpriteAtlas/SpriteAtlasIssueReport/AllSpriteAtlasReport using Guid(2d134494242a4f00b1120920dc958032) Importer(2089858483,b0f066a214c2f5e87bad3c948f4d605d) (ScriptedImporter) -> (artifact id: '9963b758ff5c921047dccd81cc97de12') in 0.00246925 seconds
Number of updated asset objects reloaded before import = 0Number of asset objects unloaded after import = 1

========================================================================
Received Import Request.
  Time since last request: 0.000058 seconds.
  path: Packages/com.unity.render-pipelines.core/Editor/Icons
  artifactKey: Guid(d282282bdd9a39349a3f4642751d8e2b) Importer(2089858483,b0f066a214c2f5e87bad3c948f4d605d)
Start importing Packages/com.unity.render-pipelines.core/Editor/Icons using Guid(d282282bdd9a39349a3f4642751d8e2b) Importer(2089858483,b0f066a214c2f5e87bad3c948f4d605d) (ScriptedImporter) -> (artifact id: '45da314e2d33ac1baab917436137f250') in 0.00237075 seconds
Number of updated asset objects reloaded before import = 0Number of asset objects unloaded after import = 1

========================================================================
Received Import Request.
  Time since last request: 0.000046 seconds.
  path: Packages/com.unity.render-pipelines.universal/Tests/Runtime
  artifactKey: Guid(144dd1c434d67bc40adbcae6c42e6e6c) Importer(2089858483,b0f066a214c2f5e87bad3c948f4d605d)
Start importing Packages/com.unity.render-pipelines.universal/Tests/Runtime using Guid(144dd1c434d67bc40adbcae6c42e6e6c) Importer(2089858483,b0f066a214c2f5e87bad3c948f4d605d) (ScriptedImporter) -> (artifact id: '40cfe59acb7443de3baae741ec0fd5c8') in 0.002277333 seconds
Number of updated asset objects reloaded before import = 0Number of asset objects unloaded after import = 1

========================================================================
Received Import Request.
  Time since last request: 0.000101 seconds.
  path: Packages/com.unity.visualscripting/Editor
  artifactKey: Guid(ee9f54d6cd5a17045a3f1c9877d4b7e6) Importer(2089858483,b0f066a214c2f5e87bad3c948f4d605d)
Start importing Packages/com.unity.visualscripting/Editor using Guid(ee9f54d6cd5a17045a3f1c9877d4b7e6) Importer(2089858483,b0f066a214c2f5e87bad3c948f4d605d) (ScriptedImporter) -> (artifact id: '3f5f1b730fbbd68926de9d174dfaf4ec') in 0.002306417 seconds
Number of updated asset objects reloaded before import = 0Number of asset objects unloaded after import = 1

========================================================================
Received Import Request.
  Time since last request: 0.000056 seconds.
  path: Packages/com.unity.shadergraph/Editor/Data/Nodes/Artistic/Adjustment
  artifactKey: Guid(75cc6d701e07fe246ba5377a454f74c4) Importer(2089858483,b0f066a214c2f5e87bad3c948f4d605d)
Start importing Packages/com.unity.shadergraph/Editor/Data/Nodes/Artistic/Adjustment using Guid(75cc6d701e07fe246ba5377a454f74c4) Importer(2089858483,b0f066a214c2f5e87bad3c948f4d605d) (ScriptedImporter) -> (artifact id: '4eb2948e94bfff0f1d600d17ab9cb807') in 0.002462875 seconds
Number of updated asset objects reloaded before import = 0Number of asset objects unloaded after import = 1

========================================================================
Received Import Request.
  Time since last request: 0.001302 seconds.
  path: Packages/com.unity.shadergraph/Editor/Generation/Targets/BuiltIn/Editor/ShaderGraph
  artifactKey: Guid(aa741e0e92d3608409867b98aabf2070) Importer(2089858483,b0f066a214c2f5e87bad3c948f4d605d)
Start importing Packages/com.unity.shadergraph/Editor/Generation/Targets/BuiltIn/Editor/ShaderGraph using Guid(aa741e0e92d3608409867b98aabf2070) Importer(2089858483,b0f066a214c2f5e87bad3c948f4d605d) (ScriptedImporter) -> (artifact id: '73984f0f5082cb4d075c4a6b607b8c21') in 0.002455375 seconds
Number of updated asset objects reloaded before import = 0Number of asset objects unloaded after import = 1

========================================================================
Received Import Request.
  Time since last request: 0.000048 seconds.
  path: Packages/com.unity.render-pipelines.core/Tests/Editor/Tools/MaterialUpgrader
  artifactKey: Guid(aa8ba3d47aaac7e4b830b55e85d7d679) Importer(2089858483,b0f066a214c2f5e87bad3c948f4d605d)
Start importing Packages/com.unity.render-pipelines.core/Tests/Editor/Tools/MaterialUpgrader using Guid(aa8ba3d47aaac7e4b830b55e85d7d679) Importer(2089858483,b0f066a214c2f5e87bad3c948f4d605d) (ScriptedImporter) -> (artifact id: '720ddc0a3bcf3c33671df85bc91c7a64') in 0.002562167 seconds
Number of updated asset objects reloaded before import = 0Number of asset objects unloaded after import = 1

========================================================================
Received Import Request.
  Time since last request: 0.000050 seconds.
  path: Packages/com.unity.render-pipelines.core/Runtime/RenderPipelineResources
  artifactKey: Guid(04761276653403a4eabf75af352fea54) Importer(2089858483,b0f066a214c2f5e87bad3c948f4d605d)
Start importing Packages/com.unity.render-pipelines.core/Runtime/RenderPipelineResources using Guid(04761276653403a4eabf75af352fea54) Importer(2089858483,b0f066a214c2f5e87bad3c948f4d605d) (ScriptedImporter) -> (artifact id: 'b28144d46c07a38aa15dbe64de09b0ef') in 0.002361167 seconds
Number of updated asset objects reloaded before import = 0Number of asset objects unloaded after import = 1

========================================================================
Received Import Request.
  Time since last request: 0.000132 seconds.
  path: Packages/com.unity.visualscripting/Editor/VisualScripting.Core/Dependencies/ReorderableList/Internal
  artifactKey: Guid(d7fde4fd12d424114ac46ee0b420be59) Importer(2089858483,b0f066a214c2f5e87bad3c948f4d605d)
Start importing Packages/com.unity.visualscripting/Editor/VisualScripting.Core/Dependencies/ReorderableList/Internal using Guid(d7fde4fd12d424114ac46ee0b420be59) Importer(2089858483,b0f066a214c2f5e87bad3c948f4d605d) (ScriptedImporter) -> (artifact id: 'c084ef9358f9f7011d5715cbdcca8f9f') in 0.002364833 seconds
Number of updated asset objects reloaded before import = 0Number of asset objects unloaded after import = 1

========================================================================
Received Import Request.
  Time since last request: 0.000087 seconds.
  path: Packages/com.unity.render-pipelines.universal/Runtime/Data
  artifactKey: Guid(d59f1663563e245fabce035da7cecd75) Importer(2089858483,b0f066a214c2f5e87bad3c948f4d605d)
Start importing Packages/com.unity.render-pipelines.universal/Runtime/Data using Guid(d59f1663563e245fabce035da7cecd75) Importer(2089858483,b0f066a214c2f5e87bad3c948f4d605d) (ScriptedImporter) -> (artifact id: '2ec730536ae18a4dba2eec871ea14401') in 0.002341125 seconds
Number of updated asset objects reloaded before import = 0Number of asset objects unloaded after import = 1

========================================================================
Received Import Request.
  Time since last request: 0.000063 seconds.
  path: Packages/com.unity.ugui/Tests/Editor/UGUI/CanvasRenderer
  artifactKey: Guid(ae242449e9279d44789513b922d3178a) Importer(2089858483,b0f066a214c2f5e87bad3c948f4d605d)
Start importing Packages/com.unity.ugui/Tests/Editor/UGUI/CanvasRenderer using Guid(ae242449e9279d44789513b922d3178a) Importer(2089858483,b0f066a214c2f5e87bad3c948f4d605d) (ScriptedImporter) -> (artifact id: '664565f0ed7cc7705e73ff199b830a22') in 0.001838334 seconds
Number of updated asset objects reloaded before import = 0Number of asset objects unloaded after import = 1

========================================================================
Received Import Request.
  Time since last request: 0.000072 seconds.
  path: Packages/com.unity.timeline/Editor/Activation
  artifactKey: Guid(b124f0b8ca43e6e46bdc0322fad15ea3) Importer(2089858483,b0f066a214c2f5e87bad3c948f4d605d)
Start importing Packages/com.unity.timeline/Editor/Activation using Guid(b124f0b8ca43e6e46bdc0322fad15ea3) Importer(2089858483,b0f066a214c2f5e87bad3c948f4d605d) (ScriptedImporter) -> (artifact id: '7d235c5252d6e8072c814a9b14d810e0') in 0.00237125 seconds
Number of updated asset objects reloaded before import = 0Number of asset objects unloaded after import = 1

========================================================================
Received Import Request.
  Time since last request: 0.000059 seconds.
  path: Packages/com.unity.render-pipelines.universal/Runtime/RendererFeatures/SurfaceCacheGI/SurfaceCacheCore
  artifactKey: Guid(a2edb5f961ad3b341b5045c3e6ffd4b5) Importer(2089858483,b0f066a214c2f5e87bad3c948f4d605d)
Start importing Packages/com.unity.render-pipelines.universal/Runtime/RendererFeatures/SurfaceCacheGI/SurfaceCacheCore using Guid(a2edb5f961ad3b341b5045c3e6ffd4b5) Importer(2089858483,b0f066a214c2f5e87bad3c948f4d605d) (ScriptedImporter) -> (artifact id: 'a74b97de0b7f16a24d5092021becb207') in 0.002383 seconds
Number of updated asset objects reloaded before import = 0Number of asset objects unloaded after import = 1

========================================================================
Received Import Request.
  Time since last request: 0.000051 seconds.
  path: Packages/com.unity.visualscripting/Editor/VisualScripting.Flow/Units
  artifactKey: Guid(f91f7e82c056840faa625a8ca12d106f) Importer(2089858483,b0f066a214c2f5e87bad3c948f4d605d)
Start importing Packages/com.unity.visualscripting/Editor/VisualScripting.Flow/Units using Guid(f91f7e82c056840faa625a8ca12d106f) Importer(2089858483,b0f066a214c2f5e87bad3c948f4d605d) (ScriptedImporter) -> (artifact id: '7f4e9d7fd82e254cc21c0a8294af56f4') in 0.002340792 seconds
Number of updated asset objects reloaded before import = 0Number of asset objects unloaded after import = 1

========================================================================
Received Import Request.
  Time since last request: 0.000056 seconds.
  path: Packages/com.unity.ugui/Editor/TMP
  artifactKey: Guid(10d1425d9e87841d9a9deafe9e93a6f2) Importer(2089858483,b0f066a214c2f5e87bad3c948f4d605d)
Start importing Packages/com.unity.ugui/Editor/TMP using Guid(10d1425d9e87841d9a9deafe9e93a6f2) Importer(2089858483,b0f066a214c2f5e87bad3c948f4d605d) (ScriptedImporter) -> (artifact id: '2fb30ef56778d30764731d0aa8737241') in 0.002417709 seconds
Number of updated asset objects reloaded before import = 0Number of asset objects unloaded after import = 1

========================================================================
Received Import Request.
  Time since last request: 0.000082 seconds.
  path: Packages/com.unity.visualscripting/Runtime/VisualScripting.Core/Listeners/MonoBehaviour
  artifactKey: Guid(a488dc86da524cb9bb265db5831d5f11) Importer(2089858483,b0f066a214c2f5e87bad3c948f4d605d)
Start importing Packages/com.unity.visualscripting/Runtime/VisualScripting.Core/Listeners/MonoBehaviour using Guid(a488dc86da524cb9bb265db5831d5f11) Importer(2089858483,b0f066a214c2f5e87bad3c948f4d605d) (ScriptedImporter) -> (artifact id: 'a5c42cf9eb3a4a168e7e1bfe31fade8d') in 0.002330125 seconds
Number of updated asset objects reloaded before import = 0Number of asset objects unloaded after import = 1

========================================================================
Received Import Request.
  Time since last request: 0.000058 seconds.
  path: Packages/com.unity.collab-proxy/Lib
  artifactKey: Guid(dc0f0050d6c104fc7b2b61ca838fd8c6) Importer(2089858483,b0f066a214c2f5e87bad3c948f4d605d)
Start importing Packages/com.unity.collab-proxy/Lib using Guid(dc0f0050d6c104fc7b2b61ca838fd8c6) Importer(2089858483,b0f066a214c2f5e87bad3c948f4d605d) (ScriptedImporter) -> (artifact id: '9fc841cd540c3dfac36c292d33db66fd') in 0.00250625 seconds
Number of updated asset objects reloaded before import = 0Number of asset objects unloaded after import = 1

========================================================================
Received Import Request.
  Time since last request: 0.000053 seconds.
  path: Packages/com.unity.render-pipelines.core/Editor/Settings
  artifactKey: Guid(130ba52451e62e4419a846fc6cd89ab3) Importer(2089858483,b0f066a214c2f5e87bad3c948f4d605d)
Start importing Packages/com.unity.render-pipelines.core/Editor/Settings using Guid(130ba52451e62e4419a846fc6cd89ab3) Importer(2089858483,b0f066a214c2f5e87bad3c948f4d605d) (ScriptedImporter) -> (artifact id: 'd614e4c405a47b351d5edab146a8ab9c') in 0.002367 seconds
Number of updated asset objects reloaded before import = 0Number of asset objects unloaded after import = 1

========================================================================
Received Import Request.
  Time since last request: 0.000056 seconds.
  path: Packages/com.unity.collab-proxy/Editor/Views/History
  artifactKey: Guid(3ac7d3b2f88744a4c89cb263306add7d) Importer(2089858483,b0f066a214c2f5e87bad3c948f4d605d)
Start importing Packages/com.unity.collab-proxy/Editor/Views/History using Guid(3ac7d3b2f88744a4c89cb263306add7d) Importer(2089858483,b0f066a214c2f5e87bad3c948f4d605d) (ScriptedImporter) -> (artifact id: '08efb4adafafadf6fae1d98c5b28d091') in 0.002407167 seconds
Number of updated asset objects reloaded before import = 0Number of asset objects unloaded after import = 1

========================================================================
Received Import Request.
  Time since last request: 0.000083 seconds.
  path: Packages/com.unity.2d.spriteshape/Editor/Handles/Shaders
  artifactKey: Guid(2ba760cb26319f14f86529637445de30) Importer(2089858483,b0f066a214c2f5e87bad3c948f4d605d)
Start importing Packages/com.unity.2d.spriteshape/Editor/Handles/Shaders using Guid(2ba760cb26319f14f86529637445de30) Importer(2089858483,b0f066a214c2f5e87bad3c948f4d605d) (ScriptedImporter) -> (artifact id: '8b27025fe53be73050a4c1964b153372') in 0.002363292 seconds
Number of updated asset objects reloaded before import = 0Number of asset objects unloaded after import = 1

========================================================================
Received Import Request.
  Time since last request: 0.000086 seconds.
  path: Packages/com.unity.timeline/Runtime/Properties
  artifactKey: Guid(ff97302ee78d6ad478b433ec557ee303) Importer(2089858483,b0f066a214c2f5e87bad3c948f4d605d)
Start importing Packages/com.unity.timeline/Runtime/Properties using Guid(ff97302ee78d6ad478b433ec557ee303) Importer(2089858483,b0f066a214c2f5e87bad3c948f4d605d) (ScriptedImporter) -> (artifact id: '2898ae78dac98f736e4b2327d2ec5bd2') in 0.002240958 seconds
Number of updated asset objects reloaded before import = 0Number of asset objects unloaded after import = 1

========================================================================
Received Import Request.
  Time since last request: 0.000054 seconds.
  path: Packages/com.unity.shadergraph/Editor/Data/Nodes/Math/Advanced
  artifactKey: Guid(198ec765a01574320a8199338d27d9f1) Importer(2089858483,b0f066a214c2f5e87bad3c948f4d605d)
Start importing Packages/com.unity.shadergraph/Editor/Data/Nodes/Math/Advanced using Guid(198ec765a01574320a8199338d27d9f1) Importer(2089858483,b0f066a214c2f5e87bad3c948f4d605d) (ScriptedImporter) -> (artifact id: '00b82c7111e1fb72360c81eca10eed8d') in 0.002339667 seconds
Number of updated asset objects reloaded before import = 0Number of asset objects unloaded after import = 1

========================================================================
Received Import Request.
  Time since last request: 0.000066 seconds.
  path: Packages/com.unity.collab-proxy/Editor/Views/CreateWorkspace/Dialogs
  artifactKey: Guid(cecb087091caedf48adcc1cd3b0ebd6d) Importer(2089858483,b0f066a214c2f5e87bad3c948f4d605d)
Start importing Packages/com.unity.collab-proxy/Editor/Views/CreateWorkspace/Dialogs using Guid(cecb087091caedf48adcc1cd3b0ebd6d) Importer(2089858483,b0f066a214c2f5e87bad3c948f4d605d) (ScriptedImporter) -> (artifact id: '664d1747571daad2dc87d2c1916a5015') in 0.002574375 seconds
Number of updated asset objects reloaded before import = 0Number of asset objects unloaded after import = 1

========================================================================
Received Import Request.
  Time since last request: 0.000043 seconds.
  path: Packages/com.unity.shadergraph/Editor/Data/Nodes/Artistic/Utility
  artifactKey: Guid(32bf6e8fcb46ec24a9db465ddec10a34) Importer(2089858483,b0f066a214c2f5e87bad3c948f4d605d)
Start importing Packages/com.unity.shadergraph/Editor/Data/Nodes/Artistic/Utility using Guid(32bf6e8fcb46ec24a9db465ddec10a34) Importer(2089858483,b0f066a214c2f5e87bad3c948f4d605d) (ScriptedImporter) -> (artifact id: '1ad2dade44e189c27a74d822367db064') in 0.0022805 seconds
Number of updated asset objects reloaded before import = 0Number of asset objects unloaded after import = 1

========================================================================
Received Import Request.
  Time since last request: 0.000053 seconds.
  path: Packages/com.unity.collab-proxy/Lib/Editor/TextMateSharp/Onigwrap/libonigwrap/osx-x64
  artifactKey: Guid(9998fb40f44e7474c848728667ed8142) Importer(2089858483,b0f066a214c2f5e87bad3c948f4d605d)
Start importing Packages/com.unity.collab-proxy/Lib/Editor/TextMateSharp/Onigwrap/libonigwrap/osx-x64 using Guid(9998fb40f44e7474c848728667ed8142) Importer(2089858483,b0f066a214c2f5e87bad3c948f4d605d) (ScriptedImporter) -> (artifact id: '4592b790bdb382dddd9fc0b243b663c7') in 0.002391916 seconds
Number of updated asset objects reloaded before import = 0Number of asset objects unloaded after import = 1

========================================================================
Received Import Request.
  Time since last request: 0.000089 seconds.
  path: Packages/com.unity.inputsystem/InputSystem/Runtime/Plugins/OSX
  artifactKey: Guid(ea65eddf43398654fa32b724723c71a4) Importer(2089858483,b0f066a214c2f5e87bad3c948f4d605d)
Start importing Packages/com.unity.inputsystem/InputSystem/Runtime/Plugins/OSX using Guid(ea65eddf43398654fa32b724723c71a4) Importer(2089858483,b0f066a214c2f5e87bad3c948f4d605d) (ScriptedImporter) -> (artifact id: '083aba837c3ed0171f1cddf5b7f3c18a') in 0.002204625 seconds
Number of updated asset objects reloaded before import = 0Number of asset objects unloaded after import = 1

========================================================================
Received Import Request.
  Time since last request: 0.000057 seconds.
  path: Packages/com.unity.render-pipelines.universal/Shaders/AutodeskInteractive
  artifactKey: Guid(ffac7c69f2faf9345b5b32ae0580e2e9) Importer(2089858483,b0f066a214c2f5e87bad3c948f4d605d)
Start importing Packages/com.unity.render-pipelines.universal/Shaders/AutodeskInteractive using Guid(ffac7c69f2faf9345b5b32ae0580e2e9) Importer(2089858483,b0f066a214c2f5e87bad3c948f4d605d) (ScriptedImporter) -> (artifact id: '5d769c3ef3385295b8692fa68de652e6') in 0.004102709 seconds
Number of updated asset objects reloaded before import = 0Number of asset objects unloaded after import = 1

========================================================================
Received Import Request.
  Time since last request: 0.000041 seconds.
  path: Packages/com.unity.visualscripting/Editor/VisualScripting.Core/Widgets
  artifactKey: Guid(035dcff6677ce4e32a1819046f004e28) Importer(2089858483,b0f066a214c2f5e87bad3c948f4d605d)
Start importing Packages/com.unity.visualscripting/Editor/VisualScripting.Core/Widgets using Guid(035dcff6677ce4e32a1819046f004e28) Importer(2089858483,b0f066a214c2f5e87bad3c948f4d605d) (ScriptedImporter) -> (artifact id: '45b2f4e1c10954c339619af64dea0241') in 0.002119917 seconds
Number of updated asset objects reloaded before import = 0Number of asset objects unloaded after import = 1

========================================================================
Received Import Request.
  Time since last request: 0.000055 seconds.
  path: Packages/com.unity.render-pipelines.universal/Editor/VFXGraph/Shaders/Templates/ParticleMeshes
  artifactKey: Guid(e3f2e22f0a32625498c3494d01930342) Importer(2089858483,b0f066a214c2f5e87bad3c948f4d605d)
Start importing Packages/com.unity.render-pipelines.universal/Editor/VFXGraph/Shaders/Templates/ParticleMeshes using Guid(e3f2e22f0a32625498c3494d01930342) Importer(2089858483,b0f066a214c2f5e87bad3c948f4d605d) (ScriptedImporter) -> (artifact id: '03ea46f90d5a6de49cea4ee02e736623') in 0.011278291 seconds
Number of updated asset objects reloaded before import = 0Number of asset objects unloaded after import = 1

========================================================================
Received Import Request.
  Time since last request: 0.000054 seconds.
  path: Packages/com.unity.2d.tilemap.extras/Runtime/Tiles
  artifactKey: Guid(86aeedb511333af45943236d5d6be1b4) Importer(2089858483,b0f066a214c2f5e87bad3c948f4d605d)
Start importing Packages/com.unity.2d.tilemap.extras/Runtime/Tiles using Guid(86aeedb511333af45943236d5d6be1b4) Importer(2089858483,b0f066a214c2f5e87bad3c948f4d605d) (ScriptedImporter) -> (artifact id: '224aa7c6f458374dd0c75d4d0ae89b8d') in 0.002244833 seconds
Number of updated asset objects reloaded before import = 0Number of asset objects unloaded after import = 1

========================================================================
Received Import Request.
  Time since last request: 0.000047 seconds.
  path: Packages/com.unity.collab-proxy/Editor/Assets/Images
  artifactKey: Guid(8697b23ed1b3db0448e2580433ae07d7) Importer(2089858483,b0f066a214c2f5e87bad3c948f4d605d)
Start importing Packages/com.unity.collab-proxy/Editor/Assets/Images using Guid(8697b23ed1b3db0448e2580433ae07d7) Importer(2089858483,b0f066a214c2f5e87bad3c948f4d605d) (ScriptedImporter) -> (artifact id: '935c4580dfbbb0480e7815b57a261bf9') in 0.001905041 seconds
Number of updated asset objects reloaded before import = 0Number of asset objects unloaded after import = 1

========================================================================
Received Import Request.
  Time since last request: 0.000081 seconds.
  path: Packages/com.unity.timeline/Runtime/Animation
  artifactKey: Guid(de9eb5e2046ffc9448f07e495c436506) Importer(2089858483,b0f066a214c2f5e87bad3c948f4d605d)
Start importing Packages/com.unity.timeline/Runtime/Animation using Guid(de9eb5e2046ffc9448f07e495c436506) Importer(2089858483,b0f066a214c2f5e87bad3c948f4d605d) (ScriptedImporter) -> (artifact id: '30992a01b5b177193cfb32122c57ec11') in 0.002251875 seconds
Number of updated asset objects reloaded before import = 0Number of asset objects unloaded after import = 1

========================================================================
Received Import Request.
  Time since last request: 0.000054 seconds.
  path: Packages/com.unity.ide.visualstudio/Editor/Messaging
  artifactKey: Guid(2f820130c86c28547a0f1a2f4c73155b) Importer(2089858483,b0f066a214c2f5e87bad3c948f4d605d)
Start importing Packages/com.unity.ide.visualstudio/Editor/Messaging using Guid(2f820130c86c28547a0f1a2f4c73155b) Importer(2089858483,b0f066a214c2f5e87bad3c948f4d605d) (ScriptedImporter) -> (artifact id: 'ca45a4a289e08f679b41c5890a4d78a0') in 0.002144791 seconds
Number of updated asset objects reloaded before import = 0Number of asset objects unloaded after import = 1

========================================================================
Received Import Request.
  Time since last request: 0.000052 seconds.
  path: Packages/com.unity.ugui/Tests/Editor/UGUI/Text
  artifactKey: Guid(4f9ac6e545d53f94b9f09c85b9576f36) Importer(2089858483,b0f066a214c2f5e87bad3c948f4d605d)
Start importing Packages/com.unity.ugui/Tests/Editor/UGUI/Text using Guid(4f9ac6e545d53f94b9f09c85b9576f36) Importer(2089858483,b0f066a214c2f5e87bad3c948f4d605d) (ScriptedImporter) -> (artifact id: '8691460edcb1f10b6ad084a68730d909') in 0.002504625 seconds
Number of updated asset objects reloaded before import = 0Number of asset objects unloaded after import = 1

========================================================================
Received Import Request.
  Time since last request: 0.000053 seconds.
  path: Packages/com.unity.2d.common/Runtime
  artifactKey: Guid(4f5e03422df3a442089f65a1856ece1b) Importer(2089858483,b0f066a214c2f5e87bad3c948f4d605d)
Start importing Packages/com.unity.2d.common/Runtime using Guid(4f5e03422df3a442089f65a1856ece1b) Importer(2089858483,b0f066a214c2f5e87bad3c948f4d605d) (ScriptedImporter) -> (artifact id: '1942e20137c0c8aa0e860d60659e7bbf') in 0.002267916 seconds
Number of updated asset objects reloaded before import = 0Number of asset objects unloaded after import = 1

========================================================================
Received Import Request.
  Time since last request: 0.000055 seconds.
  path: Packages/com.unity.collab-proxy/Editor/Views/BranchExplorer/Drawing/Shapes/Colors
  artifactKey: Guid(1047700d0d5e4572882e66f9c6420fc1) Importer(2089858483,b0f066a214c2f5e87bad3c948f4d605d)
Start importing Packages/com.unity.collab-proxy/Editor/Views/BranchExplorer/Drawing/Shapes/Colors using Guid(1047700d0d5e4572882e66f9c6420fc1) Importer(2089858483,b0f066a214c2f5e87bad3c948f4d605d) (ScriptedImporter) -> (artifact id: '2ec3ae4aa375320c6c08b99c414a4b19') in 0.002227 seconds
Number of updated asset objects reloaded before import = 0Number of asset objects unloaded after import = 1

========================================================================
Received Import Request.
  Time since last request: 0.000080 seconds.
  path: Packages/com.unity.visualscripting/Editor/VisualScripting.Core/Windows
  artifactKey: Guid(76d8bce97cbf24024938e4b5c559e826) Importer(2089858483,b0f066a214c2f5e87bad3c948f4d605d)
Start importing Packages/com.unity.visualscripting/Editor/VisualScripting.Core/Windows using Guid(76d8bce97cbf24024938e4b5c559e826) Importer(2089858483,b0f066a214c2f5e87bad3c948f4d605d) (ScriptedImporter) -> (artifact id: '8011ab45628ee32feb016c1f292a6a05') in 0.003872625 seconds
Number of updated asset objects reloaded before import = 0Number of asset objects unloaded after import = 1

========================================================================
Received Import Request.
  Time since last request: 0.000063 seconds.
  path: Packages/com.unity.render-pipelines.universal/Runtime/Passes
  artifactKey: Guid(c2a16f045b3148e4f9d0d62614a81a61) Importer(2089858483,b0f066a214c2f5e87bad3c948f4d605d)
Start importing Packages/com.unity.render-pipelines.universal/Runtime/Passes using Guid(c2a16f045b3148e4f9d0d62614a81a61) Importer(2089858483,b0f066a214c2f5e87bad3c948f4d605d) (ScriptedImporter) -> (artifact id: '3bb1ebde384ecb5968b62fd979354de8') in 0.002056334 seconds
Number of updated asset objects reloaded before import = 0Number of asset objects unloaded after import = 1

========================================================================
Received Import Request.
  Time since last request: 0.000050 seconds.
  path: Packages/com.unity.ugui/Runtime/UGUI/UI/Core/VertexModifiers
  artifactKey: Guid(cfa73a847eeff06448bb50a8ac6a94e0) Importer(2089858483,b0f066a214c2f5e87bad3c948f4d605d)
Start importing Packages/com.unity.ugui/Runtime/UGUI/UI/Core/VertexModifiers using Guid(cfa73a847eeff06448bb50a8ac6a94e0) Importer(2089858483,b0f066a214c2f5e87bad3c948f4d605d) (ScriptedImporter) -> (artifact id: '84613a62bc0c9a310b8d5479280567f4') in 0.002029667 seconds
Number of updated asset objects reloaded before import = 0Number of asset objects unloaded after import = 1

========================================================================
Received Import Request.
  Time since last request: 0.000036 seconds.
  path: Packages/com.unity.render-pipelines.core/Editor/Lighting/Icons
  artifactKey: Guid(77235ff89f4625d44ac5ad118d1913fa) Importer(2089858483,b0f066a214c2f5e87bad3c948f4d605d)
Start importing Packages/com.unity.render-pipelines.core/Editor/Lighting/Icons using Guid(77235ff89f4625d44ac5ad118d1913fa) Importer(2089858483,b0f066a214c2f5e87bad3c948f4d605d) (ScriptedImporter) -> (artifact id: '4fdcd0a6ccb9234c5cb1ec3ce0ed5449') in 0.002037792 seconds
Number of updated asset objects reloaded before import = 0Number of asset objects unloaded after import = 1

========================================================================
Received Import Request.
  Time since last request: 0.000057 seconds.
  path: Packages/com.unity.visualscripting/DocCodeExamples
  artifactKey: Guid(02b08905958e34d50b85eaed5a223c45) Importer(2089858483,b0f066a214c2f5e87bad3c948f4d605d)
Start importing Packages/com.unity.visualscripting/DocCodeExamples using Guid(02b08905958e34d50b85eaed5a223c45) Importer(2089858483,b0f066a214c2f5e87bad3c948f4d605d) (ScriptedImporter) -> (artifact id: '6703feda014545d1ddf6e98b779b9f22') in 0.003814041 seconds
Number of updated asset objects reloaded before import = 0Number of asset objects unloaded after import = 1

========================================================================
Received Import Request.
  Time since last request: 0.000049 seconds.
  path: Packages/com.unity.visualscripting/Runtime/VisualScripting.Core/Input
  artifactKey: Guid(35a6e72a9316f4368ac7f6b071ee3b5c) Importer(2089858483,b0f066a214c2f5e87bad3c948f4d605d)
Start importing Packages/com.unity.visualscripting/Runtime/VisualScripting.Core/Input using Guid(35a6e72a9316f4368ac7f6b071ee3b5c) Importer(2089858483,b0f066a214c2f5e87bad3c948f4d605d) (ScriptedImporter) -> (artifact id: '485ac98ef8c0d3853b69a2863c9d9e50') in 0.002627667 seconds
Number of updated asset objects reloaded before import = 0Number of asset objects unloaded after import = 1

========================================================================
Received Import Request.
  Time since last request: 0.000067 seconds.
  path: Packages/com.unity.mathematics/Tests/Tests
  artifactKey: Guid(bccfda2dc5ad3b84eb3a644147ea0010) Importer(2089858483,b0f066a214c2f5e87bad3c948f4d605d)
Start importing Packages/com.unity.mathematics/Tests/Tests using Guid(bccfda2dc5ad3b84eb3a644147ea0010) Importer(2089858483,b0f066a214c2f5e87bad3c948f4d605d) (ScriptedImporter) -> (artifact id: 'bfa9123e9a1753feb59a0d4a6b9bb420') in 0.002219334 seconds
Number of updated asset objects reloaded before import = 0Number of asset objects unloaded after import = 1

========================================================================
Received Import Request.
  Time since last request: 0.000044 seconds.
  path: Packages/com.unity.collab-proxy/Editor/Diff/Asset/Diff/Meta
  artifactKey: Guid(772402f8aab2e44a089edb3142c706cd) Importer(2089858483,b0f066a214c2f5e87bad3c948f4d605d)
Start importing Packages/com.unity.collab-proxy/Editor/Diff/Asset/Diff/Meta using Guid(772402f8aab2e44a089edb3142c706cd) Importer(2089858483,b0f066a214c2f5e87bad3c948f4d605d) (ScriptedImporter) -> (artifact id: '72172874b8470202ed87d70b833a3ba8') in 0.002256958 seconds
Number of updated asset objects reloaded before import = 0Number of asset objects unloaded after import = 1

========================================================================
Received Import Request.
  Time since last request: 0.000056 seconds.
  path: Packages/com.unity.collab-proxy/Editor/Configuration/CloudEdition/Welcome
  artifactKey: Guid(86d9084a265d35f4db65c4e31e0b6769) Importer(2089858483,b0f066a214c2f5e87bad3c948f4d605d)
Start importing Packages/com.unity.collab-proxy/Editor/Configuration/CloudEdition/Welcome using Guid(86d9084a265d35f4db65c4e31e0b6769) Importer(2089858483,b0f066a214c2f5e87bad3c948f4d605d) (ScriptedImporter) -> (artifact id: '01022a0026446761c83078b9ce36300f') in 0.002082958 seconds
Number of updated asset objects reloaded before import = 0Number of asset objects unloaded after import = 1

========================================================================
Received Import Request.
  Time since last request: 0.000056 seconds.
  path: Packages/com.unity.ugui/Editor Resources/Gizmos
  artifactKey: Guid(e93ec7eb6de342aabd156833e253f838) Importer(2089858483,b0f066a214c2f5e87bad3c948f4d605d)
Start importing Packages/com.unity.ugui/Editor Resources/Gizmos using Guid(e93ec7eb6de342aabd156833e253f838) Importer(2089858483,b0f066a214c2f5e87bad3c948f4d605d) (ScriptedImporter) -> (artifact id: '805db7b14d048a69fa39f05faeac0eaa') in 0.002323916 seconds
Number of updated asset objects reloaded before import = 0Number of asset objects unloaded after import = 1

========================================================================
Received Import Request.
  Time since last request: 0.000055 seconds.
  path: Packages/com.unity.render-pipelines.core/Runtime/Sampling/Textures
  artifactKey: Guid(837c8a5059e05e74f8f9b8cbb40c6fa1) Importer(2089858483,b0f066a214c2f5e87bad3c948f4d605d)
Start importing Packages/com.unity.render-pipelines.core/Runtime/Sampling/Textures using Guid(837c8a5059e05e74f8f9b8cbb40c6fa1) Importer(2089858483,b0f066a214c2f5e87bad3c948f4d605d) (ScriptedImporter) -> (artifact id: '238250616377ddab2d3834cd8c443137') in 0.002361959 seconds
Number of updated asset objects reloaded before import = 0Number of asset objects unloaded after import = 1

========================================================================
Received Import Request.
  Time since last request: 0.000049 seconds.
  path: Packages/com.unity.visualscripting/Editor/VisualScripting.Core/Assignment
  artifactKey: Guid(662cc5e740e0841e1bb91853ab803f33) Importer(2089858483,b0f066a214c2f5e87bad3c948f4d605d)
Start importing Packages/com.unity.visualscripting/Editor/VisualScripting.Core/Assignment using Guid(662cc5e740e0841e1bb91853ab803f33) Importer(2089858483,b0f066a214c2f5e87bad3c948f4d605d) (ScriptedImporter) -> (artifact id: '64df87f8a86b16386e8054d60273d567') in 0.002150709 seconds
Number of updated asset objects reloaded before import = 0Number of asset objects unloaded after import = 1

========================================================================
Received Import Request.
  Time since last request: 0.000057 seconds.
  path: Packages/com.unity.render-pipelines.core/Runtime/UnifiedRayTracing/Compute/RadeonRays/kernels
  artifactKey: Guid(9a4184587b7c760418ee26ca0a32df62) Importer(2089858483,b0f066a214c2f5e87bad3c948f4d605d)
Start importing Packages/com.unity.render-pipelines.core/Runtime/UnifiedRayTracing/Compute/RadeonRays/kernels using Guid(9a4184587b7c760418ee26ca0a32df62) Importer(2089858483,b0f066a214c2f5e87bad3c948f4d605d) (ScriptedImporter) -> (artifact id: 'be958219165474b43d4240e845184fd8') in 0.002095417 seconds
Number of updated asset objects reloaded before import = 0Number of asset objects unloaded after import = 1

========================================================================
Received Import Request.
  Time since last request: 0.000064 seconds.
  path: Packages/com.unity.inputsystem/InputSystem/Editor/Plugins/EnhancedTouch
  artifactKey: Guid(29656219f4bec4af4b3720997e749957) Importer(2089858483,b0f066a214c2f5e87bad3c948f4d605d)
Start importing Packages/com.unity.inputsystem/InputSystem/Editor/Plugins/EnhancedTouch using Guid(29656219f4bec4af4b3720997e749957) Importer(2089858483,b0f066a214c2f5e87bad3c948f4d605d) (ScriptedImporter) -> (artifact id: 'c602ea274fa1ef1b58bb854d310bb093') in 0.002318083 seconds
Number of updated asset objects reloaded before import = 0Number of asset objects unloaded after import = 1

========================================================================
Received Import Request.
  Time since last request: 0.000052 seconds.
  path: Packages/com.unity.collab-proxy/Editor/UI/Errors
  artifactKey: Guid(4edf5537f8245134c8b023ab85d8e640) Importer(2089858483,b0f066a214c2f5e87bad3c948f4d605d)
Start importing Packages/com.unity.collab-proxy/Editor/UI/Errors using Guid(4edf5537f8245134c8b023ab85d8e640) Importer(2089858483,b0f066a214c2f5e87bad3c948f4d605d) (ScriptedImporter) -> (artifact id: '06fe19e7a6f7087c0e9432a6ff3ae6c1') in 0.002225125 seconds
Number of updated asset objects reloaded before import = 0Number of asset objects unloaded after import = 1

========================================================================
Received Import Request.
  Time since last request: 0.000094 seconds.
  path: Packages/com.unity.2d.tooling/Editor/Insider/AnalyzerWindow
  artifactKey: Guid(a4bd00ede69846b09887862b63441ab7) Importer(2089858483,b0f066a214c2f5e87bad3c948f4d605d)
Start importing Packages/com.unity.2d.tooling/Editor/Insider/AnalyzerWindow using Guid(a4bd00ede69846b09887862b63441ab7) Importer(2089858483,b0f066a214c2f5e87bad3c948f4d605d) (ScriptedImporter) -> (artifact id: '8bd0bd5ad4a0bccc93b28725852828cb') in 0.002317209 seconds
Number of updated asset objects reloaded before import = 0Number of asset objects unloaded after import = 1

========================================================================
Received Import Request.
  Time since last request: 0.000060 seconds.
  path: Packages/com.unity.inputsystem/Tests
  artifactKey: Guid(f1c1e9b3951e340e48a3d2c037d6f48b) Importer(2089858483,b0f066a214c2f5e87bad3c948f4d605d)
Start importing Packages/com.unity.inputsystem/Tests using Guid(f1c1e9b3951e340e48a3d2c037d6f48b) Importer(2089858483,b0f066a214c2f5e87bad3c948f4d605d) (ScriptedImporter) -> (artifact id: '1427d5ba0c86d42da6427a1f2397b182') in 0.002240333 seconds
Number of updated asset objects reloaded before import = 0Number of asset objects unloaded after import = 1

========================================================================
Received Import Request.
  Time since last request: 0.000064 seconds.
  path: Packages/com.unity.visualscripting/Runtime/VisualScripting.Core/Serialization/Converters
  artifactKey: Guid(283d955e2208d4ad5ab108cd26f8c25b) Importer(2089858483,b0f066a214c2f5e87bad3c948f4d605d)
Start importing Packages/com.unity.visualscripting/Runtime/VisualScripting.Core/Serialization/Converters using Guid(283d955e2208d4ad5ab108cd26f8c25b) Importer(2089858483,b0f066a214c2f5e87bad3c948f4d605d) (ScriptedImporter) -> (artifact id: 'c73a20cdb6f50eeab9799e9837898545') in 0.002273084 seconds
Number of updated asset objects reloaded before import = 0Number of asset objects unloaded after import = 1

========================================================================
Received Import Request.
  Time since last request: 0.000070 seconds.
  path: Packages/com.unity.timeline/Editor/Manipulators/Utils
  artifactKey: Guid(67e9c6cf60c57a54f9f4db1bc33fd2e3) Importer(2089858483,b0f066a214c2f5e87bad3c948f4d605d)
Start importing Packages/com.unity.timeline/Editor/Manipulators/Utils using Guid(67e9c6cf60c57a54f9f4db1bc33fd2e3) Importer(2089858483,b0f066a214c2f5e87bad3c948f4d605d) (ScriptedImporter) -> (artifact id: '39dc3b18756002ee09f09a386b704d9f') in 0.002345792 seconds
Number of updated asset objects reloaded before import = 0Number of asset objects unloaded after import = 1

========================================================================
Received Import Request.
  Time since last request: 0.000056 seconds.
  path: Packages/com.unity.render-pipelines.core/Editor/Lighting/ProbeVolume
  artifactKey: Guid(0c3c319c56dba374ba288aab4ee70654) Importer(2089858483,b0f066a214c2f5e87bad3c948f4d605d)
Start importing Packages/com.unity.render-pipelines.core/Editor/Lighting/ProbeVolume using Guid(0c3c319c56dba374ba288aab4ee70654) Importer(2089858483,b0f066a214c2f5e87bad3c948f4d605d) (ScriptedImporter) -> (artifact id: '8c168d8a8f7bc3b5b04ee8ab11f7d532') in 0.002299041 seconds
Number of updated asset objects reloaded before import = 0Number of asset objects unloaded after import = 1

========================================================================
Received Import Request.
  Time since last request: 0.000045 seconds.
  path: Packages/com.unity.visualscripting/Runtime/VisualScripting.Core/Reflection
  artifactKey: Guid(9d61905c380b4494aa47078da9f0e4f9) Importer(2089858483,b0f066a214c2f5e87bad3c948f4d605d)
Start importing Packages/com.unity.visualscripting/Runtime/VisualScripting.Core/Reflection using Guid(9d61905c380b4494aa47078da9f0e4f9) Importer(2089858483,b0f066a214c2f5e87bad3c948f4d605d) (ScriptedImporter) -> (artifact id: 'e1c88d141fecdf6ee2874947c0b386b2') in 0.002386417 seconds
Number of updated asset objects reloaded before import = 0Number of asset objects unloaded after import = 1

========================================================================
Received Import Request.
  Time since last request: 0.000096 seconds.
  path: Packages/com.unity.inputsystem/Tests/IntegrationTests
  artifactKey: Guid(857f018a2ed885449804cf82b4fec116) Importer(2089858483,b0f066a214c2f5e87bad3c948f4d605d)
Start importing Packages/com.unity.inputsystem/Tests/IntegrationTests using Guid(857f018a2ed885449804cf82b4fec116) Importer(2089858483,b0f066a214c2f5e87bad3c948f4d605d) (ScriptedImporter) -> (artifact id: '88fef1525f9f296e6c369d98990ebd00') in 0.002300917 seconds
Number of updated asset objects reloaded before import = 0Number of asset objects unloaded after import = 1

========================================================================
Received Import Request.
  Time since last request: 0.000037 seconds.
  path: Packages/com.unity.2d.animation/Editor/Assets/EditorIcons/Selected
  artifactKey: Guid(d8c8210d3679b804d9f03049171735f2) Importer(2089858483,b0f066a214c2f5e87bad3c948f4d605d)
Start importing Packages/com.unity.2d.animation/Editor/Assets/EditorIcons/Selected using Guid(d8c8210d3679b804d9f03049171735f2) Importer(2089858483,b0f066a214c2f5e87bad3c948f4d605d) (ScriptedImporter) -> (artifact id: 'b53a63369ded511bf9bec46325c040d5') in 0.002307667 seconds
Number of updated asset objects reloaded before import = 0Number of asset objects unloaded after import = 1

========================================================================
Received Import Request.
  Time since last request: 0.000109 seconds.
  path: Packages/com.unity.visualscripting/Editor/VisualScripting.Core/Interface
  artifactKey: Guid(d059f512247b14deda979c72cae2127b) Importer(2089858483,b0f066a214c2f5e87bad3c948f4d605d)
Start importing Packages/com.unity.visualscripting/Editor/VisualScripting.Core/Interface using Guid(d059f512247b14deda979c72cae2127b) Importer(2089858483,b0f066a214c2f5e87bad3c948f4d605d) (ScriptedImporter) -> (artifact id: '58ac63f28c7654815ee202925f32fcaf') in 0.002301084 seconds
Number of updated asset objects reloaded before import = 0Number of asset objects unloaded after import = 1

========================================================================
Received Import Request.
  Time since last request: 0.000058 seconds.
  path: Packages/com.unity.2d.spriteshape/Runtime/External/LibTessDotNet
  artifactKey: Guid(9214d94ab547c5447a11c7a7c6a59482) Importer(2089858483,b0f066a214c2f5e87bad3c948f4d605d)
Start importing Packages/com.unity.2d.spriteshape/Runtime/External/LibTessDotNet using Guid(9214d94ab547c5447a11c7a7c6a59482) Importer(2089858483,b0f066a214c2f5e87bad3c948f4d605d) (ScriptedImporter) -> (artifact id: '86fa9e9aa923b08fa576b69f38c1d4a1') in 0.002276625 seconds
Number of updated asset objects reloaded before import = 0Number of asset objects unloaded after import = 1

========================================================================
Received Import Request.
  Time since last request: 0.000057 seconds.
  path: Packages/com.unity.visualscripting/Editor/VisualScripting.Core/Decorators
  artifactKey: Guid(a89a9b0a7ae9f42b6b547190ba8cd0cf) Importer(2089858483,b0f066a214c2f5e87bad3c948f4d605d)
Start importing Packages/com.unity.visualscripting/Editor/VisualScripting.Core/Decorators using Guid(a89a9b0a7ae9f42b6b547190ba8cd0cf) Importer(2089858483,b0f066a214c2f5e87bad3c948f4d605d) (ScriptedImporter) -> (artifact id: '30ec412ac9f281033d80c10e05a0c624') in 0.002246125 seconds
Number of updated asset objects reloaded before import = 0Number of asset objects unloaded after import = 1

========================================================================
Received Import Request.
  Time since last request: 0.000061 seconds.
  path: Packages/com.unity.2d.spriteshape/Editor/ObjectMenuCreation/DefaultAssets
  artifactKey: Guid(c25bbe6bfe25b46b5a73801fe153a449) Importer(2089858483,b0f066a214c2f5e87bad3c948f4d605d)
Start importing Packages/com.unity.2d.spriteshape/Editor/ObjectMenuCreation/DefaultAssets using Guid(c25bbe6bfe25b46b5a73801fe153a449) Importer(2089858483,b0f066a214c2f5e87bad3c948f4d605d) (ScriptedImporter) -> (artifact id: '4358062540d1c33321af58879e31159d') in 0.002368542 seconds
Number of updated asset objects reloaded before import = 0Number of asset objects unloaded after import = 1

========================================================================
Received Import Request.
  Time since last request: 0.000061 seconds.
  path: Packages/com.unity.2d.animation/Editor/SkinningModule/SpriteBoneInfluence
  artifactKey: Guid(ae8222a77d2168b45b8a300c2ae1300b) Importer(2089858483,b0f066a214c2f5e87bad3c948f4d605d)
Start importing Packages/com.unity.2d.animation/Editor/SkinningModule/SpriteBoneInfluence using Guid(ae8222a77d2168b45b8a300c2ae1300b) Importer(2089858483,b0f066a214c2f5e87bad3c948f4d605d) (ScriptedImporter) -> (artifact id: '5bc48ef4b77b94777c57da0f964d6b6d') in 0.0021985 seconds
Number of updated asset objects reloaded before import = 0Number of asset objects unloaded after import = 1

========================================================================
Received Import Request.
  Time since last request: 0.000053 seconds.
  path: Packages/com.unity.visualscripting/Editor/VisualScripting.Core/Exceptions
  artifactKey: Guid(7261815fb7b1c4aeb899c8f9cc18d5d8) Importer(2089858483,b0f066a214c2f5e87bad3c948f4d605d)
Start importing Packages/com.unity.visualscripting/Editor/VisualScripting.Core/Exceptions using Guid(7261815fb7b1c4aeb899c8f9cc18d5d8) Importer(2089858483,b0f066a214c2f5e87bad3c948f4d605d) (ScriptedImporter) -> (artifact id: 'f1c9a58c5bbba07455fc7c0937800275') in 0.002272708 seconds
Number of updated asset objects reloaded before import = 0Number of asset objects unloaded after import = 1

========================================================================
Received Import Request.
  Time since last request: 0.000050 seconds.
  path: Packages/com.unity.collab-proxy/Editor/Diff/Asset/Diff
  artifactKey: Guid(c52dccb0f71c4bc0b587555b3017d7ec) Importer(2089858483,b0f066a214c2f5e87bad3c948f4d605d)
Start importing Packages/com.unity.collab-proxy/Editor/Diff/Asset/Diff using Guid(c52dccb0f71c4bc0b587555b3017d7ec) Importer(2089858483,b0f066a214c2f5e87bad3c948f4d605d) (ScriptedImporter) -> (artifact id: '7bf549564eefa375f45d44095878d630') in 0.002363125 seconds
Number of updated asset objects reloaded before import = 0Number of asset objects unloaded after import = 1

========================================================================
Received Import Request.
  Time since last request: 0.000064 seconds.
  path: Packages/com.unity.2d.animation/Editor/SkinningModule/MeshTool
  artifactKey: Guid(9ee4e8d7932896548ab9dd0fa6efebc5) Importer(2089858483,b0f066a214c2f5e87bad3c948f4d605d)
Start importing Packages/com.unity.2d.animation/Editor/SkinningModule/MeshTool using Guid(9ee4e8d7932896548ab9dd0fa6efebc5) Importer(2089858483,b0f066a214c2f5e87bad3c948f4d605d) (ScriptedImporter) -> (artifact id: 'bc3357483e070139a79b696d908b30e2') in 0.002393125 seconds
Number of updated asset objects reloaded before import = 0Number of asset objects unloaded after import = 1

========================================================================
Received Import Request.
  Time since last request: 0.000057 seconds.
  path: Packages/com.unity.2d.animation/Editor/SkinningModule/MeshPreviewTool
  artifactKey: Guid(9aa898c2e4f1cbc4ba5d122fc7b47317) Importer(2089858483,b0f066a214c2f5e87bad3c948f4d605d)
Start importing Packages/com.unity.2d.animation/Editor/SkinningModule/MeshPreviewTool using Guid(9aa898c2e4f1cbc4ba5d122fc7b47317) Importer(2089858483,b0f066a214c2f5e87bad3c948f4d605d) (ScriptedImporter) -> (artifact id: '00aa92fc84e8baa60dcdc95955c0eace') in 0.002236459 seconds
Number of updated asset objects reloaded before import = 0Number of asset objects unloaded after import = 1

========================================================================
Received Import Request.
  Time since last request: 0.000062 seconds.
  path: Packages/com.unity.2d.animation/IK/Editor/Inspectors
  artifactKey: Guid(d12aa39b430d2fe44b043732d7d1d4aa) Importer(2089858483,b0f066a214c2f5e87bad3c948f4d605d)
Start importing Packages/com.unity.2d.animation/IK/Editor/Inspectors using Guid(d12aa39b430d2fe44b043732d7d1d4aa) Importer(2089858483,b0f066a214c2f5e87bad3c948f4d605d) (ScriptedImporter) -> (artifact id: 'b71bb5ffee7d4cc85a297cfcf511da0b') in 0.002337959 seconds
Number of updated asset objects reloaded before import = 0Number of asset objects unloaded after import = 1

========================================================================
Received Import Request.
  Time since last request: 0.000061 seconds.
  path: Packages/com.unity.timeline/Runtime/Activation
  artifactKey: Guid(d0cd29fb1ad218b48b814bc3e6d8ac0e) Importer(2089858483,b0f066a214c2f5e87bad3c948f4d605d)
Start importing Packages/com.unity.timeline/Runtime/Activation using Guid(d0cd29fb1ad218b48b814bc3e6d8ac0e) Importer(2089858483,b0f066a214c2f5e87bad3c948f4d605d) (ScriptedImporter) -> (artifact id: '50a1cf73326e85229a00fce90a836915') in 0.002352917 seconds
Number of updated asset objects reloaded before import = 0Number of asset objects unloaded after import = 1

========================================================================
Received Import Request.
  Time since last request: 0.000061 seconds.
  path: Packages/com.unity.visualscripting/Editor/VisualScripting.Core/Inspection/Other
  artifactKey: Guid(da54b93a26c5a405a91f8f731988058b) Importer(2089858483,b0f066a214c2f5e87bad3c948f4d605d)
Start importing Packages/com.unity.visualscripting/Editor/VisualScripting.Core/Inspection/Other using Guid(da54b93a26c5a405a91f8f731988058b) Importer(2089858483,b0f066a214c2f5e87bad3c948f4d605d) (ScriptedImporter) -> (artifact id: '2c358e3231e56cb04e5aba901307685f') in 0.002406417 seconds
Number of updated asset objects reloaded before import = 0Number of asset objects unloaded after import = 1

========================================================================
Received Import Request.
  Time since last request: 0.000061 seconds.
  path: Packages/com.unity.ide.rider/Rider/Editor/UnitTesting
  artifactKey: Guid(a52391bc44c477f40a547ed4ef3b9560) Importer(2089858483,b0f066a214c2f5e87bad3c948f4d605d)
Start importing Packages/com.unity.ide.rider/Rider/Editor/UnitTesting using Guid(a52391bc44c477f40a547ed4ef3b9560) Importer(2089858483,b0f066a214c2f5e87bad3c948f4d605d) (ScriptedImporter) -> (artifact id: 'da6cb0afe3c9b1a46b6ac6fd4f187e65') in 0.00224175 seconds
Number of updated asset objects reloaded before import = 0Number of asset objects unloaded after import = 1

========================================================================
Received Import Request.
  Time since last request: 0.000056 seconds.
  path: Packages/com.unity.visualscripting/Runtime/VisualScripting.Flow/Framework/Events/Rendering
  artifactKey: Guid(f8eaf03840a934f5fa828ca5a0224c81) Importer(2089858483,b0f066a214c2f5e87bad3c948f4d605d)
Start importing Packages/com.unity.visualscripting/Runtime/VisualScripting.Flow/Framework/Events/Rendering using Guid(f8eaf03840a934f5fa828ca5a0224c81) Importer(2089858483,b0f066a214c2f5e87bad3c948f4d605d) (ScriptedImporter) -> (artifact id: 'd43aac2cbe0caaefeb46a9d751e185a8') in 0.002250916 seconds
Number of updated asset objects reloaded before import = 0Number of asset objects unloaded after import = 1

========================================================================
Received Import Request.
  Time since last request: 0.000060 seconds.
  path: Packages/com.unity.inputsystem
  artifactKey: Guid(a39e9b2bb659c51bcd404be69e7ec9d4) Importer(2089858483,b0f066a214c2f5e87bad3c948f4d605d)
Start importing Packages/com.unity.inputsystem using Guid(a39e9b2bb659c51bcd404be69e7ec9d4) Importer(2089858483,b0f066a214c2f5e87bad3c948f4d605d) (ScriptedImporter) -> (artifact id: '1a081339fa05e8ce2bf68938f15c2185') in 0.0021225 seconds
Number of updated asset objects reloaded before import = 0Number of asset objects unloaded after import = 1

========================================================================
Received Import Request.
  Time since last request: 0.000075 seconds.
  path: Packages/com.unity.shadergraph/GraphTemplates/Cross Pipeline
  artifactKey: Guid(15b418f3a4e2a7f40ac71211fd58d4ec) Importer(2089858483,b0f066a214c2f5e87bad3c948f4d605d)
Start importing Packages/com.unity.shadergraph/GraphTemplates/Cross Pipeline using Guid(15b418f3a4e2a7f40ac71211fd58d4ec) Importer(2089858483,b0f066a214c2f5e87bad3c948f4d605d) (ScriptedImporter) -> (artifact id: '7f38fb535ebc618a28d9f6ad0aa16d2c') in 0.008176167 seconds
Number of updated asset objects reloaded before import = 0Number of asset objects unloaded after import = 1

========================================================================
Received Import Request.
  Time since last request: 0.000074 seconds.
  path: Packages/com.unity.inputsystem/InputSystem/Editor/Controls/Processors
  artifactKey: Guid(5e167cf5b25c44f35919e4082e725d71) Importer(2089858483,b0f066a214c2f5e87bad3c948f4d605d)
Start importing Packages/com.unity.inputsystem/InputSystem/Editor/Controls/Processors using Guid(5e167cf5b25c44f35919e4082e725d71) Importer(2089858483,b0f066a214c2f5e87bad3c948f4d605d) (ScriptedImporter) -> (artifact id: '706ad3b17a593d42aa18f0956df5142a') in 0.002465792 seconds
Number of updated asset objects reloaded before import = 0Number of asset objects unloaded after import = 1

========================================================================
Received Import Request.
  Time since last request: 0.000062 seconds.
  path: Packages/com.unity.shadergraph/Editor/Data/Nodes/Utility/Logic
  artifactKey: Guid(1c5103f75b5ec7445bb4c7b5a36f6aec) Importer(2089858483,b0f066a214c2f5e87bad3c948f4d605d)
Start importing Packages/com.unity.shadergraph/Editor/Data/Nodes/Utility/Logic using Guid(1c5103f75b5ec7445bb4c7b5a36f6aec) Importer(2089858483,b0f066a214c2f5e87bad3c948f4d605d) (ScriptedImporter) -> (artifact id: '087fb0280562534a0bdb549e17dbc5c2') in 0.002319958 seconds
Number of updated asset objects reloaded before import = 0Number of asset objects unloaded after import = 1

========================================================================
Received Import Request.
  Time since last request: 0.000061 seconds.
  path: Packages/com.unity.2d.psdimporter/Editor/UTK
  artifactKey: Guid(45b71dc8c95b948dda09a52aac17a432) Importer(2089858483,b0f066a214c2f5e87bad3c948f4d605d)
Start importing Packages/com.unity.2d.psdimporter/Editor/UTK using Guid(45b71dc8c95b948dda09a52aac17a432) Importer(2089858483,b0f066a214c2f5e87bad3c948f4d605d) (ScriptedImporter) -> (artifact id: '24ff5ff0349114679e6873fd2c838acf') in 0.002196584 seconds
Number of updated asset objects reloaded before import = 0Number of asset objects unloaded after import = 1

========================================================================
Received Import Request.
  Time since last request: 0.000051 seconds.
  path: Packages/com.unity.shadergraph/Editor/Generation/Targets/BuiltIn/Editor/ShaderGraph/AssetCallbacks
  artifactKey: Guid(cebe13fbe292c6648ae282c4ce3908e8) Importer(2089858483,b0f066a214c2f5e87bad3c948f4d605d)
Start importing Packages/com.unity.shadergraph/Editor/Generation/Targets/BuiltIn/Editor/ShaderGraph/AssetCallbacks using Guid(cebe13fbe292c6648ae282c4ce3908e8) Importer(2089858483,b0f066a214c2f5e87bad3c948f4d605d) (ScriptedImporter) -> (artifact id: '6a25a51390ea0c7008138187d3c5b823') in 0.0020485 seconds
Number of updated asset objects reloaded before import = 0Number of asset objects unloaded after import = 1

========================================================================
Received Import Request.
  Time since last request: 0.000072 seconds.
  path: Packages/com.unity.render-pipelines.core/Tests/Editor/ShaderStripping
  artifactKey: Guid(a869f30d596b98e41b8553703937b6e5) Importer(2089858483,b0f066a214c2f5e87bad3c948f4d605d)
Start importing Packages/com.unity.render-pipelines.core/Tests/Editor/ShaderStripping using Guid(a869f30d596b98e41b8553703937b6e5) Importer(2089858483,b0f066a214c2f5e87bad3c948f4d605d) (ScriptedImporter) -> (artifact id: '17eaa6f38289199bbbe47450994459a6') in 0.002254667 seconds
Number of updated asset objects reloaded before import = 0Number of asset objects unloaded after import = 1

========================================================================
Received Import Request.
  Time since last request: 0.000076 seconds.
  path: Packages/com.unity.ugui/Tests/Runtime/UGUI/EventSystem
  artifactKey: Guid(ab93e1a81defc3243a6e9cd0df3cb443) Importer(2089858483,b0f066a214c2f5e87bad3c948f4d605d)
Start importing Packages/com.unity.ugui/Tests/Runtime/UGUI/EventSystem using Guid(ab93e1a81defc3243a6e9cd0df3cb443) Importer(2089858483,b0f066a214c2f5e87bad3c948f4d605d) (ScriptedImporter) -> (artifact id: '56d2a26403ef5e3287f6f8c9b21ccc0a') in 0.00216225 seconds
Number of updated asset objects reloaded before import = 0Number of asset objects unloaded after import = 1

========================================================================
Received Import Request.
  Time since last request: 0.000054 seconds.
  path: Packages/com.unity.visualscripting/Runtime/VisualScripting.Core/Dependencies/FullSerializer/Reflection
  artifactKey: Guid(9ddd8c837d1c542b5aaf490022c44132) Importer(2089858483,b0f066a214c2f5e87bad3c948f4d605d)
Start importing Packages/com.unity.visualscripting/Runtime/VisualScripting.Core/Dependencies/FullSerializer/Reflection using Guid(9ddd8c837d1c542b5aaf490022c44132) Importer(2089858483,b0f066a214c2f5e87bad3c948f4d605d) (ScriptedImporter) -> (artifact id: '6d8a8681b6e9e45c1cc8e1d8b45414bc') in 0.002026459 seconds
Number of updated asset objects reloaded before import = 0Number of asset objects unloaded after import = 1

========================================================================
Received Import Request.
  Time since last request: 0.000058 seconds.
  path: Packages/com.unity.render-pipelines.universal/Shaders/Utils
  artifactKey: Guid(593842fd4bfffcc41877fd07df639f3c) Importer(2089858483,b0f066a214c2f5e87bad3c948f4d605d)
Start importing Packages/com.unity.render-pipelines.universal/Shaders/Utils using Guid(593842fd4bfffcc41877fd07df639f3c) Importer(2089858483,b0f066a214c2f5e87bad3c948f4d605d) (ScriptedImporter) -> (artifact id: '38b8f2619b5e474590bde89715e219ad') in 0.002012917 seconds
Number of updated asset objects reloaded before import = 0Number of asset objects unloaded after import = 1

========================================================================
Received Import Request.
  Time since last request: 0.000055 seconds.
  path: Assets/Scripts
  artifactKey: Guid(ae87abfed08204b00ade691e140a2be0) Importer(2089858483,b0f066a214c2f5e87bad3c948f4d605d)
Start importing Assets/Scripts using Guid(ae87abfed08204b00ade691e140a2be0) Importer(2089858483,b0f066a214c2f5e87bad3c948f4d605d) (ScriptedImporter) -> (artifact id: 'c929cc48051a32b7d5696ba67a37e2fd') in 0.001866916 seconds
Number of updated asset objects reloaded before import = 0Number of asset objects unloaded after import = 1

========================================================================
Received Import Request.
  Time since last request: 0.000055 seconds.
  path: Packages/com.unity.inputsystem/InputSystem/Runtime/Plugins/OnScreen
  artifactKey: Guid(0e49b0a8b53e45445979b3fa9604a35c) Importer(2089858483,b0f066a214c2f5e87bad3c948f4d605d)
Start importing Packages/com.unity.inputsystem/InputSystem/Runtime/Plugins/OnScreen using Guid(0e49b0a8b53e45445979b3fa9604a35c) Importer(2089858483,b0f066a214c2f5e87bad3c948f4d605d) (ScriptedImporter) -> (artifact id: '1d79f85f61002eb1fe007f4739e196b3') in 0.00197025 seconds
Number of updated asset objects reloaded before import = 0Number of asset objects unloaded after import = 1

========================================================================
Received Import Request.
  Time since last request: 0.000046 seconds.
  path: Packages/com.unity.collab-proxy/Editor/Views/Filters
  artifactKey: Guid(d80c4e95670104343b609a632c5a4157) Importer(2089858483,b0f066a214c2f5e87bad3c948f4d605d)
Start importing Packages/com.unity.collab-proxy/Editor/Views/Filters using Guid(d80c4e95670104343b609a632c5a4157) Importer(2089858483,b0f066a214c2f5e87bad3c948f4d605d) (ScriptedImporter) -> (artifact id: 'f8de7b6efb677f27462807bedafe0beb') in 0.002370459 seconds
Number of updated asset objects reloaded before import = 0Number of asset objects unloaded after import = 1

========================================================================
Received Import Request.
  Time since last request: 0.000071 seconds.
  path: Packages/com.unity.shadergraph/Editor/Data/Nodes/UI
  artifactKey: Guid(4c661c25ff9f470d903fa0d14171193f) Importer(2089858483,b0f066a214c2f5e87bad3c948f4d605d)
Start importing Packages/com.unity.shadergraph/Editor/Data/Nodes/UI using Guid(4c661c25ff9f470d903fa0d14171193f) Importer(2089858483,b0f066a214c2f5e87bad3c948f4d605d) (ScriptedImporter) -> (artifact id: '6996e0a3660bd26be16b8b9887ce3fcd') in 0.002363917 seconds
Number of updated asset objects reloaded before import = 0Number of asset objects unloaded after import = 1

========================================================================
Received Import Request.
  Time since last request: 0.000053 seconds.
  path: Packages/com.unity.ugui/Editor Resources
  artifactKey: Guid(d1a0a27327b54c3bac52a08929c33f81) Importer(2089858483,b0f066a214c2f5e87bad3c948f4d605d)
Start importing Packages/com.unity.ugui/Editor Resources using Guid(d1a0a27327b54c3bac52a08929c33f81) Importer(2089858483,b0f066a214c2f5e87bad3c948f4d605d) (ScriptedImporter) -> (artifact id: '5b580da813efbc9535bcacaf42ec1b7f') in 0.002322 seconds
Number of updated asset objects reloaded before import = 0Number of asset objects unloaded after import = 1

========================================================================
Received Import Request.
  Time since last request: 0.000070 seconds.
  path: Packages/com.unity.ide.rider/Rider/Editor/Util
  artifactKey: Guid(5e726086cd652f82087d59d67d2c24cd) Importer(2089858483,b0f066a214c2f5e87bad3c948f4d605d)
Start importing Packages/com.unity.ide.rider/Rider/Editor/Util using Guid(5e726086cd652f82087d59d67d2c24cd) Importer(2089858483,b0f066a214c2f5e87bad3c948f4d605d) (ScriptedImporter) -> (artifact id: 'a9cf42a9914c702e4a41e034e9cef95a') in 0.001928375 seconds
Number of updated asset objects reloaded before import = 0Number of asset objects unloaded after import = 1

========================================================================
Received Import Request.
  Time since last request: 0.000055 seconds.
  path: Packages/com.unity.test-framework/Tests/TestNewCustomAssembly
  artifactKey: Guid(ca0e5e7973267894ca8e1dceb2210ee5) Importer(2089858483,b0f066a214c2f5e87bad3c948f4d605d)
Start importing Packages/com.unity.test-framework/Tests/TestNewCustomAssembly using Guid(ca0e5e7973267894ca8e1dceb2210ee5) Importer(2089858483,b0f066a214c2f5e87bad3c948f4d605d) (ScriptedImporter) -> (artifact id: 'f59b4a2d3eddf678024872b942659f5d') in 0.002225875 seconds
Number of updated asset objects reloaded before import = 0Number of asset objects unloaded after import = 1

========================================================================
Received Import Request.
  Time since last request: 0.000082 seconds.
  path: Packages/com.unity.shadergraph/Editor/Data/Nodes/Math/Matrix
  artifactKey: Guid(bfc8dbcaa9711c945b8fd983b819335d) Importer(2089858483,b0f066a214c2f5e87bad3c948f4d605d)
Start importing Packages/com.unity.shadergraph/Editor/Data/Nodes/Math/Matrix using Guid(bfc8dbcaa9711c945b8fd983b819335d) Importer(2089858483,b0f066a214c2f5e87bad3c948f4d605d) (ScriptedImporter) -> (artifact id: '776b94e0de900b5b39957f78df5fb5a3') in 0.00246875 seconds
Number of updated asset objects reloaded before import = 0Number of asset objects unloaded after import = 1

========================================================================
Received Import Request.
  Time since last request: 0.000082 seconds.
  path: Packages/com.unity.render-pipelines.universal/Editor/Converter/PPv2/EffectConverters
  artifactKey: Guid(036db18d0922d53419a5d769fe345bec) Importer(2089858483,b0f066a214c2f5e87bad3c948f4d605d)
Start importing Packages/com.unity.render-pipelines.universal/Editor/Converter/PPv2/EffectConverters using Guid(036db18d0922d53419a5d769fe345bec) Importer(2089858483,b0f066a214c2f5e87bad3c948f4d605d) (ScriptedImporter) -> (artifact id: '1eee2a0fc703a3eb873f36891f6fe257') in 0.001985416 seconds
Number of updated asset objects reloaded before import = 0Number of asset objects unloaded after import = 1

========================================================================
Received Import Request.
  Time since last request: 0.000079 seconds.
  path: Packages/com.unity.render-pipelines.core/Editor/Icons/RenderGraphViewer
  artifactKey: Guid(b233366b32d45e8489690036aca26e57) Importer(2089858483,b0f066a214c2f5e87bad3c948f4d605d)
Start importing Packages/com.unity.render-pipelines.core/Editor/Icons/RenderGraphViewer using Guid(b233366b32d45e8489690036aca26e57) Importer(2089858483,b0f066a214c2f5e87bad3c948f4d605d) (ScriptedImporter) -> (artifact id: '610dd837d5fc0f849fa9139747d9a74b') in 0.002514042 seconds
Number of updated asset objects reloaded before import = 0Number of asset objects unloaded after import = 1

========================================================================
Received Import Request.
  Time since last request: 0.000076 seconds.
  path: Packages/com.unity.2d.tilemap.extras/Editor/Menu
  artifactKey: Guid(123abb5d8f7434106bb182008cbd5f07) Importer(2089858483,b0f066a214c2f5e87bad3c948f4d605d)
Start importing Packages/com.unity.2d.tilemap.extras/Editor/Menu using Guid(123abb5d8f7434106bb182008cbd5f07) Importer(2089858483,b0f066a214c2f5e87bad3c948f4d605d) (ScriptedImporter) -> (artifact id: 'bd81125f258bfe026fdad90520ce4def') in 0.00240025 seconds
Number of updated asset objects reloaded before import = 0Number of asset objects unloaded after import = 1

========================================================================
Received Import Request.
  Time since last request: 0.000079 seconds.
  path: Packages/com.unity.2d.common/Editor/ImagePacker
  artifactKey: Guid(534fa0647f988416eafbba143e1ff174) Importer(2089858483,b0f066a214c2f5e87bad3c948f4d605d)
Start importing Packages/com.unity.2d.common/Editor/ImagePacker using Guid(534fa0647f988416eafbba143e1ff174) Importer(2089858483,b0f066a214c2f5e87bad3c948f4d605d) (ScriptedImporter) -> (artifact id: 'b85885790505d49b4ae86c51d27b04b4') in 0.010992917 seconds
Number of updated asset objects reloaded before import = 0Number of asset objects unloaded after import = 1

========================================================================
Received Import Request.
  Time since last request: 0.000059 seconds.
  path: Packages/com.unity.2d.animation/Runtime/BatchedDeformation
  artifactKey: Guid(453425700aaf74b7fb785bb1246a7c5d) Importer(2089858483,b0f066a214c2f5e87bad3c948f4d605d)
Start importing Packages/com.unity.2d.animation/Runtime/BatchedDeformation using Guid(453425700aaf74b7fb785bb1246a7c5d) Importer(2089858483,b0f066a214c2f5e87bad3c948f4d605d) (ScriptedImporter) -> (artifact id: 'db26ed01f320d2155054eeec898a08e0') in 0.002410125 seconds
Number of updated asset objects reloaded before import = 0Number of asset objects unloaded after import = 1

========================================================================
Received Import Request.
  Time since last request: 0.000070 seconds.
  path: Packages/com.unity.2d.common/Editor/TextureGenerator
  artifactKey: Guid(f190f89354fdfb5479d5f291d8cb8182) Importer(2089858483,b0f066a214c2f5e87bad3c948f4d605d)
Start importing Packages/com.unity.2d.common/Editor/TextureGenerator using Guid(f190f89354fdfb5479d5f291d8cb8182) Importer(2089858483,b0f066a214c2f5e87bad3c948f4d605d) (ScriptedImporter) -> (artifact id: '83c0b48c63b7c816713424a901068e42') in 0.002126875 seconds
Number of updated asset objects reloaded before import = 0Number of asset objects unloaded after import = 1

========================================================================
Received Import Request.
  Time since last request: 0.000045 seconds.
  path: Packages/com.unity.render-pipelines.core/Editor/Settings/PropertyDrawers
  artifactKey: Guid(cf844af7c1c69cd42b541bd236fe3e8c) Importer(2089858483,b0f066a214c2f5e87bad3c948f4d605d)
Start importing Packages/com.unity.render-pipelines.core/Editor/Settings/PropertyDrawers using Guid(cf844af7c1c69cd42b541bd236fe3e8c) Importer(2089858483,b0f066a214c2f5e87bad3c948f4d605d) (ScriptedImporter) -> (artifact id: '48500f523efdb4a223643e5ab8c2a07d') in 0.001907833 seconds
Number of updated asset objects reloaded before import = 0Number of asset objects unloaded after import = 1

========================================================================
Received Import Request.
  Time since last request: 0.000055 seconds.
  path: Packages/com.unity.render-pipelines.core/Editor/ShaderGenerator
  artifactKey: Guid(a7ecca2f74946b44494f07937e31b793) Importer(2089858483,b0f066a214c2f5e87bad3c948f4d605d)
Start importing Packages/com.unity.render-pipelines.core/Editor/ShaderGenerator using Guid(a7ecca2f74946b44494f07937e31b793) Importer(2089858483,b0f066a214c2f5e87bad3c948f4d605d) (ScriptedImporter) -> (artifact id: '6b2bfefb0c9fd2ff84f552e964f4d8d1') in 0.015685833 seconds
Number of updated asset objects reloaded before import = 0Number of asset objects unloaded after import = 1

========================================================================
Received Import Request.
  Time since last request: 0.000058 seconds.
  path: Packages/com.unity.render-pipelines.universal/Shaders/2D/Include
  artifactKey: Guid(b1e0c8a42c5ad194389231f7780e158d) Importer(2089858483,b0f066a214c2f5e87bad3c948f4d605d)
Start importing Packages/com.unity.render-pipelines.universal/Shaders/2D/Include using Guid(b1e0c8a42c5ad194389231f7780e158d) Importer(2089858483,b0f066a214c2f5e87bad3c948f4d605d) (ScriptedImporter) -> (artifact id: '6ddec22bcaf2bfdb3e16909d00d2d97f') in 0.002336667 seconds
Number of updated asset objects reloaded before import = 0Number of asset objects unloaded after import = 1

========================================================================
Received Import Request.
  Time since last request: 0.000060 seconds.
  path: Packages/com.unity.visualscripting/Runtime/VisualScripting.Core/Platforms
  artifactKey: Guid(07a287f6c1b2d4c618585f40abbf66d6) Importer(2089858483,b0f066a214c2f5e87bad3c948f4d605d)
Start importing Packages/com.unity.visualscripting/Runtime/VisualScripting.Core/Platforms using Guid(07a287f6c1b2d4c618585f40abbf66d6) Importer(2089858483,b0f066a214c2f5e87bad3c948f4d605d) (ScriptedImporter) -> (artifact id: 'f80b64d78a221c3ebe44c784587c3040') in 0.002327375 seconds
Number of updated asset objects reloaded before import = 0Number of asset objects unloaded after import = 1

========================================================================
Received Import Request.
  Time since last request: 0.000069 seconds.
  path: Packages/com.unity.shadergraph/Editor/Util
  artifactKey: Guid(e45006b8ac3b76f4aa0df05ea8514cbe) Importer(2089858483,b0f066a214c2f5e87bad3c948f4d605d)
Start importing Packages/com.unity.shadergraph/Editor/Util using Guid(e45006b8ac3b76f4aa0df05ea8514cbe) Importer(2089858483,b0f066a214c2f5e87bad3c948f4d605d) (ScriptedImporter) -> (artifact id: 'cc3460fffc05d603331bd816b18acc2f') in 0.002342709 seconds
Number of updated asset objects reloaded before import = 0Number of asset objects unloaded after import = 1

========================================================================
Received Import Request.
  Time since last request: 0.000058 seconds.
  path: Packages/com.unity.inputsystem/InputSystem/Runtime/Plugins/Switch
  artifactKey: Guid(a27b7d2db78661c429e29911c09f8f4c) Importer(2089858483,b0f066a214c2f5e87bad3c948f4d605d)
Start importing Packages/com.unity.inputsystem/InputSystem/Runtime/Plugins/Switch using Guid(a27b7d2db78661c429e29911c09f8f4c) Importer(2089858483,b0f066a214c2f5e87bad3c948f4d605d) (ScriptedImporter) -> (artifact id: 'ff90c7d1268b2e70a14ada6af63c176d') in 0.002463167 seconds
Number of updated asset objects reloaded before import = 0Number of asset objects unloaded after import = 1

========================================================================
Received Import Request.
  Time since last request: 0.000059 seconds.
  path: Packages/com.unity.render-pipelines.core/Editor/STP
  artifactKey: Guid(645a313df7299734ea75e87c37e6addb) Importer(2089858483,b0f066a214c2f5e87bad3c948f4d605d)
Start importing Packages/com.unity.render-pipelines.core/Editor/STP using Guid(645a313df7299734ea75e87c37e6addb) Importer(2089858483,b0f066a214c2f5e87bad3c948f4d605d) (ScriptedImporter) -> (artifact id: 'e75f292c4ce9c99efd2c1a53866d07b1') in 0.002434416 seconds
Number of updated asset objects reloaded before import = 0Number of asset objects unloaded after import = 1

========================================================================
Received Import Request.
  Time since last request: 0.000048 seconds.
  path: Packages/com.unity.visualscripting
  artifactKey: Guid(f577e6e8e371d49098ffa149f119d052) Importer(2089858483,b0f066a214c2f5e87bad3c948f4d605d)
Start importing Packages/com.unity.visualscripting using Guid(f577e6e8e371d49098ffa149f119d052) Importer(2089858483,b0f066a214c2f5e87bad3c948f4d605d) (ScriptedImporter) -> (artifact id: 'f92e5e19bc22f49c9e2dc55b5be3bed0') in 0.002103 seconds
Number of updated asset objects reloaded before import = 0Number of asset objects unloaded after import = 1

========================================================================
Received Import Request.
  Time since last request: 0.000061 seconds.
  path: Packages/com.unity.ugui/Tests/Editor/TMP
  artifactKey: Guid(3ddaad49a7bcb4087b403f2225d54840) Importer(2089858483,b0f066a214c2f5e87bad3c948f4d605d)
Start importing Packages/com.unity.ugui/Tests/Editor/TMP using Guid(3ddaad49a7bcb4087b403f2225d54840) Importer(2089858483,b0f066a214c2f5e87bad3c948f4d605d) (ScriptedImporter) -> (artifact id: '0837105c1500dba388ee1fa7a99c0e18') in 0.002432667 seconds
Number of updated asset objects reloaded before import = 0Number of asset objects unloaded after import = 1

========================================================================
Received Import Request.
  Time since last request: 0.000062 seconds.
  path: Packages/com.unity.render-pipelines.universal/Editor/ShaderGUI/ShadingModels
  artifactKey: Guid(a22c22fb536604167866c59ce9a780d2) Importer(2089858483,b0f066a214c2f5e87bad3c948f4d605d)
Start importing Packages/com.unity.render-pipelines.universal/Editor/ShaderGUI/ShadingModels using Guid(a22c22fb536604167866c59ce9a780d2) Importer(2089858483,b0f066a214c2f5e87bad3c948f4d605d) (ScriptedImporter) -> (artifact id: 'ef0f00fe060cad0c4188483a0fc394db') in 0.002386208 seconds
Number of updated asset objects reloaded before import = 0Number of asset objects unloaded after import = 1

========================================================================
Received Import Request.
  Time since last request: 0.000070 seconds.
  path: Packages/com.unity.inputsystem/InputSystem/Runtime/Plugins/Users
  artifactKey: Guid(b102955bf08484d24b9122abab95b9fc) Importer(2089858483,b0f066a214c2f5e87bad3c948f4d605d)
Start importing Packages/com.unity.inputsystem/InputSystem/Runtime/Plugins/Users using Guid(b102955bf08484d24b9122abab95b9fc) Importer(2089858483,b0f066a214c2f5e87bad3c948f4d605d) (ScriptedImporter) -> (artifact id: '8c493ca5d3ae106f6d262381dac022ab') in 0.002459583 seconds
Number of updated asset objects reloaded before import = 0Number of asset objects unloaded after import = 1

========================================================================
Received Import Request.
  Time since last request: 0.000060 seconds.
  path: Packages/com.unity.visualscripting/Editor/VisualScripting.Core/Inspection/Special
  artifactKey: Guid(3b3cfcfecab3b47f2b858c4bb5e3ae5e) Importer(2089858483,b0f066a214c2f5e87bad3c948f4d605d)
Start importing Packages/com.unity.visualscripting/Editor/VisualScripting.Core/Inspection/Special using Guid(3b3cfcfecab3b47f2b858c4bb5e3ae5e) Importer(2089858483,b0f066a214c2f5e87bad3c948f4d605d) (ScriptedImporter) -> (artifact id: '28f4420877257f6138680a6ac222ceeb') in 0.002294708 seconds
Number of updated asset objects reloaded before import = 0Number of asset objects unloaded after import = 1

========================================================================
Received Import Request.
  Time since last request: 0.000050 seconds.
  path: Packages/com.unity.inputsystem/InputSystem/Editor/Plugins/HID
  artifactKey: Guid(e38cdda355b6f4f8fb66876f964f570e) Importer(2089858483,b0f066a214c2f5e87bad3c948f4d605d)
Start importing Packages/com.unity.inputsystem/InputSystem/Editor/Plugins/HID using Guid(e38cdda355b6f4f8fb66876f964f570e) Importer(2089858483,b0f066a214c2f5e87bad3c948f4d605d) (ScriptedImporter) -> (artifact id: '284119b46046e2946e91ad2003545dc0') in 0.002273875 seconds
Number of updated asset objects reloaded before import = 0Number of asset objects unloaded after import = 1

========================================================================
Received Import Request.
  Time since last request: 0.000078 seconds.
  path: Packages/com.unity.visualscripting/Editor/VisualScripting.Core/EditorAssetResources
  artifactKey: Guid(ff458d04b62b04ae79fced2d6ad37f8c) Importer(2089858483,b0f066a214c2f5e87bad3c948f4d605d)
Start importing Packages/com.unity.visualscripting/Editor/VisualScripting.Core/EditorAssetResources using Guid(ff458d04b62b04ae79fced2d6ad37f8c) Importer(2089858483,b0f066a214c2f5e87bad3c948f4d605d) (ScriptedImporter) -> (artifact id: '647cf84c971783a690ad4cbc33725ff1') in 0.002329166 seconds
Number of updated asset objects reloaded before import = 0Number of asset objects unloaded after import = 1

========================================================================
Received Import Request.
  Time since last request: 0.000063 seconds.
  path: Packages/com.unity.inputsystem/InputSystem/Runtime/Plugins/XR/Devices
  artifactKey: Guid(7ada2e545c685b44a8367bdab267f0dc) Importer(2089858483,b0f066a214c2f5e87bad3c948f4d605d)
Start importing Packages/com.unity.inputsystem/InputSystem/Runtime/Plugins/XR/Devices using Guid(7ada2e545c685b44a8367bdab267f0dc) Importer(2089858483,b0f066a214c2f5e87bad3c948f4d605d) (ScriptedImporter) -> (artifact id: '26c9b975280400afe39061bd6e9f8858') in 0.002258208 seconds
Number of updated asset objects reloaded before import = 0Number of asset objects unloaded after import = 1

========================================================================
Received Import Request.
  Time since last request: 0.000406 seconds.
  path: Packages/com.unity.ugui/Tests/Runtime/UGUI/CanvasRenderer
  artifactKey: Guid(a69b08936f9f74179ae333a4bebe7c54) Importer(2089858483,b0f066a214c2f5e87bad3c948f4d605d)
Start importing Packages/com.unity.ugui/Tests/Runtime/UGUI/CanvasRenderer using Guid(a69b08936f9f74179ae333a4bebe7c54) Importer(2089858483,b0f066a214c2f5e87bad3c948f4d605d) (ScriptedImporter) -> (artifact id: '61ea675e4bc587747f51cc32f46502f9') in 0.002302916 seconds
Number of updated asset objects reloaded before import = 0Number of asset objects unloaded after import = 1

========================================================================
Received Import Request.
  Time since last request: 0.000044 seconds.
  path: Packages/com.unity.render-pipelines.universal/Editor/VFXGraph/Shaders/Templates/ParticlePlanarPrimitives
  artifactKey: Guid(93a7f042c0fafec41b13ea8cffc632c1) Importer(2089858483,b0f066a214c2f5e87bad3c948f4d605d)
Start importing Packages/com.unity.render-pipelines.universal/Editor/VFXGraph/Shaders/Templates/ParticlePlanarPrimitives using Guid(93a7f042c0fafec41b13ea8cffc632c1) Importer(2089858483,b0f066a214c2f5e87bad3c948f4d605d) (ScriptedImporter) -> (artifact id: '27296364d5b3be333b4317712cab5e8c') in 0.002228625 seconds
Number of updated asset objects reloaded before import = 0Number of asset objects unloaded after import = 1

========================================================================
Received Import Request.
  Time since last request: 0.000056 seconds.
  path: Packages/com.unity.collab-proxy/Editor/Views/PendingChanges/Dialogs
  artifactKey: Guid(6e70bba63d1604ffb90a65601cb8abae) Importer(2089858483,b0f066a214c2f5e87bad3c948f4d605d)
Start importing Packages/com.unity.collab-proxy/Editor/Views/PendingChanges/Dialogs using Guid(6e70bba63d1604ffb90a65601cb8abae) Importer(2089858483,b0f066a214c2f5e87bad3c948f4d605d) (ScriptedImporter) -> (artifact id: 'a8e57fcc592c72003e81bf2faa6aab37') in 0.00223925 seconds
Number of updated asset objects reloaded before import = 0Number of asset objects unloaded after import = 1

========================================================================
Received Import Request.
  Time since last request: 0.000057 seconds.
  path: Packages/com.unity.render-pipelines.universal/Editor/ShaderGUI
  artifactKey: Guid(e2eccaf646dce46a69c0224eb55c61a2) Importer(2089858483,b0f066a214c2f5e87bad3c948f4d605d)
Start importing Packages/com.unity.render-pipelines.universal/Editor/ShaderGUI using Guid(e2eccaf646dce46a69c0224eb55c61a2) Importer(2089858483,b0f066a214c2f5e87bad3c948f4d605d) (ScriptedImporter) -> (artifact id: 'b054a884359fdc1995b11ff22ddb47c6') in 0.002308333 seconds
Number of updated asset objects reloaded before import = 0Number of asset objects unloaded after import = 1

========================================================================
Received Import Request.
  Time since last request: 0.000063 seconds.
  path: Packages/com.unity.shadergraph/Editor/Generation/Attributes
  artifactKey: Guid(95d4f3eaeba344017b164174ed877b77) Importer(2089858483,b0f066a214c2f5e87bad3c948f4d605d)
Start importing Packages/com.unity.shadergraph/Editor/Generation/Attributes using Guid(95d4f3eaeba344017b164174ed877b77) Importer(2089858483,b0f066a214c2f5e87bad3c948f4d605d) (ScriptedImporter) -> (artifact id: '99f0d94e65937ecd165b2aee4625ae75') in 0.002206584 seconds
Number of updated asset objects reloaded before import = 0Number of asset objects unloaded after import = 1

========================================================================
Received Import Request.
  Time since last request: 0.000059 seconds.
  path: Packages/com.unity.visualscripting/Editor/VisualScripting.Core/Products
  artifactKey: Guid(377fce46fd3b94b41962db114d5b4629) Importer(2089858483,b0f066a214c2f5e87bad3c948f4d605d)
Start importing Packages/com.unity.visualscripting/Editor/VisualScripting.Core/Products using Guid(377fce46fd3b94b41962db114d5b4629) Importer(2089858483,b0f066a214c2f5e87bad3c948f4d605d) (ScriptedImporter) -> (artifact id: 'd3e4b2bd1e223debab777ccfae122d0d') in 0.003814625 seconds
Number of updated asset objects reloaded before import = 0Number of asset objects unloaded after import = 1

========================================================================
Received Import Request.
  Time since last request: 0.000039 seconds.
  path: Packages/com.unity.2d.psdimporter
  artifactKey: Guid(431d35dfe3d46c8016152f5c5f5141d7) Importer(2089858483,b0f066a214c2f5e87bad3c948f4d605d)
Start importing Packages/com.unity.2d.psdimporter using Guid(431d35dfe3d46c8016152f5c5f5141d7) Importer(2089858483,b0f066a214c2f5e87bad3c948f4d605d) (ScriptedImporter) -> (artifact id: '3bab6cd20d2ea4f4386fa5c52a7a9701') in 0.001986875 seconds
Number of updated asset objects reloaded before import = 0Number of asset objects unloaded after import = 1

========================================================================
Received Import Request.
  Time since last request: 0.000051 seconds.
  path: Packages/com.unity.2d.common/Path
  artifactKey: Guid(47dedd1dcc1944ea291f9762ac77d165) Importer(2089858483,b0f066a214c2f5e87bad3c948f4d605d)
Start importing Packages/com.unity.2d.common/Path using Guid(47dedd1dcc1944ea291f9762ac77d165) Importer(2089858483,b0f066a214c2f5e87bad3c948f4d605d) (ScriptedImporter) -> (artifact id: '08404ba81f1989c3232e66888adcb322') in 0.002124542 seconds
Number of updated asset objects reloaded before import = 0Number of asset objects unloaded after import = 1

========================================================================
Received Import Request.
  Time since last request: 0.000053 seconds.
  path: Packages/com.unity.visualscripting/Runtime/VisualScripting.Core/Decorators
  artifactKey: Guid(fc4d9a317f2ee464887412e4b1ff834a) Importer(2089858483,b0f066a214c2f5e87bad3c948f4d605d)
Start importing Packages/com.unity.visualscripting/Runtime/VisualScripting.Core/Decorators using Guid(fc4d9a317f2ee464887412e4b1ff834a) Importer(2089858483,b0f066a214c2f5e87bad3c948f4d605d) (ScriptedImporter) -> (artifact id: '9e057297eae957d141bc906a82d3c6a1') in 0.00229525 seconds
Number of updated asset objects reloaded before import = 0Number of asset objects unloaded after import = 1

========================================================================
Received Import Request.
  Time since last request: 0.000052 seconds.
  path: Packages/com.unity.render-pipelines.core/Runtime/RenderGraph/Compiler
  artifactKey: Guid(126062fea1dcb7f478883bc50375b95f) Importer(2089858483,b0f066a214c2f5e87bad3c948f4d605d)
Start importing Packages/com.unity.render-pipelines.core/Runtime/RenderGraph/Compiler using Guid(126062fea1dcb7f478883bc50375b95f) Importer(2089858483,b0f066a214c2f5e87bad3c948f4d605d) (ScriptedImporter) -> (artifact id: '8e8a8697aad583316b3b29bf8666c167') in 0.002220292 seconds
Number of updated asset objects reloaded before import = 0Number of asset objects unloaded after import = 1

========================================================================
Received Import Request.
  Time since last request: 0.000097 seconds.
  path: Packages/com.unity.2d.tooling/Editor/Insider
  artifactKey: Guid(7413bb4d865f64dbca35bbd66b74a578) Importer(2089858483,b0f066a214c2f5e87bad3c948f4d605d)
Start importing Packages/com.unity.2d.tooling/Editor/Insider using Guid(7413bb4d865f64dbca35bbd66b74a578) Importer(2089858483,b0f066a214c2f5e87bad3c948f4d605d) (ScriptedImporter) -> (artifact id: '45706de096b0bde29a464d74758621dc') in 0.002304125 seconds
Number of updated asset objects reloaded before import = 0Number of asset objects unloaded after import = 1

========================================================================
Received Import Request.
  Time since last request: 0.000063 seconds.
  path: Packages/com.unity.shadergraph/Editor/Data/Nodes/Math/Basic
  artifactKey: Guid(4120c70d7c1a34d92b74137bf0b1bc67) Importer(2089858483,b0f066a214c2f5e87bad3c948f4d605d)
Start importing Packages/com.unity.shadergraph/Editor/Data/Nodes/Math/Basic using Guid(4120c70d7c1a34d92b74137bf0b1bc67) Importer(2089858483,b0f066a214c2f5e87bad3c948f4d605d) (ScriptedImporter) -> (artifact id: '3c2961587c382c6c13e739819141251a') in 0.002333917 seconds
Number of updated asset objects reloaded before import = 0Number of asset objects unloaded after import = 1

========================================================================
Received Import Request.
  Time since last request: 0.000046 seconds.
  path: Packages/com.unity.timeline/Runtime/Audio
  artifactKey: Guid(d19b75372f4e44d4fa4b2cffbb54124b) Importer(2089858483,b0f066a214c2f5e87bad3c948f4d605d)
Start importing Packages/com.unity.timeline/Runtime/Audio using Guid(d19b75372f4e44d4fa4b2cffbb54124b) Importer(2089858483,b0f066a214c2f5e87bad3c948f4d605d) (ScriptedImporter) -> (artifact id: '2a1623f082a2f152ffe0069189dd72c1') in 0.002347125 seconds
Number of updated asset objects reloaded before import = 0Number of asset objects unloaded after import = 1

========================================================================
Received Import Request.
  Time since last request: 0.000077 seconds.
  path: Packages/com.unity.ugui/Tests/Editor/UGUI/Dropdown
  artifactKey: Guid(1f71aeacc4a9f1a40b22a1a590331f6b) Importer(2089858483,b0f066a214c2f5e87bad3c948f4d605d)
Start importing Packages/com.unity.ugui/Tests/Editor/UGUI/Dropdown using Guid(1f71aeacc4a9f1a40b22a1a590331f6b) Importer(2089858483,b0f066a214c2f5e87bad3c948f4d605d) (ScriptedImporter) -> (artifact id: 'db8b46ebb450c631640a6a4241186525') in 0.002198833 seconds
Number of updated asset objects reloaded before import = 0Number of asset objects unloaded after import = 1

========================================================================
Received Import Request.
  Time since last request: 0.000062 seconds.
  path: Packages/com.unity.render-pipelines.universal/Shaders/2D
  artifactKey: Guid(e674d0c2643d94245b5da6cc11dfe0ec) Importer(2089858483,b0f066a214c2f5e87bad3c948f4d605d)
Start importing Packages/com.unity.render-pipelines.universal/Shaders/2D using Guid(e674d0c2643d94245b5da6cc11dfe0ec) Importer(2089858483,b0f066a214c2f5e87bad3c948f4d605d) (ScriptedImporter) -> (artifact id: 'd3c4e48b24ea125136321c405e7eb6d4') in 0.002652083 seconds
Number of updated asset objects reloaded before import = 0Number of asset objects unloaded after import = 1

========================================================================
Received Import Request.
  Time since last request: 0.000070 seconds.
  path: Packages/com.unity.visualscripting/Editor/VisualScripting.Core/Windows/UpdateWizard
  artifactKey: Guid(9e6a387d0884c4a498f92e10b75a4868) Importer(2089858483,b0f066a214c2f5e87bad3c948f4d605d)
Start importing Packages/com.unity.visualscripting/Editor/VisualScripting.Core/Windows/UpdateWizard using Guid(9e6a387d0884c4a498f92e10b75a4868) Importer(2089858483,b0f066a214c2f5e87bad3c948f4d605d) (ScriptedImporter) -> (artifact id: 'd328ce365e5819510d266a8bbb6c935b') in 0.002411708 seconds
Number of updated asset objects reloaded before import = 0Number of asset objects unloaded after import = 1

========================================================================
Received Import Request.
  Time since last request: 0.000059 seconds.
  path: Packages/com.unity.render-pipelines.core/Editor/BuildProcessors/ShaderStrippers
  artifactKey: Guid(b0efad93b2507274daeaf8cc7306a312) Importer(2089858483,b0f066a214c2f5e87bad3c948f4d605d)
Start importing Packages/com.unity.render-pipelines.core/Editor/BuildProcessors/ShaderStrippers using Guid(b0efad93b2507274daeaf8cc7306a312) Importer(2089858483,b0f066a214c2f5e87bad3c948f4d605d) (ScriptedImporter) -> (artifact id: '17b309d46592ac142784b8b1a13bffc4') in 0.003214291 seconds
Number of updated asset objects reloaded before import = 0Number of asset objects unloaded after import = 1

========================================================================
Received Import Request.
  Time since last request: 0.000046 seconds.
  path: Packages/com.unity.2d.tilemap/Editor/ObjectCreationMenu
  artifactKey: Guid(b294a6b01c40240e1b1677cd56223441) Importer(2089858483,b0f066a214c2f5e87bad3c948f4d605d)
Start importing Packages/com.unity.2d.tilemap/Editor/ObjectCreationMenu using Guid(b294a6b01c40240e1b1677cd56223441) Importer(2089858483,b0f066a214c2f5e87bad3c948f4d605d) (ScriptedImporter) -> (artifact id: '83128078d8dcfef3413e850046d2555e') in 0.002468417 seconds
Number of updated asset objects reloaded before import = 0Number of asset objects unloaded after import = 1

========================================================================
Received Import Request.
  Time since last request: 0.000048 seconds.
  path: Packages/com.unity.collab-proxy/Editor/Diff/Image/Views/SideBySide
  artifactKey: Guid(ca0b25f6cad2c45419e69a71c9f47695) Importer(2089858483,b0f066a214c2f5e87bad3c948f4d605d)
Start importing Packages/com.unity.collab-proxy/Editor/Diff/Image/Views/SideBySide using Guid(ca0b25f6cad2c45419e69a71c9f47695) Importer(2089858483,b0f066a214c2f5e87bad3c948f4d605d) (ScriptedImporter) -> (artifact id: '121af26ed51652fdfb74e37822f7dea1') in 0.002419166 seconds
Number of updated asset objects reloaded before import = 0Number of asset objects unloaded after import = 1

========================================================================
Received Import Request.
  Time since last request: 0.000060 seconds.
  path: Packages/com.unity.test-framework/UnityEditor.TestRunner/TestSettings
  artifactKey: Guid(95b719082a664ea45bb56759eed1f271) Importer(2089858483,b0f066a214c2f5e87bad3c948f4d605d)
Start importing Packages/com.unity.test-framework/UnityEditor.TestRunner/TestSettings using Guid(95b719082a664ea45bb56759eed1f271) Importer(2089858483,b0f066a214c2f5e87bad3c948f4d605d) (ScriptedImporter) -> (artifact id: 'ae4f5cbe7cf665900dd2b4bbb23f537a') in 0.002081667 seconds
Number of updated asset objects reloaded before import = 0Number of asset objects unloaded after import = 1

========================================================================
Received Import Request.
  Time since last request: 0.000056 seconds.
  path: Packages/com.unity.render-pipelines.core/Runtime/CommandBuffers
  artifactKey: Guid(b28b41cdfaae53042830c0db923255d7) Importer(2089858483,b0f066a214c2f5e87bad3c948f4d605d)
Start importing Packages/com.unity.render-pipelines.core/Runtime/CommandBuffers using Guid(b28b41cdfaae53042830c0db923255d7) Importer(2089858483,b0f066a214c2f5e87bad3c948f4d605d) (ScriptedImporter) -> (artifact id: '3c023fafa0d90db984e218d464db7c61') in 0.002245292 seconds
Number of updated asset objects reloaded before import = 0Number of asset objects unloaded after import = 1

========================================================================
Received Import Request.
  Time since last request: 0.000040 seconds.
  path: Packages/com.unity.render-pipelines.universal/Textures/BlueNoise256
  artifactKey: Guid(0da884cc73355482f99f2f3bf86511e5) Importer(2089858483,b0f066a214c2f5e87bad3c948f4d605d)
Start importing Packages/com.unity.render-pipelines.universal/Textures/BlueNoise256 using Guid(0da884cc73355482f99f2f3bf86511e5) Importer(2089858483,b0f066a214c2f5e87bad3c948f4d605d) (ScriptedImporter) -> (artifact id: 'e44c7a3fa8def41321648c233cd0ec2b') in 0.002277834 seconds
Number of updated asset objects reloaded before import = 0Number of asset objects unloaded after import = 1

========================================================================
Received Import Request.
  Time since last request: 0.000046 seconds.
  path: Packages/com.unity.timeline/Runtime/AssetUpgrade
  artifactKey: Guid(0c04c8cb23b78e04492e0f310cdee93e) Importer(2089858483,b0f066a214c2f5e87bad3c948f4d605d)
Start importing Packages/com.unity.timeline/Runtime/AssetUpgrade using Guid(0c04c8cb23b78e04492e0f310cdee93e) Importer(2089858483,b0f066a214c2f5e87bad3c948f4d605d) (ScriptedImporter) -> (artifact id: '7b185212550d8d421c321c7e5b5e2e5e') in 0.002169375 seconds
Number of updated asset objects reloaded before import = 0Number of asset objects unloaded after import = 1

========================================================================
Received Import Request.
  Time since last request: 0.000054 seconds.
  path: Packages/com.unity.shadergraph/Editor/Data/Nodes/Input/Texture
  artifactKey: Guid(07cc6493671f2344089936cf4a0ab49b) Importer(2089858483,b0f066a214c2f5e87bad3c948f4d605d)
Start importing Packages/com.unity.shadergraph/Editor/Data/Nodes/Input/Texture using Guid(07cc6493671f2344089936cf4a0ab49b) Importer(2089858483,b0f066a214c2f5e87bad3c948f4d605d) (ScriptedImporter) -> (artifact id: '071f4b82d4c367b859ff6b3c64695c3c') in 0.00222375 seconds
Number of updated asset objects reloaded before import = 0Number of asset objects unloaded after import = 1

========================================================================
Received Import Request.
  Time since last request: 0.000062 seconds.
  path: Packages/com.unity.render-pipelines.universal/Runtime/VFXGraph/Utility/PropertyBinders
  artifactKey: Guid(fec7a2969fc9f3e428ddfeba3654b66a) Importer(2089858483,b0f066a214c2f5e87bad3c948f4d605d)
Start importing Packages/com.unity.render-pipelines.universal/Runtime/VFXGraph/Utility/PropertyBinders using Guid(fec7a2969fc9f3e428ddfeba3654b66a) Importer(2089858483,b0f066a214c2f5e87bad3c948f4d605d) (ScriptedImporter) -> (artifact id: 'e4fbe844edb3226a55ba51aa537dce99') in 0.002456875 seconds
Number of updated asset objects reloaded before import = 0Number of asset objects unloaded after import = 1

========================================================================
Received Import Request.
  Time since last request: 0.000103 seconds.
  path: Packages/com.unity.shadergraph/Editor/Data/Util
  artifactKey: Guid(32e29ba6d98ba0140a774b7804b02a28) Importer(2089858483,b0f066a214c2f5e87bad3c948f4d605d)
Start importing Packages/com.unity.shadergraph/Editor/Data/Util using Guid(32e29ba6d98ba0140a774b7804b02a28) Importer(2089858483,b0f066a214c2f5e87bad3c948f4d605d) (ScriptedImporter) -> (artifact id: '7cc06e23cd13b66346496421aa36e061') in 0.002399708 seconds
Number of updated asset objects reloaded before import = 0Number of asset objects unloaded after import = 1

========================================================================
Received Import Request.
  Time since last request: 0.000063 seconds.
  path: Packages/com.unity.visualscripting/Runtime/VisualScripting.Core/Cloning
  artifactKey: Guid(89f0fbd77bac24f9dad0f8c81e7822c5) Importer(2089858483,b0f066a214c2f5e87bad3c948f4d605d)
Start importing Packages/com.unity.visualscripting/Runtime/VisualScripting.Core/Cloning using Guid(89f0fbd77bac24f9dad0f8c81e7822c5) Importer(2089858483,b0f066a214c2f5e87bad3c948f4d605d) (ScriptedImporter) -> (artifact id: '43691912dde104f14138212ce38e6cb9') in 0.002352125 seconds
Number of updated asset objects reloaded before import = 0Number of asset objects unloaded after import = 1

========================================================================
Received Import Request.
  Time since last request: 0.000065 seconds.
  path: Packages/com.unity.collab-proxy/Editor/_Deprecated/Settings
  artifactKey: Guid(151f255eb9e656e478b6bd3dd0ef91b5) Importer(2089858483,b0f066a214c2f5e87bad3c948f4d605d)
Start importing Packages/com.unity.collab-proxy/Editor/_Deprecated/Settings using Guid(151f255eb9e656e478b6bd3dd0ef91b5) Importer(2089858483,b0f066a214c2f5e87bad3c948f4d605d) (ScriptedImporter) -> (artifact id: 'd5c6317e29a478db686e40d872f11a42') in 0.0021385 seconds
Number of updated asset objects reloaded before import = 0Number of asset objects unloaded after import = 1

========================================================================
Received Import Request.
  Time since last request: 0.000091 seconds.
  path: Packages/com.unity.2d.sprite/Editor/SpriteEditorModule/SpriteFrameModule/UndoObject
  artifactKey: Guid(bbde88425e2d4dbfbcdd8d11d5002c3a) Importer(2089858483,b0f066a214c2f5e87bad3c948f4d605d)
Start importing Packages/com.unity.2d.sprite/Editor/SpriteEditorModule/SpriteFrameModule/UndoObject using Guid(bbde88425e2d4dbfbcdd8d11d5002c3a) Importer(2089858483,b0f066a214c2f5e87bad3c948f4d605d) (ScriptedImporter) -> (artifact id: 'ed57224210de1f69bb5a0e60db754e16') in 0.002251834 seconds
Number of updated asset objects reloaded before import = 0Number of asset objects unloaded after import = 1

========================================================================
Received Import Request.
  Time since last request: 0.000043 seconds.
  path: Packages/com.unity.visualscripting/Editor/VisualScripting.Core/IconMap
  artifactKey: Guid(66eee8989938a409d8efe5da3ceffe37) Importer(2089858483,b0f066a214c2f5e87bad3c948f4d605d)
Start importing Packages/com.unity.visualscripting/Editor/VisualScripting.Core/IconMap using Guid(66eee8989938a409d8efe5da3ceffe37) Importer(2089858483,b0f066a214c2f5e87bad3c948f4d605d) (ScriptedImporter) -> (artifact id: 'd077cfe2584c4ff15a0d3930607d5456') in 0.006245458 seconds
Number of updated asset objects reloaded before import = 0Number of asset objects unloaded after import = 1

========================================================================
Received Import Request.
  Time since last request: 0.000058 seconds.
  path: Packages/com.unity.timeline/Runtime/Control
  artifactKey: Guid(ea998292f45ea494d9e100f5f6362f91) Importer(2089858483,b0f066a214c2f5e87bad3c948f4d605d)
Start importing Packages/com.unity.timeline/Runtime/Control using Guid(ea998292f45ea494d9e100f5f6362f91) Importer(2089858483,b0f066a214c2f5e87bad3c948f4d605d) (ScriptedImporter) -> (artifact id: 'd8923f24b13a9c04ee67e5fd17a0704d') in 0.002554375 seconds
Number of updated asset objects reloaded before import = 0Number of asset objects unloaded after import = 1

========================================================================
Received Import Request.
  Time since last request: 0.000070 seconds.
  path: Packages/com.unity.2d.common/Path/Editor/Selection
  artifactKey: Guid(ec3b1665f977e4f47816871bca3df963) Importer(2089858483,b0f066a214c2f5e87bad3c948f4d605d)
Start importing Packages/com.unity.2d.common/Path/Editor/Selection using Guid(ec3b1665f977e4f47816871bca3df963) Importer(2089858483,b0f066a214c2f5e87bad3c948f4d605d) (ScriptedImporter) -> (artifact id: 'a8524f4453e02577a26a866cbf46879b') in 0.002323584 seconds
Number of updated asset objects reloaded before import = 0Number of asset objects unloaded after import = 1

========================================================================
Received Import Request.
  Time since last request: 0.000055 seconds.
  path: Packages/com.unity.collab-proxy/Editor/UI/UnityInternals
  artifactKey: Guid(62ae484479ba41e3b49e0feca66e6166) Importer(2089858483,b0f066a214c2f5e87bad3c948f4d605d)
Start importing Packages/com.unity.collab-proxy/Editor/UI/UnityInternals using Guid(62ae484479ba41e3b49e0feca66e6166) Importer(2089858483,b0f066a214c2f5e87bad3c948f4d605d) (ScriptedImporter) -> (artifact id: '4c12183a06aa40f2db9870c20d8a3f54') in 0.002169542 seconds
Number of updated asset objects reloaded before import = 0Number of asset objects unloaded after import = 1

========================================================================
Received Import Request.
  Time since last request: 0.000047 seconds.
  path: Packages/com.unity.render-pipelines.core/Tests/Editor/ShaderStripping/Results
  artifactKey: Guid(f5a8b36b9689f8a428381e6fd79a2278) Importer(2089858483,b0f066a214c2f5e87bad3c948f4d605d)
Start importing Packages/com.unity.render-pipelines.core/Tests/Editor/ShaderStripping/Results using Guid(f5a8b36b9689f8a428381e6fd79a2278) Importer(2089858483,b0f066a214c2f5e87bad3c948f4d605d) (ScriptedImporter) -> (artifact id: 'c2be8598b4eed6b18ba9f9095cf6f088') in 0.0031715 seconds
Number of updated asset objects reloaded before import = 0Number of asset objects unloaded after import = 1

========================================================================
Received Import Request.
  Time since last request: 0.000051 seconds.
  path: Packages/com.unity.ugui/Editor/TMP/PropertyDrawers
  artifactKey: Guid(ea7c31b5b377c314db28ad3fabbbd38d) Importer(2089858483,b0f066a214c2f5e87bad3c948f4d605d)
Start importing Packages/com.unity.ugui/Editor/TMP/PropertyDrawers using Guid(ea7c31b5b377c314db28ad3fabbbd38d) Importer(2089858483,b0f066a214c2f5e87bad3c948f4d605d) (ScriptedImporter) -> (artifact id: '5f412be59c4841f62a46d8103b8b2d4a') in 0.002196084 seconds
Number of updated asset objects reloaded before import = 0Number of asset objects unloaded after import = 1

========================================================================
Received Import Request.
  Time since last request: 0.000050 seconds.
  path: Packages/com.unity.visualscripting/Editor/VisualScripting.Flow/Framework/Codebase
  artifactKey: Guid(8bacd8e244a98460fb44204788e98cf4) Importer(2089858483,b0f066a214c2f5e87bad3c948f4d605d)
Start importing Packages/com.unity.visualscripting/Editor/VisualScripting.Flow/Framework/Codebase using Guid(8bacd8e244a98460fb44204788e98cf4) Importer(2089858483,b0f066a214c2f5e87bad3c948f4d605d) (ScriptedImporter) -> (artifact id: 'a787430aa627810e1dd00954e4e364d7') in 0.002235334 seconds
Number of updated asset objects reloaded before import = 0Number of asset objects unloaded after import = 1

========================================================================
Received Import Request.
  Time since last request: 0.000060 seconds.
  path: Packages/com.unity.test-framework/UnityEditor.TestRunner/GUI/Controls
  artifactKey: Guid(e88eef57957d4440c8a7ff2ef9dd3d97) Importer(2089858483,b0f066a214c2f5e87bad3c948f4d605d)
Start importing Packages/com.unity.test-framework/UnityEditor.TestRunner/GUI/Controls using Guid(e88eef57957d4440c8a7ff2ef9dd3d97) Importer(2089858483,b0f066a214c2f5e87bad3c948f4d605d) (ScriptedImporter) -> (artifact id: '1c4cd02eb2e952c03fdb48d0eeec7466') in 0.002528584 seconds
Number of updated asset objects reloaded before import = 0Number of asset objects unloaded after import = 1

========================================================================
Received Import Request.
  Time since last request: 0.000065 seconds.
  path: Packages/com.unity.ugui/Runtime/InternalBridge
  artifactKey: Guid(bab3a29ab4f214742a44add41efffb7d) Importer(2089858483,b0f066a214c2f5e87bad3c948f4d605d)
Start importing Packages/com.unity.ugui/Runtime/InternalBridge using Guid(bab3a29ab4f214742a44add41efffb7d) Importer(2089858483,b0f066a214c2f5e87bad3c948f4d605d) (ScriptedImporter) -> (artifact id: '286d45eff44ebd5098cfbca1146a2eb0') in 0.002332708 seconds
Number of updated asset objects reloaded before import = 0Number of asset objects unloaded after import = 1

========================================================================
Received Import Request.
  Time since last request: 0.000082 seconds.
  path: Packages/com.unity.collab-proxy/Editor/Views/BranchExplorer/Options/DisplayOptions
  artifactKey: Guid(046453f671b3d46c9a39b23fc4d10a39) Importer(2089858483,b0f066a214c2f5e87bad3c948f4d605d)
Start importing Packages/com.unity.collab-proxy/Editor/Views/BranchExplorer/Options/DisplayOptions using Guid(046453f671b3d46c9a39b23fc4d10a39) Importer(2089858483,b0f066a214c2f5e87bad3c948f4d605d) (ScriptedImporter) -> (artifact id: 'bc26980f1c09432b52b04abaec3a93a7') in 0.002341792 seconds
Number of updated asset objects reloaded before import = 0Number of asset objects unloaded after import = 1

========================================================================
Received Import Request.
  Time since last request: 0.000039 seconds.
  path: Packages/com.unity.2d.common/Runtime/UTess2D
  artifactKey: Guid(dd9f4de9063c9624fb0d6d883512ed9d) Importer(2089858483,b0f066a214c2f5e87bad3c948f4d605d)
Start importing Packages/com.unity.2d.common/Runtime/UTess2D using Guid(dd9f4de9063c9624fb0d6d883512ed9d) Importer(2089858483,b0f066a214c2f5e87bad3c948f4d605d) (ScriptedImporter) -> (artifact id: '6449e2e483d20d47d1f6633fc7ad5142') in 0.002239917 seconds
Number of updated asset objects reloaded before import = 0Number of asset objects unloaded after import = 1

========================================================================
Received Import Request.
  Time since last request: 0.000183 seconds.
  path: Packages/com.unity.visualscripting/Editor/VisualScripting.Core/Interface/Fonts
  artifactKey: Guid(871bb0d44e1764faea61b54f9cf6db4f) Importer(2089858483,b0f066a214c2f5e87bad3c948f4d605d)
Start importing Packages/com.unity.visualscripting/Editor/VisualScripting.Core/Interface/Fonts using Guid(871bb0d44e1764faea61b54f9cf6db4f) Importer(2089858483,b0f066a214c2f5e87bad3c948f4d605d) (ScriptedImporter) -> (artifact id: 'e25a926f33c2e70e2ba9335100fb22d7') in 0.00237375 seconds
Number of updated asset objects reloaded before import = 0Number of asset objects unloaded after import = 1

========================================================================
Received Import Request.
  Time since last request: 0.000069 seconds.
  path: Packages/com.unity.test-framework/UnityEngine.TestRunner/NUnitExtensions/Runner
  artifactKey: Guid(37888acc09d9ee848bf9559f06645c45) Importer(2089858483,b0f066a214c2f5e87bad3c948f4d605d)
Start importing Packages/com.unity.test-framework/UnityEngine.TestRunner/NUnitExtensions/Runner using Guid(37888acc09d9ee848bf9559f06645c45) Importer(2089858483,b0f066a214c2f5e87bad3c948f4d605d) (ScriptedImporter) -> (artifact id: 'f012d1e3ffc8e25253399cbedefd6574') in 0.002622042 seconds
Number of updated asset objects reloaded before import = 0Number of asset objects unloaded after import = 1

========================================================================
Received Import Request.
  Time since last request: 0.000039 seconds.
  path: Packages/com.unity.collab-proxy/Editor
  artifactKey: Guid(3eedd97b804f5a546a8817f8be60e318) Importer(2089858483,b0f066a214c2f5e87bad3c948f4d605d)
Start importing Packages/com.unity.collab-proxy/Editor using Guid(3eedd97b804f5a546a8817f8be60e318) Importer(2089858483,b0f066a214c2f5e87bad3c948f4d605d) (ScriptedImporter) -> (artifact id: 'eba21ddc0e0d89cc1d4b71b81012ca03') in 0.002321417 seconds
Number of updated asset objects reloaded before import = 0Number of asset objects unloaded after import = 1

========================================================================
Received Import Request.
  Time since last request: 0.000067 seconds.
  path: Packages/com.unity.render-pipelines.core/Runtime/Debugging/Prefabs/Textures
  artifactKey: Guid(dbf7c066574f12a439bf604f2214a450) Importer(2089858483,b0f066a214c2f5e87bad3c948f4d605d)
Start importing Packages/com.unity.render-pipelines.core/Runtime/Debugging/Prefabs/Textures using Guid(dbf7c066574f12a439bf604f2214a450) Importer(2089858483,b0f066a214c2f5e87bad3c948f4d605d) (ScriptedImporter) -> (artifact id: 'aebe231f67bc29cbf5fd619973ad5259') in 0.001999709 seconds
Number of updated asset objects reloaded before import = 0Number of asset objects unloaded after import = 1

========================================================================
Received Import Request.
  Time since last request: 0.000067 seconds.
  path: Packages/com.unity.shadergraph/Editor/Data/Nodes/Input
  artifactKey: Guid(0ab9e53346965db4a8ee81a2b978dca5) Importer(2089858483,b0f066a214c2f5e87bad3c948f4d605d)
Start importing Packages/com.unity.shadergraph/Editor/Data/Nodes/Input using Guid(0ab9e53346965db4a8ee81a2b978dca5) Importer(2089858483,b0f066a214c2f5e87bad3c948f4d605d) (ScriptedImporter) -> (artifact id: '23ae06c775fb63fd7acd9519ba296489') in 0.002371667 seconds
Number of updated asset objects reloaded before import = 0Number of asset objects unloaded after import = 1

========================================================================
Received Import Request.
  Time since last request: 0.000064 seconds.
  path: Packages/com.unity.timeline/Runtime/Events/Signals
  artifactKey: Guid(5b00473355622524394628f7ec51808d) Importer(2089858483,b0f066a214c2f5e87bad3c948f4d605d)
Start importing Packages/com.unity.timeline/Runtime/Events/Signals using Guid(5b00473355622524394628f7ec51808d) Importer(2089858483,b0f066a214c2f5e87bad3c948f4d605d) (ScriptedImporter) -> (artifact id: '8089a1d0c70983923740f89d845e5305') in 0.002291708 seconds
Number of updated asset objects reloaded before import = 0Number of asset objects unloaded after import = 1

========================================================================
Received Import Request.
  Time since last request: 0.000079 seconds.
  path: Packages/com.unity.render-pipelines.core/Runtime/UnifiedRayTracing/Compute/RadeonRays
  artifactKey: Guid(bc373571d8c974b4c8b11bbc194651eb) Importer(2089858483,b0f066a214c2f5e87bad3c948f4d605d)
Start importing Packages/com.unity.render-pipelines.core/Runtime/UnifiedRayTracing/Compute/RadeonRays using Guid(bc373571d8c974b4c8b11bbc194651eb) Importer(2089858483,b0f066a214c2f5e87bad3c948f4d605d) (ScriptedImporter) -> (artifact id: 'd6caa2acd4c14d7772705481845d8b9b') in 0.002071209 seconds
Number of updated asset objects reloaded before import = 0Number of asset objects unloaded after import = 1

========================================================================
Received Import Request.
  Time since last request: 0.000049 seconds.
  path: Packages/com.unity.visualscripting/Runtime/VisualScripting.Flow/Framework/Time
  artifactKey: Guid(a44aaf75826454371ac01e694753b469) Importer(2089858483,b0f066a214c2f5e87bad3c948f4d605d)
Start importing Packages/com.unity.visualscripting/Runtime/VisualScripting.Flow/Framework/Time using Guid(a44aaf75826454371ac01e694753b469) Importer(2089858483,b0f066a214c2f5e87bad3c948f4d605d) (ScriptedImporter) -> (artifact id: '6ced9a772bb70ce7ba4ac5eb19a8d7a7') in 0.002228709 seconds
Number of updated asset objects reloaded before import = 0Number of asset objects unloaded after import = 1

========================================================================
Received Import Request.
  Time since last request: 0.000621 seconds.
  path: Packages/com.unity.render-pipelines.universal/Runtime/2D/Rendergraph
  artifactKey: Guid(1db62f4f87b95214e98261b68289adba) Importer(2089858483,b0f066a214c2f5e87bad3c948f4d605d)
Start importing Packages/com.unity.render-pipelines.universal/Runtime/2D/Rendergraph using Guid(1db62f4f87b95214e98261b68289adba) Importer(2089858483,b0f066a214c2f5e87bad3c948f4d605d) (ScriptedImporter) -> (artifact id: '3d1e1bee55d678019f15b9e92db9dad5') in 0.002941083 seconds
Number of updated asset objects reloaded before import = 0Number of asset objects unloaded after import = 1

========================================================================
Received Import Request.
  Time since last request: 0.000059 seconds.
  path: Packages/com.unity.render-pipelines.universal-config/Tests
  artifactKey: Guid(b16c0985df25c08458c254464b931122) Importer(2089858483,b0f066a214c2f5e87bad3c948f4d605d)
Start importing Packages/com.unity.render-pipelines.universal-config/Tests using Guid(b16c0985df25c08458c254464b931122) Importer(2089858483,b0f066a214c2f5e87bad3c948f4d605d) (ScriptedImporter) -> (artifact id: '4325ab21879a9ed61b7690d63decc3e5') in 0.002293083 seconds
Number of updated asset objects reloaded before import = 0Number of asset objects unloaded after import = 1

========================================================================
Received Import Request.
  Time since last request: 0.000060 seconds.
  path: Packages/com.unity.inputsystem/InputSystem/Editor/Plugins/InputForUI
  artifactKey: Guid(e37b431b8b93e4719910a045d05ba3cb) Importer(2089858483,b0f066a214c2f5e87bad3c948f4d605d)
Start importing Packages/com.unity.inputsystem/InputSystem/Editor/Plugins/InputForUI using Guid(e37b431b8b93e4719910a045d05ba3cb) Importer(2089858483,b0f066a214c2f5e87bad3c948f4d605d) (ScriptedImporter) -> (artifact id: '9f61677842fea2f5d89bdd3b4a5fbee2') in 0.003690625 seconds
Number of updated asset objects reloaded before import = 0Number of asset objects unloaded after import = 1

========================================================================
Received Import Request.
  Time since last request: 0.000051 seconds.
  path: Packages/com.unity.visualscripting/Editor/VisualScripting.Core/Plugin
  artifactKey: Guid(c05916309d7d3430b8c066a12ebfc698) Importer(2089858483,b0f066a214c2f5e87bad3c948f4d605d)
Start importing Packages/com.unity.visualscripting/Editor/VisualScripting.Core/Plugin using Guid(c05916309d7d3430b8c066a12ebfc698) Importer(2089858483,b0f066a214c2f5e87bad3c948f4d605d) (ScriptedImporter) -> (artifact id: '306a00c1ac3c14ef8c1c56e389554206') in 0.002339083 seconds
Number of updated asset objects reloaded before import = 0Number of asset objects unloaded after import = 1

========================================================================
Received Import Request.
  Time since last request: 0.000051 seconds.
  path: Packages/com.unity.shadergraph/Editor/Generation/TargetResources
  artifactKey: Guid(45e29c7fe2bbe4bd199f0029b890f5f5) Importer(2089858483,b0f066a214c2f5e87bad3c948f4d605d)
Start importing Packages/com.unity.shadergraph/Editor/Generation/TargetResources using Guid(45e29c7fe2bbe4bd199f0029b890f5f5) Importer(2089858483,b0f066a214c2f5e87bad3c948f4d605d) (ScriptedImporter) -> (artifact id: '2372706357d5ea3384aa8a73f0b3077b') in 0.00240625 seconds
Number of updated asset objects reloaded before import = 0Number of asset objects unloaded after import = 1

========================================================================
Received Import Request.
  Time since last request: 0.000070 seconds.
  path: Packages/com.unity.visualscripting/Editor/VisualScripting.Core/Inspection
  artifactKey: Guid(c524c6c21075047bfbe0b78aeb228cf7) Importer(2089858483,b0f066a214c2f5e87bad3c948f4d605d)
Start importing Packages/com.unity.visualscripting/Editor/VisualScripting.Core/Inspection using Guid(c524c6c21075047bfbe0b78aeb228cf7) Importer(2089858483,b0f066a214c2f5e87bad3c948f4d605d) (ScriptedImporter) -> (artifact id: '15a5ee5756add3a5f5ecd4b1da5a21b9') in 0.002282709 seconds
Number of updated asset objects reloaded before import = 0Number of asset objects unloaded after import = 1

========================================================================
Received Import Request.
  Time since last request: 0.000063 seconds.
  path: Packages/com.unity.collab-proxy/Lib/Editor/TextMateSharp/Onigwrap/libonigwrap
  artifactKey: Guid(ff34c512c6de840e7a2081a1d55a4a2a) Importer(2089858483,b0f066a214c2f5e87bad3c948f4d605d)
Start importing Packages/com.unity.collab-proxy/Lib/Editor/TextMateSharp/Onigwrap/libonigwrap using Guid(ff34c512c6de840e7a2081a1d55a4a2a) Importer(2089858483,b0f066a214c2f5e87bad3c948f4d605d) (ScriptedImporter) -> (artifact id: '226bb25ef2d507b873048c11594af59b') in 0.0022535 seconds
Number of updated asset objects reloaded before import = 0Number of asset objects unloaded after import = 1

========================================================================
Received Import Request.
  Time since last request: 0.000064 seconds.
  path: Packages/com.unity.shadergraph/Editor/Resources/Styles
  artifactKey: Guid(5f393962fcae179489132b01f969bb6e) Importer(2089858483,b0f066a214c2f5e87bad3c948f4d605d)
Start importing Packages/com.unity.shadergraph/Editor/Resources/Styles using Guid(5f393962fcae179489132b01f969bb6e) Importer(2089858483,b0f066a214c2f5e87bad3c948f4d605d) (ScriptedImporter) -> (artifact id: '68957d19441a60e6ffacb1eb64fcbf14') in 0.002295375 seconds
Number of updated asset objects reloaded before import = 0Number of asset objects unloaded after import = 1

========================================================================
Received Import Request.
  Time since last request: 0.000060 seconds.
  path: Packages/com.unity.timeline/Editor/Utilities/Scopes
  artifactKey: Guid(d55400f78d024c05b04dc124bb181d9e) Importer(2089858483,b0f066a214c2f5e87bad3c948f4d605d)
Start importing Packages/com.unity.timeline/Editor/Utilities/Scopes using Guid(d55400f78d024c05b04dc124bb181d9e) Importer(2089858483,b0f066a214c2f5e87bad3c948f4d605d) (ScriptedImporter) -> (artifact id: '4cf6b93f5cbd62e923f028b03e1452f4') in 0.006991583 seconds
Number of updated asset objects reloaded before import = 0Number of asset objects unloaded after import = 1

========================================================================
Received Import Request.
  Time since last request: 0.000058 seconds.
  path: Packages/com.unity.visualscripting/Runtime/VisualScripting.Flow/Framework/Collections/Lists
  artifactKey: Guid(595933039dbdb4e7ca040caec13d06de) Importer(2089858483,b0f066a214c2f5e87bad3c948f4d605d)
Start importing Packages/com.unity.visualscripting/Runtime/VisualScripting.Flow/Framework/Collections/Lists using Guid(595933039dbdb4e7ca040caec13d06de) Importer(2089858483,b0f066a214c2f5e87bad3c948f4d605d) (ScriptedImporter) -> (artifact id: '295bb5d99ff3bc9ff66456e246903058') in 0.002204917 seconds
Number of updated asset objects reloaded before import = 0Number of asset objects unloaded after import = 1

========================================================================
Received Import Request.
  Time since last request: 0.000289 seconds.
  path: Packages/com.unity.render-pipelines.core/Runtime/Lights
  artifactKey: Guid(7a8d83d0230a4974a88b7be5ab87c6c3) Importer(2089858483,b0f066a214c2f5e87bad3c948f4d605d)
Start importing Packages/com.unity.render-pipelines.core/Runtime/Lights using Guid(7a8d83d0230a4974a88b7be5ab87c6c3) Importer(2089858483,b0f066a214c2f5e87bad3c948f4d605d) (ScriptedImporter) -> (artifact id: '81a465f8f9abb72f996505dc80605b94') in 0.001992416 seconds
Number of updated asset objects reloaded before import = 0Number of asset objects unloaded after import = 1

========================================================================
Received Import Request.
  Time since last request: 0.000064 seconds.
  path: Packages/com.unity.render-pipelines.universal/Tests/Editor
  artifactKey: Guid(64cd425d88561ea488dfaf36cceaac01) Importer(2089858483,b0f066a214c2f5e87bad3c948f4d605d)
Start importing Packages/com.unity.render-pipelines.universal/Tests/Editor using Guid(64cd425d88561ea488dfaf36cceaac01) Importer(2089858483,b0f066a214c2f5e87bad3c948f4d605d) (ScriptedImporter) -> (artifact id: '8041b58ae415dcadadc5bbcfc0e44e35') in 0.002231542 seconds
Number of updated asset objects reloaded before import = 0Number of asset objects unloaded after import = 1

========================================================================
Received Import Request.
  Time since last request: 0.000054 seconds.
  path: Packages/com.unity.test-framework/UnityEditor.TestRunner/TestRunner/Messages
  artifactKey: Guid(d9682e749d3efc642af54d789d9090a6) Importer(2089858483,b0f066a214c2f5e87bad3c948f4d605d)
Start importing Packages/com.unity.test-framework/UnityEditor.TestRunner/TestRunner/Messages using Guid(d9682e749d3efc642af54d789d9090a6) Importer(2089858483,b0f066a214c2f5e87bad3c948f4d605d) (ScriptedImporter) -> (artifact id: '9eaef8a88eb8aa6b310bafca192248ab') in 0.00227275 seconds
Number of updated asset objects reloaded before import = 0Number of asset objects unloaded after import = 1

========================================================================
Received Import Request.
  Time since last request: 0.000066 seconds.
  path: Packages/com.unity.render-pipelines.core
  artifactKey: Guid(a56275a986cae448896ed2b70958250c) Importer(2089858483,b0f066a214c2f5e87bad3c948f4d605d)
Start importing Packages/com.unity.render-pipelines.core using Guid(a56275a986cae448896ed2b70958250c) Importer(2089858483,b0f066a214c2f5e87bad3c948f4d605d) (ScriptedImporter) -> (artifact id: '6872bef0bc34ae04c60df88a6396c581') in 0.002270417 seconds
Number of updated asset objects reloaded before import = 0Number of asset objects unloaded after import = 1

========================================================================
Received Import Request.
  Time since last request: 0.000058 seconds.
  path: Packages/com.unity.render-pipelines.core/Editor/CommandBuffers
  artifactKey: Guid(ef6e93ebaf391ed43a0bdcc1aa77ee74) Importer(2089858483,b0f066a214c2f5e87bad3c948f4d605d)
Start importing Packages/com.unity.render-pipelines.core/Editor/CommandBuffers using Guid(ef6e93ebaf391ed43a0bdcc1aa77ee74) Importer(2089858483,b0f066a214c2f5e87bad3c948f4d605d) (ScriptedImporter) -> (artifact id: '10550a0802f7613d32393662f61cdd6b') in 0.003951791 seconds
Number of updated asset objects reloaded before import = 0Number of asset objects unloaded after import = 1

========================================================================
Received Import Request.
  Time since last request: 0.000056 seconds.
  path: Packages/com.unity.2d.common/Path/Editor
  artifactKey: Guid(878113f6c323f4d828318254f7a80a33) Importer(2089858483,b0f066a214c2f5e87bad3c948f4d605d)
Start importing Packages/com.unity.2d.common/Path/Editor using Guid(878113f6c323f4d828318254f7a80a33) Importer(2089858483,b0f066a214c2f5e87bad3c948f4d605d) (ScriptedImporter) -> (artifact id: '33ba1e3361ef068f7ee55df500cea8ea') in 0.001987375 seconds
Number of updated asset objects reloaded before import = 0Number of asset objects unloaded after import = 1

========================================================================
Received Import Request.
  Time since last request: 0.000059 seconds.
  path: Packages/com.unity.shadergraph/Editor/Resources/UXML/Blackboard
  artifactKey: Guid(faa5d782c77ec7b41a65542649dbcc98) Importer(2089858483,b0f066a214c2f5e87bad3c948f4d605d)
Start importing Packages/com.unity.shadergraph/Editor/Resources/UXML/Blackboard using Guid(faa5d782c77ec7b41a65542649dbcc98) Importer(2089858483,b0f066a214c2f5e87bad3c948f4d605d) (ScriptedImporter) -> (artifact id: '59327372540f9b1c0c6f81286157417f') in 0.002349458 seconds
Number of updated asset objects reloaded before import = 0Number of asset objects unloaded after import = 1

========================================================================
Received Import Request.
  Time since last request: 0.000061 seconds.
  path: Packages/com.unity.render-pipelines.universal/Editor/ShaderGraph
  artifactKey: Guid(ae1e56b12b01f3b4d9c9bb9d7154d97f) Importer(2089858483,b0f066a214c2f5e87bad3c948f4d605d)
Start importing Packages/com.unity.render-pipelines.universal/Editor/ShaderGraph using Guid(ae1e56b12b01f3b4d9c9bb9d7154d97f) Importer(2089858483,b0f066a214c2f5e87bad3c948f4d605d) (ScriptedImporter) -> (artifact id: '8ae4e849d0de88d1d1ba0b2ff663c481') in 0.002095583 seconds
Number of updated asset objects reloaded before import = 0Number of asset objects unloaded after import = 1

========================================================================
Received Import Request.
  Time since last request: 0.000059 seconds.
  path: Packages/com.unity.inputsystem/InputSystem/Editor/PropertyDrawers
  artifactKey: Guid(726294051bc6c426e886d72ea4702f21) Importer(2089858483,b0f066a214c2f5e87bad3c948f4d605d)
Start importing Packages/com.unity.inputsystem/InputSystem/Editor/PropertyDrawers using Guid(726294051bc6c426e886d72ea4702f21) Importer(2089858483,b0f066a214c2f5e87bad3c948f4d605d) (ScriptedImporter) -> (artifact id: '935b25371b514185f43c03f09aca3823') in 0.0023975 seconds
Number of updated asset objects reloaded before import = 0Number of asset objects unloaded after import = 1

========================================================================
Received Import Request.
  Time since last request: 0.000041 seconds.
  path: Packages/com.unity.render-pipelines.core/Editor/Volume
  artifactKey: Guid(138c0b127ef07fd428612196694d782f) Importer(2089858483,b0f066a214c2f5e87bad3c948f4d605d)
Start importing Packages/com.unity.render-pipelines.core/Editor/Volume using Guid(138c0b127ef07fd428612196694d782f) Importer(2089858483,b0f066a214c2f5e87bad3c948f4d605d) (ScriptedImporter) -> (artifact id: '21704d4e0d29646ab9b082347ef10e34') in 0.002339208 seconds
Number of updated asset objects reloaded before import = 0Number of asset objects unloaded after import = 1

========================================================================
Received Import Request.
  Time since last request: 0.000061 seconds.
  path: Packages/com.unity.shadergraph/Editor/Generation/Targets
  artifactKey: Guid(219feb550e92ac54ebc24e3fd8d5240a) Importer(2089858483,b0f066a214c2f5e87bad3c948f4d605d)
Start importing Packages/com.unity.shadergraph/Editor/Generation/Targets using Guid(219feb550e92ac54ebc24e3fd8d5240a) Importer(2089858483,b0f066a214c2f5e87bad3c948f4d605d) (ScriptedImporter) -> (artifact id: 'b140317f2591584dedfbb6422eba345d') in 0.002835583 seconds
Number of updated asset objects reloaded before import = 0Number of asset objects unloaded after import = 1

========================================================================
Received Import Request.
  Time since last request: 0.000051 seconds.
  path: Packages/com.unity.shadergraph/Editor/Generation/Enumerations
  artifactKey: Guid(d0cb1fc17ee65684592babcd1dba61b9) Importer(2089858483,b0f066a214c2f5e87bad3c948f4d605d)
Start importing Packages/com.unity.shadergraph/Editor/Generation/Enumerations using Guid(d0cb1fc17ee65684592babcd1dba61b9) Importer(2089858483,b0f066a214c2f5e87bad3c948f4d605d) (ScriptedImporter) -> (artifact id: 'e0b8d7cdf8edd11a20bf8c1891a1e38e') in 0.00194375 seconds
Number of updated asset objects reloaded before import = 0Number of asset objects unloaded after import = 1

========================================================================
Received Import Request.
  Time since last request: 0.000051 seconds.
  path: Packages/com.unity.shadergraph/Editor/Interface
  artifactKey: Guid(f7cd1e478bcba4d0f9570597921367a0) Importer(2089858483,b0f066a214c2f5e87bad3c948f4d605d)
Start importing Packages/com.unity.shadergraph/Editor/Interface using Guid(f7cd1e478bcba4d0f9570597921367a0) Importer(2089858483,b0f066a214c2f5e87bad3c948f4d605d) (ScriptedImporter) -> (artifact id: 'bd8e58d6f73bb30114fd2584dfe45f3b') in 0.002166833 seconds
Number of updated asset objects reloaded before import = 0Number of asset objects unloaded after import = 1

========================================================================
Received Import Request.
  Time since last request: 0.000045 seconds.
  path: Packages/com.unity.collab-proxy/Editor/Developer/UpdateReport
  artifactKey: Guid(cca926c65e360cf4f8637f7c853a7513) Importer(2089858483,b0f066a214c2f5e87bad3c948f4d605d)
Start importing Packages/com.unity.collab-proxy/Editor/Developer/UpdateReport using Guid(cca926c65e360cf4f8637f7c853a7513) Importer(2089858483,b0f066a214c2f5e87bad3c948f4d605d) (ScriptedImporter) -> (artifact id: '9275106749f435c6e40c653db29f57c1') in 0.003913 seconds
Number of updated asset objects reloaded before import = 0Number of asset objects unloaded after import = 1

========================================================================
Received Import Request.
  Time since last request: 0.000048 seconds.
  path: Packages/com.unity.timeline/Editor/StyleSheets/Images/LightSkin
  artifactKey: Guid(8ad9b938ad733e94ca95fe5a5c19a5b8) Importer(2089858483,b0f066a214c2f5e87bad3c948f4d605d)
Start importing Packages/com.unity.timeline/Editor/StyleSheets/Images/LightSkin using Guid(8ad9b938ad733e94ca95fe5a5c19a5b8) Importer(2089858483,b0f066a214c2f5e87bad3c948f4d605d) (ScriptedImporter) -> (artifact id: '2b2a43ba89c243400ed1ba5f2a394fa8') in 0.002356875 seconds
Number of updated asset objects reloaded before import = 0Number of asset objects unloaded after import = 1

========================================================================
Received Import Request.
  Time since last request: 0.000080 seconds.
  path: Packages/com.unity.collab-proxy/Editor/Diff/Asset/Diff/UnityObject
  artifactKey: Guid(b76140aafe154f1aaa659bebc7f9316e) Importer(2089858483,b0f066a214c2f5e87bad3c948f4d605d)
Start importing Packages/com.unity.collab-proxy/Editor/Diff/Asset/Diff/UnityObject using Guid(b76140aafe154f1aaa659bebc7f9316e) Importer(2089858483,b0f066a214c2f5e87bad3c948f4d605d) (ScriptedImporter) -> (artifact id: 'a6bca714e0ca027618e4c6325152806f') in 0.001952875 seconds
Number of updated asset objects reloaded before import = 0Number of asset objects unloaded after import = 1

========================================================================
Received Import Request.
  Time since last request: 0.000044 seconds.
  path: Packages/com.unity.collections/Unity.Collections.Editor
  artifactKey: Guid(d1e9e4c1f536d9246ac795d9abc62342) Importer(2089858483,b0f066a214c2f5e87bad3c948f4d605d)
Start importing Packages/com.unity.collections/Unity.Collections.Editor using Guid(d1e9e4c1f536d9246ac795d9abc62342) Importer(2089858483,b0f066a214c2f5e87bad3c948f4d605d) (ScriptedImporter) -> (artifact id: 'e8f7c5a2257b5dedb5104d76d156cd09') in 0.00278125 seconds
Number of updated asset objects reloaded before import = 0Number of asset objects unloaded after import = 1

========================================================================
Received Import Request.
  Time since last request: 0.000062 seconds.
  path: Packages/com.unity.shadergraph/Editor/Extensions
  artifactKey: Guid(f57abe45f65794ead8ea70a427e17eb7) Importer(2089858483,b0f066a214c2f5e87bad3c948f4d605d)
Start importing Packages/com.unity.shadergraph/Editor/Extensions using Guid(f57abe45f65794ead8ea70a427e17eb7) Importer(2089858483,b0f066a214c2f5e87bad3c948f4d605d) (ScriptedImporter) -> (artifact id: '8e08da84bd2dc2167ab4fb19797ae1df') in 0.002545125 seconds
Number of updated asset objects reloaded before import = 0Number of asset objects unloaded after import = 1

========================================================================
Received Import Request.
  Time since last request: 0.000067 seconds.
  path: Packages/com.unity.collab-proxy/Editor/Views/BrowseRepository
  artifactKey: Guid(9a49298850a2a344ba3026aa6493b8f2) Importer(2089858483,b0f066a214c2f5e87bad3c948f4d605d)
Start importing Packages/com.unity.collab-proxy/Editor/Views/BrowseRepository using Guid(9a49298850a2a344ba3026aa6493b8f2) Importer(2089858483,b0f066a214c2f5e87bad3c948f4d605d) (ScriptedImporter) -> (artifact id: '0a4b77fa6e78742356b1ef15918248a5') in 0.002984166 seconds
Number of updated asset objects reloaded before import = 0Number of asset objects unloaded after import = 1

========================================================================
Received Import Request.
  Time since last request: 0.000059 seconds.
  path: Packages/com.unity.ugui/Tests/Runtime/UGUI/Button
  artifactKey: Guid(239dd6edc8e5cd14585c03e09e86a747) Importer(2089858483,b0f066a214c2f5e87bad3c948f4d605d)
Start importing Packages/com.unity.ugui/Tests/Runtime/UGUI/Button using Guid(239dd6edc8e5cd14585c03e09e86a747) Importer(2089858483,b0f066a214c2f5e87bad3c948f4d605d) (ScriptedImporter) -> (artifact id: 'c5f222e237b057bcd32c09ca879025f0') in 0.002202542 seconds
Number of updated asset objects reloaded before import = 0Number of asset objects unloaded after import = 1

========================================================================
Received Import Request.
  Time since last request: 0.000059 seconds.
  path: Packages/com.unity.visualscripting/Editor/VisualScripting.Core/Interface/Dropdowns
  artifactKey: Guid(fa5b88539fe81444bb2a9348cea36818) Importer(2089858483,b0f066a214c2f5e87bad3c948f4d605d)
Start importing Packages/com.unity.visualscripting/Editor/VisualScripting.Core/Interface/Dropdowns using Guid(fa5b88539fe81444bb2a9348cea36818) Importer(2089858483,b0f066a214c2f5e87bad3c948f4d605d) (ScriptedImporter) -> (artifact id: '8c1cc895c22f30ba605d36774fcf324c') in 0.002133125 seconds
Number of updated asset objects reloaded before import = 0Number of asset objects unloaded after import = 1

========================================================================
Received Import Request.
  Time since last request: 0.000055 seconds.
  path: Packages/com.unity.render-pipelines.universal/Runtime/RendererFeatures/SurfaceCacheGI
  artifactKey: Guid(e25bb11ca8db4cf4c8c43aa44f544dc1) Importer(2089858483,b0f066a214c2f5e87bad3c948f4d605d)
Start importing Packages/com.unity.render-pipelines.universal/Runtime/RendererFeatures/SurfaceCacheGI using Guid(e25bb11ca8db4cf4c8c43aa44f544dc1) Importer(2089858483,b0f066a214c2f5e87bad3c948f4d605d) (ScriptedImporter) -> (artifact id: '8bb1d14fd2528780f18191995a078bbc') in 0.002629083 seconds
Number of updated asset objects reloaded before import = 0Number of asset objects unloaded after import = 1

========================================================================
Received Import Request.
  Time since last request: 0.000063 seconds.
  path: Packages/com.unity.visualscripting/Editor/VisualScripting.Core/Interface/Fuzzy
  artifactKey: Guid(ca61879ea313e4198a5fb28bcce7bdb4) Importer(2089858483,b0f066a214c2f5e87bad3c948f4d605d)
Start importing Packages/com.unity.visualscripting/Editor/VisualScripting.Core/Interface/Fuzzy using Guid(ca61879ea313e4198a5fb28bcce7bdb4) Importer(2089858483,b0f066a214c2f5e87bad3c948f4d605d) (ScriptedImporter) -> (artifact id: '1ae60ebf6bb0dd058b7147aadd88792e') in 0.0023135 seconds
Number of updated asset objects reloaded before import = 0Number of asset objects unloaded after import = 1

========================================================================
Received Import Request.
  Time since last request: 0.000043 seconds.
  path: Packages/com.unity.2d.tilemap.extras/Runtime/Tiles/AnimatedTile
  artifactKey: Guid(daa079e375a6c2c49a30d83bd2d842c2) Importer(2089858483,b0f066a214c2f5e87bad3c948f4d605d)
Start importing Packages/com.unity.2d.tilemap.extras/Runtime/Tiles/AnimatedTile using Guid(daa079e375a6c2c49a30d83bd2d842c2) Importer(2089858483,b0f066a214c2f5e87bad3c948f4d605d) (ScriptedImporter) -> (artifact id: 'e6704b3ac727e6143dd3e44dd82ee3a6') in 0.002303042 seconds
Number of updated asset objects reloaded before import = 0Number of asset objects unloaded after import = 1

========================================================================
Received Import Request.
  Time since last request: 0.000048 seconds.
  path: Packages/com.unity.test-framework/UnityEngine.TestRunner/NUnitExtensions/Filters
  artifactKey: Guid(c3de99f9efc582a48995bc8e8c2df418) Importer(2089858483,b0f066a214c2f5e87bad3c948f4d605d)
Start importing Packages/com.unity.test-framework/UnityEngine.TestRunner/NUnitExtensions/Filters using Guid(c3de99f9efc582a48995bc8e8c2df418) Importer(2089858483,b0f066a214c2f5e87bad3c948f4d605d) (ScriptedImporter) -> (artifact id: 'ca28b0c553ca376433f7da8e02a629e7') in 0.00239175 seconds
Number of updated asset objects reloaded before import = 0Number of asset objects unloaded after import = 1

========================================================================
Received Import Request.
  Time since last request: 0.000057 seconds.
  path: Packages/com.unity.nuget.mono-cecil/Tests/Editor
  artifactKey: Guid(45ad7246e4741472187b3dbd3cfff518) Importer(2089858483,b0f066a214c2f5e87bad3c948f4d605d)
Start importing Packages/com.unity.nuget.mono-cecil/Tests/Editor using Guid(45ad7246e4741472187b3dbd3cfff518) Importer(2089858483,b0f066a214c2f5e87bad3c948f4d605d) (ScriptedImporter) -> (artifact id: '78a12ca333e640c285d4d8063ab42688') in 0.002219416 seconds
Number of updated asset objects reloaded before import = 0Number of asset objects unloaded after import = 1

========================================================================
Received Import Request.
  Time since last request: 0.000074 seconds.
  path: Packages/com.unity.visualscripting/Editor/VisualScripting.Flow/Description
  artifactKey: Guid(b5d939ea76bfb4e299827176cffe686c) Importer(2089858483,b0f066a214c2f5e87bad3c948f4d605d)
Start importing Packages/com.unity.visualscripting/Editor/VisualScripting.Flow/Description using Guid(b5d939ea76bfb4e299827176cffe686c) Importer(2089858483,b0f066a214c2f5e87bad3c948f4d605d) (ScriptedImporter) -> (artifact id: '1aaac9f15285b809df9061bb238262d8') in 0.002355542 seconds
Number of updated asset objects reloaded before import = 0Number of asset objects unloaded after import = 1

========================================================================
Received Import Request.
  Time since last request: 0.000066 seconds.
  path: Packages/com.unity.shadergraph/Tests/Editor/IntegrationTests
  artifactKey: Guid(e636bcaad60bb8e4da48c07cdcb938b5) Importer(2089858483,b0f066a214c2f5e87bad3c948f4d605d)
Start importing Packages/com.unity.shadergraph/Tests/Editor/IntegrationTests using Guid(e636bcaad60bb8e4da48c07cdcb938b5) Importer(2089858483,b0f066a214c2f5e87bad3c948f4d605d) (ScriptedImporter) -> (artifact id: 'df9f0d0fd68e167a5541d5758d3bca43') in 0.002307709 seconds
Number of updated asset objects reloaded before import = 0Number of asset objects unloaded after import = 1

========================================================================
Received Import Request.
  Time since last request: 0.000047 seconds.
  path: Packages/com.unity.2d.psdimporter/Editor
  artifactKey: Guid(23888dc58bcb0814389c9fd915521b77) Importer(2089858483,b0f066a214c2f5e87bad3c948f4d605d)
Start importing Packages/com.unity.2d.psdimporter/Editor using Guid(23888dc58bcb0814389c9fd915521b77) Importer(2089858483,b0f066a214c2f5e87bad3c948f4d605d) (ScriptedImporter) -> (artifact id: '85c68a40931616999461df8d753700d6') in 0.002506208 seconds
Number of updated asset objects reloaded before import = 0Number of asset objects unloaded after import = 1

========================================================================
Received Import Request.
  Time since last request: 0.000038 seconds.
  path: Packages/com.unity.test-framework/UnityEngine.TestRunner/NUnitExtensions
  artifactKey: Guid(3e8d6af343b383544ba5743d119f4062) Importer(2089858483,b0f066a214c2f5e87bad3c948f4d605d)
Start importing Packages/com.unity.test-framework/UnityEngine.TestRunner/NUnitExtensions using Guid(3e8d6af343b383544ba5743d119f4062) Importer(2089858483,b0f066a214c2f5e87bad3c948f4d605d) (ScriptedImporter) -> (artifact id: '35c06dd70a5af1a834c27030e3d4a9a7') in 0.002245708 seconds
Number of updated asset objects reloaded before import = 0Number of asset objects unloaded after import = 1

========================================================================
Received Import Request.
  Time since last request: 0.000110 seconds.
  path: Packages/com.unity.collab-proxy/Editor/Developer
  artifactKey: Guid(f6079802724cc154ea5667c3a1e31d43) Importer(2089858483,b0f066a214c2f5e87bad3c948f4d605d)
Start importing Packages/com.unity.collab-proxy/Editor/Developer using Guid(f6079802724cc154ea5667c3a1e31d43) Importer(2089858483,b0f066a214c2f5e87bad3c948f4d605d) (ScriptedImporter) -> (artifact id: '590e1581d81bff588608927e1e7a0124') in 0.002025292 seconds
Number of updated asset objects reloaded before import = 0Number of asset objects unloaded after import = 1

========================================================================
Received Import Request.
  Time since last request: 0.000053 seconds.
  path: Packages/com.unity.searcher/Editor/Resources
  artifactKey: Guid(efa7753b2a14da748b0e7802b6ac3c5f) Importer(2089858483,b0f066a214c2f5e87bad3c948f4d605d)
Start importing Packages/com.unity.searcher/Editor/Resources using Guid(efa7753b2a14da748b0e7802b6ac3c5f) Importer(2089858483,b0f066a214c2f5e87bad3c948f4d605d) (ScriptedImporter) -> (artifact id: 'b88d2af958cf74f827f5c55a06f80f45') in 0.002399291 seconds
Number of updated asset objects reloaded before import = 0Number of asset objects unloaded after import = 1

========================================================================
Received Import Request.
  Time since last request: 0.000038 seconds.
  path: Packages/com.unity.2d.tooling/Editor/Insider/SpriteAtlas/SpriteAtlasIssueReport/SpriteAtlasIssuesContainer
  artifactKey: Guid(35be39f5c9654938acc9e21286d3080a) Importer(2089858483,b0f066a214c2f5e87bad3c948f4d605d)
Start importing Packages/com.unity.2d.tooling/Editor/Insider/SpriteAtlas/SpriteAtlasIssueReport/SpriteAtlasIssuesContainer using Guid(35be39f5c9654938acc9e21286d3080a) Importer(2089858483,b0f066a214c2f5e87bad3c948f4d605d) (ScriptedImporter) -> (artifact id: '86860538c102c8998f8efb08132f16c7') in 0.002075625 seconds
Number of updated asset objects reloaded before import = 0Number of asset objects unloaded after import = 1

========================================================================
Received Import Request.
  Time since last request: 0.000057 seconds.
  path: Packages/com.unity.render-pipelines.core/Runtime/Settings
  artifactKey: Guid(00a116691603d1943905c38f0640a134) Importer(2089858483,b0f066a214c2f5e87bad3c948f4d605d)
Start importing Packages/com.unity.render-pipelines.core/Runtime/Settings using Guid(00a116691603d1943905c38f0640a134) Importer(2089858483,b0f066a214c2f5e87bad3c948f4d605d) (ScriptedImporter) -> (artifact id: 'c9aa81ddd32dbb5ded38c990625ecf6f') in 0.002261041 seconds
Number of updated asset objects reloaded before import = 0Number of asset objects unloaded after import = 1

========================================================================
Received Import Request.
  Time since last request: 0.000052 seconds.
  path: Packages/com.unity.render-pipelines.core/Editor/Gizmo
  artifactKey: Guid(bce47e7c42ffde449812bbbf027555d7) Importer(2089858483,b0f066a214c2f5e87bad3c948f4d605d)
Start importing Packages/com.unity.render-pipelines.core/Editor/Gizmo using Guid(bce47e7c42ffde449812bbbf027555d7) Importer(2089858483,b0f066a214c2f5e87bad3c948f4d605d) (ScriptedImporter) -> (artifact id: '42740241964870cef5c822e921ccc9d5') in 0.002301208 seconds
Number of updated asset objects reloaded before import = 0Number of asset objects unloaded after import = 1

========================================================================
Received Import Request.
  Time since last request: 0.000050 seconds.
  path: Packages/com.unity.ugui/Editor/UGUI/EventSystem
  artifactKey: Guid(f525580684527b147b70cf94aaa70dbc) Importer(2089858483,b0f066a214c2f5e87bad3c948f4d605d)
Start importing Packages/com.unity.ugui/Editor/UGUI/EventSystem using Guid(f525580684527b147b70cf94aaa70dbc) Importer(2089858483,b0f066a214c2f5e87bad3c948f4d605d) (ScriptedImporter) -> (artifact id: '8a91851f48f3acd69d418cd9a6880c29') in 0.002335833 seconds
Number of updated asset objects reloaded before import = 0Number of asset objects unloaded after import = 1

========================================================================
Received Import Request.
  Time since last request: 0.000060 seconds.
  path: Packages/com.unity.2d.animation/Editor/Assets/EditorIcons
  artifactKey: Guid(c8b0f0078e4484470b202573e8792195) Importer(2089858483,b0f066a214c2f5e87bad3c948f4d605d)
Start importing Packages/com.unity.2d.animation/Editor/Assets/EditorIcons using Guid(c8b0f0078e4484470b202573e8792195) Importer(2089858483,b0f066a214c2f5e87bad3c948f4d605d) (ScriptedImporter) -> (artifact id: '5e0509c2e5afe78111d7f7141250d761') in 0.00226 seconds
Number of updated asset objects reloaded before import = 0Number of asset objects unloaded after import = 1

========================================================================
Received Import Request.
  Time since last request: 0.000052 seconds.
  path: Packages/com.unity.render-pipelines.core/Runtime/UnifiedRayTracing/Common/GeometryPool
  artifactKey: Guid(c92be10cd223d054b8314f7445705554) Importer(2089858483,b0f066a214c2f5e87bad3c948f4d605d)
Start importing Packages/com.unity.render-pipelines.core/Runtime/UnifiedRayTracing/Common/GeometryPool using Guid(c92be10cd223d054b8314f7445705554) Importer(2089858483,b0f066a214c2f5e87bad3c948f4d605d) (ScriptedImporter) -> (artifact id: '6eee02fd39a18701eecbdba19bbeada8') in 0.002441292 seconds
Number of updated asset objects reloaded before import = 0Number of asset objects unloaded after import = 1

========================================================================
Received Import Request.
  Time since last request: 0.000054 seconds.
  path: Packages/com.unity.2d.tilemap.extras/Editor/Brushes/LineBrush
  artifactKey: Guid(aebb69cf5dff0af40889258ae645be7a) Importer(2089858483,b0f066a214c2f5e87bad3c948f4d605d)
Start importing Packages/com.unity.2d.tilemap.extras/Editor/Brushes/LineBrush using Guid(aebb69cf5dff0af40889258ae645be7a) Importer(2089858483,b0f066a214c2f5e87bad3c948f4d605d) (ScriptedImporter) -> (artifact id: 'fa4662cb9113171f6cd4f2476723b921') in 0.002388166 seconds
Number of updated asset objects reloaded before import = 0Number of asset objects unloaded after import = 1

========================================================================
Received Import Request.
  Time since last request: 0.000061 seconds.
  path: Packages/com.unity.render-pipelines.universal/Editor/Decal/Resources
  artifactKey: Guid(3522f385657caf14b8c18df878a3c65b) Importer(2089858483,b0f066a214c2f5e87bad3c948f4d605d)
Start importing Packages/com.unity.render-pipelines.universal/Editor/Decal/Resources using Guid(3522f385657caf14b8c18df878a3c65b) Importer(2089858483,b0f066a214c2f5e87bad3c948f4d605d) (ScriptedImporter) -> (artifact id: '2aea8a943cee7c9ebebd9efd67c6e9bc') in 0.002620333 seconds
Number of updated asset objects reloaded before import = 0Number of asset objects unloaded after import = 1

========================================================================
Received Import Request.
  Time since last request: 0.000039 seconds.
  path: Packages/com.unity.2d.psdimporter/Editor/Assets/UI
  artifactKey: Guid(fafb200169f5f4597bba4828a5ed8326) Importer(2089858483,b0f066a214c2f5e87bad3c948f4d605d)
Start importing Packages/com.unity.2d.psdimporter/Editor/Assets/UI using Guid(fafb200169f5f4597bba4828a5ed8326) Importer(2089858483,b0f066a214c2f5e87bad3c948f4d605d) (ScriptedImporter) -> (artifact id: 'af4520609839e72e31d7ad487d3ea838') in 0.012257333 seconds
Number of updated asset objects reloaded before import = 0Number of asset objects unloaded after import = 1

========================================================================
Received Import Request.
  Time since last request: 0.000071 seconds.
  path: Packages/com.unity.ugui/Editor/TMP/HDRP
  artifactKey: Guid(eecc124dc0b994047aac97ccf8c8ed0a) Importer(2089858483,b0f066a214c2f5e87bad3c948f4d605d)
Start importing Packages/com.unity.ugui/Editor/TMP/HDRP using Guid(eecc124dc0b994047aac97ccf8c8ed0a) Importer(2089858483,b0f066a214c2f5e87bad3c948f4d605d) (ScriptedImporter) -> (artifact id: '992f2a2818e60e532289bfa24e3cb238') in 0.005623583 seconds
Number of updated asset objects reloaded before import = 0Number of asset objects unloaded after import = 1

========================================================================
Received Import Request.
  Time since last request: 0.000042 seconds.
  path: Packages/com.unity.render-pipelines.universal/Editor/2D/ShaderGraph/Includes
  artifactKey: Guid(b0e1457667cf4865bf50a0f8567c4d29) Importer(2089858483,b0f066a214c2f5e87bad3c948f4d605d)
Start importing Packages/com.unity.render-pipelines.universal/Editor/2D/ShaderGraph/Includes using Guid(b0e1457667cf4865bf50a0f8567c4d29) Importer(2089858483,b0f066a214c2f5e87bad3c948f4d605d) (ScriptedImporter) -> (artifact id: 'dcdfce4b0dbfa4568ef2e6999296731d') in 0.002351709 seconds
Number of updated asset objects reloaded before import = 0Number of asset objects unloaded after import = 1

========================================================================
Received Import Request.
  Time since last request: 0.000046 seconds.
  path: Packages/com.unity.inputsystem/InputSystem/Runtime/Actions
  artifactKey: Guid(2069418e852748dbaa154cf71b8f033a) Importer(2089858483,b0f066a214c2f5e87bad3c948f4d605d)
Start importing Packages/com.unity.inputsystem/InputSystem/Runtime/Actions using Guid(2069418e852748dbaa154cf71b8f033a) Importer(2089858483,b0f066a214c2f5e87bad3c948f4d605d) (ScriptedImporter) -> (artifact id: 'daac246c5d285d749dbdfeb4a72a0589') in 0.007453583 seconds
Number of updated asset objects reloaded before import = 0Number of asset objects unloaded after import = 1

========================================================================
Received Import Request.
  Time since last request: 0.000075 seconds.
  path: Packages/com.unity.test-framework/UnityEditor.TestRunner/TestRun/Tasks
  artifactKey: Guid(6dba53789da15814387fa5b1445e81e0) Importer(2089858483,b0f066a214c2f5e87bad3c948f4d605d)
Start importing Packages/com.unity.test-framework/UnityEditor.TestRunner/TestRun/Tasks using Guid(6dba53789da15814387fa5b1445e81e0) Importer(2089858483,b0f066a214c2f5e87bad3c948f4d605d) (ScriptedImporter) -> (artifact id: '50703f20ca5b3422325d074cf5cadc04') in 0.002141709 seconds
Number of updated asset objects reloaded before import = 0Number of asset objects unloaded after import = 1

========================================================================
Received Import Request.
  Time since last request: 0.000074 seconds.
  path: Packages/com.unity.render-pipelines.universal/Runtime/2D/Passes
  artifactKey: Guid(f74b40ff9aaa99a49a36a3c646ca5917) Importer(2089858483,b0f066a214c2f5e87bad3c948f4d605d)
Start importing Packages/com.unity.render-pipelines.universal/Runtime/2D/Passes using Guid(f74b40ff9aaa99a49a36a3c646ca5917) Importer(2089858483,b0f066a214c2f5e87bad3c948f4d605d) (ScriptedImporter) -> (artifact id: '30c3ca6979f86d0a4e000906032e423d') in 0.002513458 seconds
Number of updated asset objects reloaded before import = 0Number of asset objects unloaded after import = 1

========================================================================
Received Import Request.
  Time since last request: 0.000050 seconds.
  path: Packages/com.unity.collab-proxy/Editor/Views/Labels
  artifactKey: Guid(2589284022789b14ab0b63391791ca04) Importer(2089858483,b0f066a214c2f5e87bad3c948f4d605d)
Start importing Packages/com.unity.collab-proxy/Editor/Views/Labels using Guid(2589284022789b14ab0b63391791ca04) Importer(2089858483,b0f066a214c2f5e87bad3c948f4d605d) (ScriptedImporter) -> (artifact id: '55f52263d94505fc5d0376ad0fef57b0') in 0.002162834 seconds
Number of updated asset objects reloaded before import = 0Number of asset objects unloaded after import = 1

========================================================================
Received Import Request.
  Time since last request: 0.000059 seconds.
  path: Packages/com.unity.render-pipelines.universal/Shaders/Terrain
  artifactKey: Guid(cf2defa266cfe43e59a7230ff55c6107) Importer(2089858483,b0f066a214c2f5e87bad3c948f4d605d)
Start importing Packages/com.unity.render-pipelines.universal/Shaders/Terrain using Guid(cf2defa266cfe43e59a7230ff55c6107) Importer(2089858483,b0f066a214c2f5e87bad3c948f4d605d) (ScriptedImporter) -> (artifact id: 'b4b50f3a030665be971f8dd93eb16037') in 0.002398625 seconds
Number of updated asset objects reloaded before import = 0Number of asset objects unloaded after import = 1

========================================================================
Received Import Request.
  Time since last request: 0.000054 seconds.
  path: Packages/com.unity.render-pipelines.core/Tests/Runtime/Threading
  artifactKey: Guid(cdb007ea9cfd17c49ae406263e8c346d) Importer(2089858483,b0f066a214c2f5e87bad3c948f4d605d)
Start importing Packages/com.unity.render-pipelines.core/Tests/Runtime/Threading using Guid(cdb007ea9cfd17c49ae406263e8c346d) Importer(2089858483,b0f066a214c2f5e87bad3c948f4d605d) (ScriptedImporter) -> (artifact id: 'b1b4e89411e5b9d1e96d4e4b4f2776a9') in 0.002228166 seconds
Number of updated asset objects reloaded before import = 0Number of asset objects unloaded after import = 1

========================================================================
Received Import Request.
  Time since last request: 0.000049 seconds.
  path: Packages/com.unity.timeline/Editor/Manipulators/Move
  artifactKey: Guid(bd3ffb9a97575a44a82f9ca086813154) Importer(2089858483,b0f066a214c2f5e87bad3c948f4d605d)
Start importing Packages/com.unity.timeline/Editor/Manipulators/Move using Guid(bd3ffb9a97575a44a82f9ca086813154) Importer(2089858483,b0f066a214c2f5e87bad3c948f4d605d) (ScriptedImporter) -> (artifact id: '4fb6679ad2dee4e81302e704da2e1c42') in 0.002250917 seconds
Number of updated asset objects reloaded before import = 0Number of asset objects unloaded after import = 1

========================================================================
Received Import Request.
  Time since last request: 0.000621 seconds.
  path: Packages/com.unity.collab-proxy/Editor/Diff/Asset/Content
  artifactKey: Guid(324df26159c3d422783de457f2915b96) Importer(2089858483,b0f066a214c2f5e87bad3c948f4d605d)
Start importing Packages/com.unity.collab-proxy/Editor/Diff/Asset/Content using Guid(324df26159c3d422783de457f2915b96) Importer(2089858483,b0f066a214c2f5e87bad3c948f4d605d) (ScriptedImporter) -> (artifact id: '226009db8cb0c2567e8869d28269c9ae') in 0.002262833 seconds
Number of updated asset objects reloaded before import = 0Number of asset objects unloaded after import = 1

========================================================================
Received Import Request.
  Time since last request: 0.000177 seconds.
  path: Packages/com.unity.2d.common/Path/Editor/Shapes
  artifactKey: Guid(74ab527625c374ee2bd1e687a90f25d6) Importer(2089858483,b0f066a214c2f5e87bad3c948f4d605d)
Start importing Packages/com.unity.2d.common/Path/Editor/Shapes using Guid(74ab527625c374ee2bd1e687a90f25d6) Importer(2089858483,b0f066a214c2f5e87bad3c948f4d605d) (ScriptedImporter) -> (artifact id: '7f7d9f0e0177032cf5f4b9d9ff31b7aa') in 0.002806958 seconds
Number of updated asset objects reloaded before import = 0Number of asset objects unloaded after import = 1

========================================================================
Received Import Request.
  Time since last request: 0.000055 seconds.
  path: Packages/com.unity.render-pipelines.universal/Editor/VFXGraph/Shaders/Templates/ParticlePoints
  artifactKey: Guid(4880ad95c4d23714986fc0ae33cc43f1) Importer(2089858483,b0f066a214c2f5e87bad3c948f4d605d)
Start importing Packages/com.unity.render-pipelines.universal/Editor/VFXGraph/Shaders/Templates/ParticlePoints using Guid(4880ad95c4d23714986fc0ae33cc43f1) Importer(2089858483,b0f066a214c2f5e87bad3c948f4d605d) (ScriptedImporter) -> (artifact id: '6b5acd224edec9a6dfa6d422fd444ba9') in 0.002388667 seconds
Number of updated asset objects reloaded before import = 0Number of asset objects unloaded after import = 1

========================================================================
Received Import Request.
  Time since last request: 0.000073 seconds.
  path: Packages/com.unity.render-pipelines.universal/Editor/2D/Shadows
  artifactKey: Guid(15c1d77e1b7aec14b8f1eb5a24156d60) Importer(2089858483,b0f066a214c2f5e87bad3c948f4d605d)
Start importing Packages/com.unity.render-pipelines.universal/Editor/2D/Shadows using Guid(15c1d77e1b7aec14b8f1eb5a24156d60) Importer(2089858483,b0f066a214c2f5e87bad3c948f4d605d) (ScriptedImporter) -> (artifact id: 'e8c55bc761f0bdf83d567b36ce3944f3') in 0.002293875 seconds
Number of updated asset objects reloaded before import = 0Number of asset objects unloaded after import = 1

========================================================================
Received Import Request.
  Time since last request: 0.000049 seconds.
  path: Packages/com.unity.shadergraph/Editor/Data/Enumerations
  artifactKey: Guid(55b9824914ca013428dfb7a5c38fc2de) Importer(2089858483,b0f066a214c2f5e87bad3c948f4d605d)
Start importing Packages/com.unity.shadergraph/Editor/Data/Enumerations using Guid(55b9824914ca013428dfb7a5c38fc2de) Importer(2089858483,b0f066a214c2f5e87bad3c948f4d605d) (ScriptedImporter) -> (artifact id: '8745029e91bcd3cc9c497e798ee90659') in 0.002194416 seconds
Number of updated asset objects reloaded before import = 0Number of asset objects unloaded after import = 1

========================================================================
Received Import Request.
  Time since last request: 0.000064 seconds.
  path: Packages/com.unity.shadergraph/Editor/Generation/Targets/BuiltIn/Editor
  artifactKey: Guid(5f2f816913824e14396c945dc22a5ad1) Importer(2089858483,b0f066a214c2f5e87bad3c948f4d605d)
Start importing Packages/com.unity.shadergraph/Editor/Generation/Targets/BuiltIn/Editor using Guid(5f2f816913824e14396c945dc22a5ad1) Importer(2089858483,b0f066a214c2f5e87bad3c948f4d605d) (ScriptedImporter) -> (artifact id: '9aef497021a72ac044ad179b56439d3d') in 0.0023355 seconds
Number of updated asset objects reloaded before import = 0Number of asset objects unloaded after import = 1

========================================================================
Received Import Request.
  Time since last request: 0.000049 seconds.
  path: Packages/com.unity.render-pipelines.core/Editor
  artifactKey: Guid(74ae8146f4a01491ba1306f3db78139d) Importer(2089858483,b0f066a214c2f5e87bad3c948f4d605d)
Start importing Packages/com.unity.render-pipelines.core/Editor using Guid(74ae8146f4a01491ba1306f3db78139d) Importer(2089858483,b0f066a214c2f5e87bad3c948f4d605d) (ScriptedImporter) -> (artifact id: '3308d3a0a8409e1bfdc36289f0fd7e81') in 0.00201525 seconds
Number of updated asset objects reloaded before import = 0Number of asset objects unloaded after import = 1

========================================================================
Received Import Request.
  Time since last request: 0.000061 seconds.
  path: Packages/com.unity.visualscripting/Runtime/VisualScripting.Core/Dependencies/FullSerializer/Converters/Unity
  artifactKey: Guid(50b35552dbca348bc84a9fcbd885547c) Importer(2089858483,b0f066a214c2f5e87bad3c948f4d605d)
Start importing Packages/com.unity.visualscripting/Runtime/VisualScripting.Core/Dependencies/FullSerializer/Converters/Unity using Guid(50b35552dbca348bc84a9fcbd885547c) Importer(2089858483,b0f066a214c2f5e87bad3c948f4d605d) (ScriptedImporter) -> (artifact id: '7e8c4a7b19d2d0b1226cc1ec1853e540') in 0.002176458 seconds
Number of updated asset objects reloaded before import = 0Number of asset objects unloaded after import = 1

========================================================================
Received Import Request.
  Time since last request: 0.000061 seconds.
  path: Packages/com.unity.collab-proxy/Editor/Diff/Asset/Diff/Search
  artifactKey: Guid(4ab5cfecaea4f4c34a32783932e0b88e) Importer(2089858483,b0f066a214c2f5e87bad3c948f4d605d)
Start importing Packages/com.unity.collab-proxy/Editor/Diff/Asset/Diff/Search using Guid(4ab5cfecaea4f4c34a32783932e0b88e) Importer(2089858483,b0f066a214c2f5e87bad3c948f4d605d) (ScriptedImporter) -> (artifact id: '1e71d3acabb507e2f803b19bc5f2fa6b') in 0.002351417 seconds
Number of updated asset objects reloaded before import = 0Number of asset objects unloaded after import = 1

========================================================================
Received Import Request.
  Time since last request: 0.000069 seconds.
  path: Packages/com.unity.shadergraph/Editor/Generation/Targets/Terrain
  artifactKey: Guid(81ea4f1a846f43919f95844124702750) Importer(2089858483,b0f066a214c2f5e87bad3c948f4d605d)
Start importing Packages/com.unity.shadergraph/Editor/Generation/Targets/Terrain using Guid(81ea4f1a846f43919f95844124702750) Importer(2089858483,b0f066a214c2f5e87bad3c948f4d605d) (ScriptedImporter) -> (artifact id: 'f6eabab032c8cd0a8586f27888bbfdbe') in 0.002340666 seconds
Number of updated asset objects reloaded before import = 0Number of asset objects unloaded after import = 1

========================================================================
Received Import Request.
  Time since last request: 0.000057 seconds.
  path: Packages/com.unity.inputsystem/InputSystem/Runtime/Utilities
  artifactKey: Guid(51e828593aae48cdbee6e9ae0ec20e5d) Importer(2089858483,b0f066a214c2f5e87bad3c948f4d605d)
Start importing Packages/com.unity.inputsystem/InputSystem/Runtime/Utilities using Guid(51e828593aae48cdbee6e9ae0ec20e5d) Importer(2089858483,b0f066a214c2f5e87bad3c948f4d605d) (ScriptedImporter) -> (artifact id: '875bc382a2553278c9e394663a2e6dd4') in 0.002479375 seconds
Number of updated asset objects reloaded before import = 0Number of asset objects unloaded after import = 1

========================================================================
Received Import Request.
  Time since last request: 0.000065 seconds.
  path: Packages/com.unity.visualscripting/Editor/VisualScripting.Core/Dependencies/ReorderableList/ElementAdderMenu
  artifactKey: Guid(a3acef7d15db64e8798153e7600b5bc2) Importer(2089858483,b0f066a214c2f5e87bad3c948f4d605d)
Start importing Packages/com.unity.visualscripting/Editor/VisualScripting.Core/Dependencies/ReorderableList/ElementAdderMenu using Guid(a3acef7d15db64e8798153e7600b5bc2) Importer(2089858483,b0f066a214c2f5e87bad3c948f4d605d) (ScriptedImporter) -> (artifact id: '5e10a54d93a3fafa91832b85c83f4425') in 0.002297792 seconds
Number of updated asset objects reloaded before import = 0Number of asset objects unloaded after import = 1

========================================================================
Received Import Request.
  Time since last request: 0.000053 seconds.
  path: Packages/com.unity.2d.animation/Editor/SkinningModule/VisibilityTool
  artifactKey: Guid(74791f07064cb01408ec2b306c5bc798) Importer(2089858483,b0f066a214c2f5e87bad3c948f4d605d)
Start importing Packages/com.unity.2d.animation/Editor/SkinningModule/VisibilityTool using Guid(74791f07064cb01408ec2b306c5bc798) Importer(2089858483,b0f066a214c2f5e87bad3c948f4d605d) (ScriptedImporter) -> (artifact id: 'c072cf4e65b5ec16f6b43925e120d9c6') in 0.002447583 seconds
Number of updated asset objects reloaded before import = 0Number of asset objects unloaded after import = 1

========================================================================
Received Import Request.
  Time since last request: 0.000056 seconds.
  path: Packages/com.unity.render-pipelines.core/Runtime/UnifiedRayTracing/Common/Utilities
  artifactKey: Guid(d87eae04416aa5b4faeeb9dc46c9c6b6) Importer(2089858483,b0f066a214c2f5e87bad3c948f4d605d)
Start importing Packages/com.unity.render-pipelines.core/Runtime/UnifiedRayTracing/Common/Utilities using Guid(d87eae04416aa5b4faeeb9dc46c9c6b6) Importer(2089858483,b0f066a214c2f5e87bad3c948f4d605d) (ScriptedImporter) -> (artifact id: '7dc96039bba58acea60d7de64c041e1b') in 0.002265458 seconds
Number of updated asset objects reloaded before import = 0Number of asset objects unloaded after import = 1

========================================================================
Received Import Request.
  Time since last request: 0.000050 seconds.
  path: Packages/com.unity.2d.tooling/Editor/Insider/Utilities
  artifactKey: Guid(e488644fbbbe40eba81116e5531e6d7a) Importer(2089858483,b0f066a214c2f5e87bad3c948f4d605d)
Start importing Packages/com.unity.2d.tooling/Editor/Insider/Utilities using Guid(e488644fbbbe40eba81116e5531e6d7a) Importer(2089858483,b0f066a214c2f5e87bad3c948f4d605d) (ScriptedImporter) -> (artifact id: 'fe47750e78b7d0481459c39ce3f1103a') in 0.002299917 seconds
Number of updated asset objects reloaded before import = 0Number of asset objects unloaded after import = 1

========================================================================
Received Import Request.
  Time since last request: 0.000047 seconds.
  path: Packages/com.unity.inputsystem/InputSystem/Editor/Actions/Composites
  artifactKey: Guid(cfd47b21b6c654315bf28318c87beb98) Importer(2089858483,b0f066a214c2f5e87bad3c948f4d605d)
Start importing Packages/com.unity.inputsystem/InputSystem/Editor/Actions/Composites using Guid(cfd47b21b6c654315bf28318c87beb98) Importer(2089858483,b0f066a214c2f5e87bad3c948f4d605d) (ScriptedImporter) -> (artifact id: '437c3591b5be34e875bc6343babac76d') in 0.002163542 seconds
Number of updated asset objects reloaded before import = 0Number of asset objects unloaded after import = 1

========================================================================
Received Import Request.
  Time since last request: 0.000059 seconds.
  path: Packages/com.unity.timeline/Runtime/Utilities
  artifactKey: Guid(f8730045d7da0f84cb11c0d868899577) Importer(2089858483,b0f066a214c2f5e87bad3c948f4d605d)
Start importing Packages/com.unity.timeline/Runtime/Utilities using Guid(f8730045d7da0f84cb11c0d868899577) Importer(2089858483,b0f066a214c2f5e87bad3c948f4d605d) (ScriptedImporter) -> (artifact id: 'e0d05f161b163b09e909076f52551d71') in 0.002352833 seconds
Number of updated asset objects reloaded before import = 0Number of asset objects unloaded after import = 1

========================================================================
Received Import Request.
  Time since last request: 0.000060 seconds.
  path: Packages/com.unity.2d.tilemap/Editor/EditorTools/GridSelection
  artifactKey: Guid(b8096dde849bb6f4f98cadbbf04ab6d9) Importer(2089858483,b0f066a214c2f5e87bad3c948f4d605d)
Start importing Packages/com.unity.2d.tilemap/Editor/EditorTools/GridSelection using Guid(b8096dde849bb6f4f98cadbbf04ab6d9) Importer(2089858483,b0f066a214c2f5e87bad3c948f4d605d) (ScriptedImporter) -> (artifact id: '6137853aae045746a3c55630e9390d7f') in 0.002031792 seconds
Number of updated asset objects reloaded before import = 0Number of asset objects unloaded after import = 1

========================================================================
Received Import Request.
  Time since last request: 0.000059 seconds.
  path: Packages/com.unity.render-pipelines.core/Editor/Resources
  artifactKey: Guid(e528aa751bf6fe44398a1f70eaac287c) Importer(2089858483,b0f066a214c2f5e87bad3c948f4d605d)
Start importing Packages/com.unity.render-pipelines.core/Editor/Resources using Guid(e528aa751bf6fe44398a1f70eaac287c) Importer(2089858483,b0f066a214c2f5e87bad3c948f4d605d) (ScriptedImporter) -> (artifact id: 'd226cb612d5f2dcd01b2103530fa218b') in 0.002137167 seconds
Number of updated asset objects reloaded before import = 0Number of asset objects unloaded after import = 1

========================================================================
Received Import Request.
  Time since last request: 0.000055 seconds.
  path: Packages/com.unity.test-framework/UnityEditor.TestRunner/CommandLineParser
  artifactKey: Guid(7602252bdb82b8d45ae3483c3a00d3e1) Importer(2089858483,b0f066a214c2f5e87bad3c948f4d605d)
Start importing Packages/com.unity.test-framework/UnityEditor.TestRunner/CommandLineParser using Guid(7602252bdb82b8d45ae3483c3a00d3e1) Importer(2089858483,b0f066a214c2f5e87bad3c948f4d605d) (ScriptedImporter) -> (artifact id: '9fd55a89b1b6d717eb285dd92e72ae5f') in 0.002327959 seconds
Number of updated asset objects reloaded before import = 0Number of asset objects unloaded after import = 1

========================================================================
Received Import Request.
  Time since last request: 0.000071 seconds.
  path: Packages/com.unity.collab-proxy/Editor/_Deprecated/CollabMigration
  artifactKey: Guid(ef074903871b8b64d856ee0a54f14a7c) Importer(2089858483,b0f066a214c2f5e87bad3c948f4d605d)
Start importing Packages/com.unity.collab-proxy/Editor/_Deprecated/CollabMigration using Guid(ef074903871b8b64d856ee0a54f14a7c) Importer(2089858483,b0f066a214c2f5e87bad3c948f4d605d) (ScriptedImporter) -> (artifact id: 'e03c8a45bd7877f7ab5c898145396e45') in 0.0024985 seconds
Number of updated asset objects reloaded before import = 0Number of asset objects unloaded after import = 1

========================================================================
Received Import Request.
  Time since last request: 0.000061 seconds.
  path: Packages/com.unity.2d.psdimporter/Editor/Assets/Icons
  artifactKey: Guid(f53b0034804e64815a9500a89a65cdb5) Importer(2089858483,b0f066a214c2f5e87bad3c948f4d605d)
Start importing Packages/com.unity.2d.psdimporter/Editor/Assets/Icons using Guid(f53b0034804e64815a9500a89a65cdb5) Importer(2089858483,b0f066a214c2f5e87bad3c948f4d605d) (ScriptedImporter) -> (artifact id: 'deb7cbff69f57d6a7b2ea0870f9d2e57') in 0.002538125 seconds
Number of updated asset objects reloaded before import = 0Number of asset objects unloaded after import = 1

========================================================================
Received Import Request.
  Time since last request: 0.000053 seconds.
  path: Packages/com.unity.timeline/Editor/CustomEditors
  artifactKey: Guid(ad70ff8d98b257540b683737743828cb) Importer(2089858483,b0f066a214c2f5e87bad3c948f4d605d)
Start importing Packages/com.unity.timeline/Editor/CustomEditors using Guid(ad70ff8d98b257540b683737743828cb) Importer(2089858483,b0f066a214c2f5e87bad3c948f4d605d) (ScriptedImporter) -> (artifact id: '2f814d8f5a4abcc5cc3986136ad5b75e') in 0.002400834 seconds
Number of updated asset objects reloaded before import = 0Number of asset objects unloaded after import = 1

========================================================================
Received Import Request.
  Time since last request: 0.000061 seconds.
  path: Packages/com.unity.render-pipelines.universal/Runtime/2D/Data
  artifactKey: Guid(e0c762e8dad9af640925a542761eb35a) Importer(2089858483,b0f066a214c2f5e87bad3c948f4d605d)
Start importing Packages/com.unity.render-pipelines.universal/Runtime/2D/Data using Guid(e0c762e8dad9af640925a542761eb35a) Importer(2089858483,b0f066a214c2f5e87bad3c948f4d605d) (ScriptedImporter) -> (artifact id: 'a63f17164db84fc11e2ecedecb3526e2') in 0.00197575 seconds
Number of updated asset objects reloaded before import = 0Number of asset objects unloaded after import = 1

========================================================================
Received Import Request.
  Time since last request: 0.000062 seconds.
  path: Packages/com.unity.shadergraph/Editor/Data/Nodes/Input/PBR
  artifactKey: Guid(bc2d9fef9660c574dad26112f3061731) Importer(2089858483,b0f066a214c2f5e87bad3c948f4d605d)
Start importing Packages/com.unity.shadergraph/Editor/Data/Nodes/Input/PBR using Guid(bc2d9fef9660c574dad26112f3061731) Importer(2089858483,b0f066a214c2f5e87bad3c948f4d605d) (ScriptedImporter) -> (artifact id: '2952646f4f22680435f1eb9b1f32729f') in 0.0023915 seconds
Number of updated asset objects reloaded before import = 0Number of asset objects unloaded after import = 1

========================================================================
Received Import Request.
  Time since last request: 0.000061 seconds.
  path: Packages/com.unity.collab-proxy/Editor/AssetsUtils/Processor
  artifactKey: Guid(e5a9787c5ed94504798db0c3330424fe) Importer(2089858483,b0f066a214c2f5e87bad3c948f4d605d)
Start importing Packages/com.unity.collab-proxy/Editor/AssetsUtils/Processor using Guid(e5a9787c5ed94504798db0c3330424fe) Importer(2089858483,b0f066a214c2f5e87bad3c948f4d605d) (ScriptedImporter) -> (artifact id: '78cc6b33aeb21a5c1a7d5231edea6e5c') in 0.002524417 seconds
Number of updated asset objects reloaded before import = 0Number of asset objects unloaded after import = 1

========================================================================
Received Import Request.
  Time since last request: 0.000056 seconds.
  path: Packages/com.unity.test-framework/UnityEditor.TestRunner/TestRun/Data
  artifactKey: Guid(4926c06156894939ba0a2680f1b0aa7a) Importer(2089858483,b0f066a214c2f5e87bad3c948f4d605d)
Start importing Packages/com.unity.test-framework/UnityEditor.TestRunner/TestRun/Data using Guid(4926c06156894939ba0a2680f1b0aa7a) Importer(2089858483,b0f066a214c2f5e87bad3c948f4d605d) (ScriptedImporter) -> (artifact id: '66b2e6cac1b8eaf72a1722f3f485bb83') in 0.002299458 seconds
Number of updated asset objects reloaded before import = 0Number of asset objects unloaded after import = 1

========================================================================
Received Import Request.
  Time since last request: 0.000054 seconds.
  path: Packages/com.unity.2d.common/Tests
  artifactKey: Guid(e1b9d7367fd994e26a0a18b0461837b3) Importer(2089858483,b0f066a214c2f5e87bad3c948f4d605d)
Start importing Packages/com.unity.2d.common/Tests using Guid(e1b9d7367fd994e26a0a18b0461837b3) Importer(2089858483,b0f066a214c2f5e87bad3c948f4d605d) (ScriptedImporter) -> (artifact id: '1def24dfbd1919b87e9ae70e19bf1801') in 0.00225775 seconds
Number of updated asset objects reloaded before import = 0Number of asset objects unloaded after import = 1

========================================================================
Received Import Request.
  Time since last request: 0.000063 seconds.
  path: Packages/com.unity.visualscripting/Runtime/VisualScripting.Flow/Framework/Collections/Dictionaries
  artifactKey: Guid(fe09e9cdabae047b9a8e6d245eec4ade) Importer(2089858483,b0f066a214c2f5e87bad3c948f4d605d)
Start importing Packages/com.unity.visualscripting/Runtime/VisualScripting.Flow/Framework/Collections/Dictionaries using Guid(fe09e9cdabae047b9a8e6d245eec4ade) Importer(2089858483,b0f066a214c2f5e87bad3c948f4d605d) (ScriptedImporter) -> (artifact id: '258be00f1c02106544441e5b67f1ed46') in 0.002456041 seconds
Number of updated asset objects reloaded before import = 0Number of asset objects unloaded after import = 1

========================================================================
Received Import Request.
  Time since last request: 0.000054 seconds.
  path: Packages/com.unity.collections/Unity.Collections.PerformanceTests/Unity.PerformanceTesting.Benchmark
  artifactKey: Guid(336c58ff186c3f245a1e3353bd539093) Importer(2089858483,b0f066a214c2f5e87bad3c948f4d605d)
Start importing Packages/com.unity.collections/Unity.Collections.PerformanceTests/Unity.PerformanceTesting.Benchmark using Guid(336c58ff186c3f245a1e3353bd539093) Importer(2089858483,b0f066a214c2f5e87bad3c948f4d605d) (ScriptedImporter) -> (artifact id: 'a8b81ca3516b01b3cebe2d98a648c53e') in 0.002423084 seconds
Number of updated asset objects reloaded before import = 0Number of asset objects unloaded after import = 1

========================================================================
Received Import Request.
  Time since last request: 0.000051 seconds.
  path: Packages/com.unity.visualscripting/Runtime/VisualScripting.Flow/Dependencies/NCalc
  artifactKey: Guid(fac4026eb26ea42c29c85fec8007face) Importer(2089858483,b0f066a214c2f5e87bad3c948f4d605d)
Start importing Packages/com.unity.visualscripting/Runtime/VisualScripting.Flow/Dependencies/NCalc using Guid(fac4026eb26ea42c29c85fec8007face) Importer(2089858483,b0f066a214c2f5e87bad3c948f4d605d) (ScriptedImporter) -> (artifact id: '21f8e01773fa40763a37ee6fc5fee6cb') in 0.002181875 seconds
Number of updated asset objects reloaded before import = 0Number of asset objects unloaded after import = 1

========================================================================
Received Import Request.
  Time since last request: 0.000054 seconds.
  path: Packages/com.unity.visualscripting/Editor/VisualScripting.Core/Plugin/Changelogs/LegacyLudiqCore
  artifactKey: Guid(b355d4dd6af14440fa93b47e2075e485) Importer(2089858483,b0f066a214c2f5e87bad3c948f4d605d)
Start importing Packages/com.unity.visualscripting/Editor/VisualScripting.Core/Plugin/Changelogs/LegacyLudiqCore using Guid(b355d4dd6af14440fa93b47e2075e485) Importer(2089858483,b0f066a214c2f5e87bad3c948f4d605d) (ScriptedImporter) -> (artifact id: '99ee8c876096a9972831eb5ce1582ab1') in 0.002261334 seconds
Number of updated asset objects reloaded before import = 0Number of asset objects unloaded after import = 1

========================================================================
Received Import Request.
  Time since last request: 0.000049 seconds.
  path: Packages/com.unity.render-pipelines.core/Editor/CommandBuffers/CommandBufferGenerator
  artifactKey: Guid(9ee4775791ff6f8448490ba9f74d2f5b) Importer(2089858483,b0f066a214c2f5e87bad3c948f4d605d)
Start importing Packages/com.unity.render-pipelines.core/Editor/CommandBuffers/CommandBufferGenerator using Guid(9ee4775791ff6f8448490ba9f74d2f5b) Importer(2089858483,b0f066a214c2f5e87bad3c948f4d605d) (ScriptedImporter) -> (artifact id: '09568ef50b4a24b108e5b580cbcbda95') in 0.00226425 seconds
Number of updated asset objects reloaded before import = 0Number of asset objects unloaded after import = 1

========================================================================
Received Import Request.
  Time since last request: 0.000061 seconds.
  path: Packages/com.unity.collections/Unity.Collections/Jobs
  artifactKey: Guid(f778b3b3948af5542847d94f90157bd6) Importer(2089858483,b0f066a214c2f5e87bad3c948f4d605d)
Start importing Packages/com.unity.collections/Unity.Collections/Jobs using Guid(f778b3b3948af5542847d94f90157bd6) Importer(2089858483,b0f066a214c2f5e87bad3c948f4d605d) (ScriptedImporter) -> (artifact id: '85997041617ddf58915de7a2bd6d8569') in 0.002501667 seconds
Number of updated asset objects reloaded before import = 0Number of asset objects unloaded after import = 1

========================================================================
Received Import Request.
  Time since last request: 0.000051 seconds.
  path: Packages/com.unity.timeline/Runtime/Events
  artifactKey: Guid(b8c5993172f27e4419d7d4ed5ef77840) Importer(2089858483,b0f066a214c2f5e87bad3c948f4d605d)
Start importing Packages/com.unity.timeline/Runtime/Events using Guid(b8c5993172f27e4419d7d4ed5ef77840) Importer(2089858483,b0f066a214c2f5e87bad3c948f4d605d) (ScriptedImporter) -> (artifact id: '08d4236d19740de0664dab178e548ae1') in 0.00228075 seconds
Number of updated asset objects reloaded before import = 0Number of asset objects unloaded after import = 1

========================================================================
Received Import Request.
  Time since last request: 0.000044 seconds.
  path: Packages/com.unity.render-pipelines.universal/Editor/ShaderGUI/Shaders
  artifactKey: Guid(44979452441cd45d5a88ff530647528f) Importer(2089858483,b0f066a214c2f5e87bad3c948f4d605d)
Start importing Packages/com.unity.render-pipelines.universal/Editor/ShaderGUI/Shaders using Guid(44979452441cd45d5a88ff530647528f) Importer(2089858483,b0f066a214c2f5e87bad3c948f4d605d) (ScriptedImporter) -> (artifact id: 'af63fd0e138e63108a6ee4fb6b2f89fe') in 0.002250042 seconds
Number of updated asset objects reloaded before import = 0Number of asset objects unloaded after import = 1

========================================================================
Received Import Request.
  Time since last request: 0.000067 seconds.
  path: Packages/com.unity.render-pipelines.core/Editor/UnifiedRayTracing
  artifactKey: Guid(0ababd4155f586548894b3dc7e2fd321) Importer(2089858483,b0f066a214c2f5e87bad3c948f4d605d)
Start importing Packages/com.unity.render-pipelines.core/Editor/UnifiedRayTracing using Guid(0ababd4155f586548894b3dc7e2fd321) Importer(2089858483,b0f066a214c2f5e87bad3c948f4d605d) (ScriptedImporter) -> (artifact id: '975938a50d8bcef2c3559b86dfe4ee33') in 0.002027083 seconds
Number of updated asset objects reloaded before import = 0Number of asset objects unloaded after import = 1

========================================================================
Received Import Request.
  Time since last request: 0.000056 seconds.
  path: Packages/com.unity.visualscripting/Editor/VisualScripting.Core/Interface/DragAndDrop
  artifactKey: Guid(73eaaeaefae644aa1b311ea6d5404bea) Importer(2089858483,b0f066a214c2f5e87bad3c948f4d605d)
Start importing Packages/com.unity.visualscripting/Editor/VisualScripting.Core/Interface/DragAndDrop using Guid(73eaaeaefae644aa1b311ea6d5404bea) Importer(2089858483,b0f066a214c2f5e87bad3c948f4d605d) (ScriptedImporter) -> (artifact id: '52ef412021f8bbf52472cd816abde0e6') in 0.002099666 seconds
Number of updated asset objects reloaded before import = 0Number of asset objects unloaded after import = 1

========================================================================
Received Import Request.
  Time since last request: 0.000059 seconds.
  path: Packages/com.unity.shadergraph/Editor/Drawing/Views
  artifactKey: Guid(a24ff57a99e64e33b4f88b1e81d84e97) Importer(2089858483,b0f066a214c2f5e87bad3c948f4d605d)
Start importing Packages/com.unity.shadergraph/Editor/Drawing/Views using Guid(a24ff57a99e64e33b4f88b1e81d84e97) Importer(2089858483,b0f066a214c2f5e87bad3c948f4d605d) (ScriptedImporter) -> (artifact id: 'a17924c350c6c72a57b874c2582356bd') in 0.0181915 seconds
Number of updated asset objects reloaded before import = 0Number of asset objects unloaded after import = 1

========================================================================
Received Import Request.
  Time since last request: 0.000068 seconds.
  path: Packages/com.unity.render-pipelines.core/ShaderLibrary
  artifactKey: Guid(534c3b565c7ef4248a10594dbdf4faf1) Importer(2089858483,b0f066a214c2f5e87bad3c948f4d605d)
Start importing Packages/com.unity.render-pipelines.core/ShaderLibrary using Guid(534c3b565c7ef4248a10594dbdf4faf1) Importer(2089858483,b0f066a214c2f5e87bad3c948f4d605d) (ScriptedImporter) -> (artifact id: 'fd2dc10664253d7cdaf21721050fb3bc') in 0.002336042 seconds
Number of updated asset objects reloaded before import = 0Number of asset objects unloaded after import = 1

========================================================================
Received Import Request.
  Time since last request: 0.000049 seconds.
  path: Packages/com.unity.2d.tilemap.extras/Runtime
  artifactKey: Guid(bb6e0fae761c98e4babad8a6c2188e8d) Importer(2089858483,b0f066a214c2f5e87bad3c948f4d605d)
Start importing Packages/com.unity.2d.tilemap.extras/Runtime using Guid(bb6e0fae761c98e4babad8a6c2188e8d) Importer(2089858483,b0f066a214c2f5e87bad3c948f4d605d) (ScriptedImporter) -> (artifact id: '21fc226cc79aa9950c6630b8f9bf34bf') in 0.001954 seconds
Number of updated asset objects reloaded before import = 0Number of asset objects unloaded after import = 1

========================================================================
Received Import Request.
  Time since last request: 0.000050 seconds.
  path: Packages/com.unity.ugui/Runtime/TMP
  artifactKey: Guid(619aadd8f276341ca84d7ad5a9c6db21) Importer(2089858483,b0f066a214c2f5e87bad3c948f4d605d)
Start importing Packages/com.unity.ugui/Runtime/TMP using Guid(619aadd8f276341ca84d7ad5a9c6db21) Importer(2089858483,b0f066a214c2f5e87bad3c948f4d605d) (ScriptedImporter) -> (artifact id: '50e8090022953fc7989ca01f405bee42') in 0.002318042 seconds
Number of updated asset objects reloaded before import = 0Number of asset objects unloaded after import = 1

========================================================================
Received Import Request.
  Time since last request: 0.000056 seconds.
  path: Packages/com.unity.ide.rider/Rider
  artifactKey: Guid(9129183a42052cd43b9c284d6dbd541e) Importer(2089858483,b0f066a214c2f5e87bad3c948f4d605d)
Start importing Packages/com.unity.ide.rider/Rider using Guid(9129183a42052cd43b9c284d6dbd541e) Importer(2089858483,b0f066a214c2f5e87bad3c948f4d605d) (ScriptedImporter) -> (artifact id: 'ce7a743be468c36a5c783c486f47a96b') in 0.002337459 seconds
Number of updated asset objects reloaded before import = 0Number of asset objects unloaded after import = 1

========================================================================
Received Import Request.
  Time since last request: 0.000051 seconds.
  path: Packages/com.unity.visualscripting/Editor/VisualScripting.Core/Utilities
  artifactKey: Guid(e884f28c0a6994a81a9ed31ab1163144) Importer(2089858483,b0f066a214c2f5e87bad3c948f4d605d)
Start importing Packages/com.unity.visualscripting/Editor/VisualScripting.Core/Utilities using Guid(e884f28c0a6994a81a9ed31ab1163144) Importer(2089858483,b0f066a214c2f5e87bad3c948f4d605d) (ScriptedImporter) -> (artifact id: '838efdcb5210645cae5f72979e236257') in 0.002582208 seconds
Number of updated asset objects reloaded before import = 0Number of asset objects unloaded after import = 1

========================================================================
Received Import Request.
  Time since last request: 0.000071 seconds.
  path: Packages/com.unity.visualscripting/Runtime/VisualScripting.Core/Serialization
  artifactKey: Guid(b7590cb8337054b58a375550a47da0a4) Importer(2089858483,b0f066a214c2f5e87bad3c948f4d605d)
Start importing Packages/com.unity.visualscripting/Runtime/VisualScripting.Core/Serialization using Guid(b7590cb8337054b58a375550a47da0a4) Importer(2089858483,b0f066a214c2f5e87bad3c948f4d605d) (ScriptedImporter) -> (artifact id: '6275103584dbf81f940abd1f0e45e434') in 0.002214875 seconds
Number of updated asset objects reloaded before import = 0Number of asset objects unloaded after import = 1

========================================================================
Received Import Request.
  Time since last request: 0.000045 seconds.
  path: Packages/com.unity.render-pipelines.core/Tests/Editor/Debugging
  artifactKey: Guid(b8f37e7cf15bcc1419f4622045f6e075) Importer(2089858483,b0f066a214c2f5e87bad3c948f4d605d)
Start importing Packages/com.unity.render-pipelines.core/Tests/Editor/Debugging using Guid(b8f37e7cf15bcc1419f4622045f6e075) Importer(2089858483,b0f066a214c2f5e87bad3c948f4d605d) (ScriptedImporter) -> (artifact id: '3fe1962821c8dd95d775b61680fcb94d') in 0.002348709 seconds
Number of updated asset objects reloaded before import = 0Number of asset objects unloaded after import = 1

========================================================================
Received Import Request.
  Time since last request: 0.000046 seconds.
  path: Packages/com.unity.ugui/Tests/Editor/Common
  artifactKey: Guid(cd9c8fc1c8d64d54ab1e22aae9678d84) Importer(2089858483,b0f066a214c2f5e87bad3c948f4d605d)
Start importing Packages/com.unity.ugui/Tests/Editor/Common using Guid(cd9c8fc1c8d64d54ab1e22aae9678d84) Importer(2089858483,b0f066a214c2f5e87bad3c948f4d605d) (ScriptedImporter) -> (artifact id: '6c1cffabb271c8c1dbdf9fc04dbe9818') in 0.002181041 seconds
Number of updated asset objects reloaded before import = 0Number of asset objects unloaded after import = 1

========================================================================
Received Import Request.
  Time since last request: 0.000057 seconds.
  path: Packages/com.unity.render-pipelines.universal/Runtime/XR
  artifactKey: Guid(0550ca8fecc5a38488e598126238413d) Importer(2089858483,b0f066a214c2f5e87bad3c948f4d605d)
Start importing Packages/com.unity.render-pipelines.universal/Runtime/XR using Guid(0550ca8fecc5a38488e598126238413d) Importer(2089858483,b0f066a214c2f5e87bad3c948f4d605d) (ScriptedImporter) -> (artifact id: '4ad74b9fbbff85638a43854cffcc529e') in 0.002284625 seconds
Number of updated asset objects reloaded before import = 0Number of asset objects unloaded after import = 1

========================================================================
Received Import Request.
  Time since last request: 0.000041 seconds.
  path: Packages/com.unity.render-pipelines.core/Runtime/Volume
  artifactKey: Guid(1189cbf559a12c64e92584c52d17a4a0) Importer(2089858483,b0f066a214c2f5e87bad3c948f4d605d)
Start importing Packages/com.unity.render-pipelines.core/Runtime/Volume using Guid(1189cbf559a12c64e92584c52d17a4a0) Importer(2089858483,b0f066a214c2f5e87bad3c948f4d605d) (ScriptedImporter) -> (artifact id: 'b31183be2d5a362c37ad573a57551319') in 0.002350583 seconds
Number of updated asset objects reloaded before import = 0Number of asset objects unloaded after import = 1

========================================================================
Received Import Request.
  Time since last request: 0.000076 seconds.
  path: Packages/com.unity.collab-proxy/Editor/Hub
  artifactKey: Guid(2a088652feef3704ab1221770deb738a) Importer(2089858483,b0f066a214c2f5e87bad3c948f4d605d)
Start importing Packages/com.unity.collab-proxy/Editor/Hub using Guid(2a088652feef3704ab1221770deb738a) Importer(2089858483,b0f066a214c2f5e87bad3c948f4d605d) (ScriptedImporter) -> (artifact id: 'baa565d875bb1941cc4d9982e23c42c8') in 0.002339417 seconds
Number of updated asset objects reloaded before import = 0Number of asset objects unloaded after import = 1

========================================================================
Received Import Request.
  Time since last request: 0.000050 seconds.
  path: Packages/com.unity.collab-proxy/Editor/Assets
  artifactKey: Guid(b01e5a3d2517b904698dbc9fa0df727f) Importer(2089858483,b0f066a214c2f5e87bad3c948f4d605d)
Start importing Packages/com.unity.collab-proxy/Editor/Assets using Guid(b01e5a3d2517b904698dbc9fa0df727f) Importer(2089858483,b0f066a214c2f5e87bad3c948f4d605d) (ScriptedImporter) -> (artifact id: '9422ac7126be235f9c0409848fa92d63') in 0.002427292 seconds
Number of updated asset objects reloaded before import = 0Number of asset objects unloaded after import = 1

========================================================================
Received Import Request.
  Time since last request: 0.000063 seconds.
  path: Packages/com.unity.visualscripting/Editor/VisualScripting.Core/Plugin/Acknowledgements
  artifactKey: Guid(14b2b3422ab1f4cd3b5d928f49fea834) Importer(2089858483,b0f066a214c2f5e87bad3c948f4d605d)
Start importing Packages/com.unity.visualscripting/Editor/VisualScripting.Core/Plugin/Acknowledgements using Guid(14b2b3422ab1f4cd3b5d928f49fea834) Importer(2089858483,b0f066a214c2f5e87bad3c948f4d605d) (ScriptedImporter) -> (artifact id: 'b3735dae241d841451b068dd05ee4be5') in 0.002426 seconds
Number of updated asset objects reloaded before import = 0Number of asset objects unloaded after import = 1

========================================================================
Received Import Request.
  Time since last request: 0.000068 seconds.
  path: Packages/com.unity.2d.animation/Editor/Assets/SkinningModule
  artifactKey: Guid(4fccdb4aa9dd0db43becdec2eea211af) Importer(2089858483,b0f066a214c2f5e87bad3c948f4d605d)
Start importing Packages/com.unity.2d.animation/Editor/Assets/SkinningModule using Guid(4fccdb4aa9dd0db43becdec2eea211af) Importer(2089858483,b0f066a214c2f5e87bad3c948f4d605d) (ScriptedImporter) -> (artifact id: '05c42282817530b7868b6827b1296078') in 0.002390166 seconds
Number of updated asset objects reloaded before import = 0Number of asset objects unloaded after import = 1

========================================================================
Received Import Request.
  Time since last request: 0.000055 seconds.
  path: Packages/com.unity.collab-proxy/Editor/Assets/Styles
  artifactKey: Guid(5355983268a982c46bd52eb66f19b1b9) Importer(2089858483,b0f066a214c2f5e87bad3c948f4d605d)
Start importing Packages/com.unity.collab-proxy/Editor/Assets/Styles using Guid(5355983268a982c46bd52eb66f19b1b9) Importer(2089858483,b0f066a214c2f5e87bad3c948f4d605d) (ScriptedImporter) -> (artifact id: '1c26b48dc176faea1c44dd010c63517c') in 0.002440667 seconds
Number of updated asset objects reloaded before import = 0Number of asset objects unloaded after import = 1

========================================================================
Received Import Request.
  Time since last request: 0.000076 seconds.
  path: Packages/com.unity.2d.animation/Editor/SpriteOutlineRenderer
  artifactKey: Guid(5afc6ff76240b3a4b9ae7370bfae2436) Importer(2089858483,b0f066a214c2f5e87bad3c948f4d605d)
Start importing Packages/com.unity.2d.animation/Editor/SpriteOutlineRenderer using Guid(5afc6ff76240b3a4b9ae7370bfae2436) Importer(2089858483,b0f066a214c2f5e87bad3c948f4d605d) (ScriptedImporter) -> (artifact id: '2d513e3cd6e949d06b23534f5b589a64') in 0.002223417 seconds
Number of updated asset objects reloaded before import = 0Number of asset objects unloaded after import = 1

========================================================================
Received Import Request.
  Time since last request: 0.000064 seconds.
  path: Packages/com.unity.shadergraph/Editor/Generation/Targets/CustomRenderTexture
  artifactKey: Guid(6d5720fee1395a0469d470106d06823e) Importer(2089858483,b0f066a214c2f5e87bad3c948f4d605d)
Start importing Packages/com.unity.shadergraph/Editor/Generation/Targets/CustomRenderTexture using Guid(6d5720fee1395a0469d470106d06823e) Importer(2089858483,b0f066a214c2f5e87bad3c948f4d605d) (ScriptedImporter) -> (artifact id: '3e91c49b80f184ee305a7596cbb8b362') in 0.002294542 seconds
Number of updated asset objects reloaded before import = 0Number of asset objects unloaded after import = 1

========================================================================
Received Import Request.
  Time since last request: 0.000055 seconds.
  path: Packages/com.unity.collab-proxy/Editor/Diff/Asset/Content/Meta
  artifactKey: Guid(0c9e6fa111057499c9ed2c22d2c00f95) Importer(2089858483,b0f066a214c2f5e87bad3c948f4d605d)
Start importing Packages/com.unity.collab-proxy/Editor/Diff/Asset/Content/Meta using Guid(0c9e6fa111057499c9ed2c22d2c00f95) Importer(2089858483,b0f066a214c2f5e87bad3c948f4d605d) (ScriptedImporter) -> (artifact id: '67d26221b102afd86088666f5a03121c') in 0.002400583 seconds
Number of updated asset objects reloaded before import = 0Number of asset objects unloaded after import = 1

========================================================================
Received Import Request.
  Time since last request: 0.000069 seconds.
  path: Packages/com.unity.visualscripting/Editor/VisualScripting.Core/Description
  artifactKey: Guid(e2db3b26ecf3244249a274b5a18328aa) Importer(2089858483,b0f066a214c2f5e87bad3c948f4d605d)
Start importing Packages/com.unity.visualscripting/Editor/VisualScripting.Core/Description using Guid(e2db3b26ecf3244249a274b5a18328aa) Importer(2089858483,b0f066a214c2f5e87bad3c948f4d605d) (ScriptedImporter) -> (artifact id: '6fe481e09c763b824179de28ddc18d08') in 0.002590542 seconds
Number of updated asset objects reloaded before import = 0Number of asset objects unloaded after import = 1

========================================================================
Received Import Request.
  Time since last request: 0.000055 seconds.
  path: Packages/com.unity.ugui/Runtime/UGUI/UI
  artifactKey: Guid(742654cad2425334696ba6ed4495cfef) Importer(2089858483,b0f066a214c2f5e87bad3c948f4d605d)
Start importing Packages/com.unity.ugui/Runtime/UGUI/UI using Guid(742654cad2425334696ba6ed4495cfef) Importer(2089858483,b0f066a214c2f5e87bad3c948f4d605d) (ScriptedImporter) -> (artifact id: '6744c6f7d961153a4d572f80b1d08a3a') in 0.002825625 seconds
Number of updated asset objects reloaded before import = 0Number of asset objects unloaded after import = 1

========================================================================
Received Import Request.
  Time since last request: 0.000056 seconds.
  path: Packages/com.unity.inputsystem/InputSystem/Editor/AssetEditor/PackageResources/personal
  artifactKey: Guid(95391b99439094c00a105cd26ba61b1b) Importer(2089858483,b0f066a214c2f5e87bad3c948f4d605d)
Start importing Packages/com.unity.inputsystem/InputSystem/Editor/AssetEditor/PackageResources/personal using Guid(95391b99439094c00a105cd26ba61b1b) Importer(2089858483,b0f066a214c2f5e87bad3c948f4d605d) (ScriptedImporter) -> (artifact id: '663369cd34382c022628e223ca6d8788') in 0.002438958 seconds
Number of updated asset objects reloaded before import = 0Number of asset objects unloaded after import = 1

========================================================================
Received Import Request.
  Time since last request: 0.000050 seconds.
  path: Packages/com.unity.collab-proxy/Editor/Diff
  artifactKey: Guid(1ab59760d62245498d588afe58117b66) Importer(2089858483,b0f066a214c2f5e87bad3c948f4d605d)
Start importing Packages/com.unity.collab-proxy/Editor/Diff using Guid(1ab59760d62245498d588afe58117b66) Importer(2089858483,b0f066a214c2f5e87bad3c948f4d605d) (ScriptedImporter) -> (artifact id: 'e39aff65fa67eae1f0abdc5134656af4') in 0.002307084 seconds
Number of updated asset objects reloaded before import = 0Number of asset objects unloaded after import = 1

========================================================================
Received Import Request.
  Time since last request: 0.000081 seconds.
  path: Packages/com.unity.2d.tilemap.extras/Editor/Brushes
  artifactKey: Guid(b56ed00274c3c354593c893dbb7264c6) Importer(2089858483,b0f066a214c2f5e87bad3c948f4d605d)
Start importing Packages/com.unity.2d.tilemap.extras/Editor/Brushes using Guid(b56ed00274c3c354593c893dbb7264c6) Importer(2089858483,b0f066a214c2f5e87bad3c948f4d605d) (ScriptedImporter) -> (artifact id: '9e20fd116edfc5751adb6b260e5f0395') in 0.002395167 seconds
Number of updated asset objects reloaded before import = 0Number of asset objects unloaded after import = 1

========================================================================
Received Import Request.
  Time since last request: 0.000060 seconds.
  path: Packages/com.unity.2d.animation/Editor/SkinningModule/Triangulation
  artifactKey: Guid(72495d3b4803aad44b0456fd7b463771) Importer(2089858483,b0f066a214c2f5e87bad3c948f4d605d)
Start importing Packages/com.unity.2d.animation/Editor/SkinningModule/Triangulation using Guid(72495d3b4803aad44b0456fd7b463771) Importer(2089858483,b0f066a214c2f5e87bad3c948f4d605d) (ScriptedImporter) -> (artifact id: '03eef660e17172f02743b7d1bac60eec') in 0.002476 seconds
Number of updated asset objects reloaded before import = 0Number of asset objects unloaded after import = 1

========================================================================
Received Import Request.
  Time since last request: 0.000060 seconds.
  path: Packages/com.unity.collections
  artifactKey: Guid(6ea2c6f3763d4b5a29419bcb653c9df5) Importer(2089858483,b0f066a214c2f5e87bad3c948f4d605d)
Start importing Packages/com.unity.collections using Guid(6ea2c6f3763d4b5a29419bcb653c9df5) Importer(2089858483,b0f066a214c2f5e87bad3c948f4d605d) (ScriptedImporter) -> (artifact id: '58c5c127545f453d5bc94c5fcd195c7d') in 0.004356167 seconds
Number of updated asset objects reloaded before import = 0Number of asset objects unloaded after import = 1

========================================================================
Received Import Request.
  Time since last request: 0.000059 seconds.
  path: Packages/com.unity.shadergraph/Editor/Data/Attributes
  artifactKey: Guid(08871a332c049d44d9bf2563943a52c0) Importer(2089858483,b0f066a214c2f5e87bad3c948f4d605d)
Start importing Packages/com.unity.shadergraph/Editor/Data/Attributes using Guid(08871a332c049d44d9bf2563943a52c0) Importer(2089858483,b0f066a214c2f5e87bad3c948f4d605d) (ScriptedImporter) -> (artifact id: '69b16e3f1643f7692e2c144f469b4db0') in 0.00210325 seconds
Number of updated asset objects reloaded before import = 0Number of asset objects unloaded after import = 1

========================================================================
Received Import Request.
  Time since last request: 0.000047 seconds.
  path: Packages/com.unity.visualscripting/Runtime/VisualScripting.Core/StickyNote
  artifactKey: Guid(7a1d84ad5ed44fa18feb8a550ea61879) Importer(2089858483,b0f066a214c2f5e87bad3c948f4d605d)
Start importing Packages/com.unity.visualscripting/Runtime/VisualScripting.Core/StickyNote using Guid(7a1d84ad5ed44fa18feb8a550ea61879) Importer(2089858483,b0f066a214c2f5e87bad3c948f4d605d) (ScriptedImporter) -> (artifact id: '4ba4f96ed283cfd76c58d475d779fa8b') in 0.002065875 seconds
Number of updated asset objects reloaded before import = 0Number of asset objects unloaded after import = 1

========================================================================
Received Import Request.
  Time since last request: 0.000058 seconds.
  path: Packages/com.unity.visualscripting/Editor/VisualScripting.Core/Analytics
  artifactKey: Guid(fae0344df02e74e0988c577297cc556d) Importer(2089858483,b0f066a214c2f5e87bad3c948f4d605d)
Start importing Packages/com.unity.visualscripting/Editor/VisualScripting.Core/Analytics using Guid(fae0344df02e74e0988c577297cc556d) Importer(2089858483,b0f066a214c2f5e87bad3c948f4d605d) (ScriptedImporter) -> (artifact id: '2aac2416ea19108d0554c8f510164b14') in 0.00219125 seconds
Number of updated asset objects reloaded before import = 0Number of asset objects unloaded after import = 1

========================================================================
Received Import Request.
  Time since last request: 0.000051 seconds.
  path: Packages/com.unity.shadergraph/Editor/Resources/Shaders
  artifactKey: Guid(95a0c8e39aaf7f3468cff72de2b7c094) Importer(2089858483,b0f066a214c2f5e87bad3c948f4d605d)
Start importing Packages/com.unity.shadergraph/Editor/Resources/Shaders using Guid(95a0c8e39aaf7f3468cff72de2b7c094) Importer(2089858483,b0f066a214c2f5e87bad3c948f4d605d) (ScriptedImporter) -> (artifact id: '1280245f79b048283041b28ea4bd200d') in 0.002498875 seconds
Number of updated asset objects reloaded before import = 0Number of asset objects unloaded after import = 1

========================================================================
Received Import Request.
  Time since last request: 0.000043 seconds.
  path: Packages/com.unity.test-framework/UnityEngine.TestRunner/Utils
  artifactKey: Guid(bb32bccaf32a6db448d1c0cc99c78688) Importer(2089858483,b0f066a214c2f5e87bad3c948f4d605d)
Start importing Packages/com.unity.test-framework/UnityEngine.TestRunner/Utils using Guid(bb32bccaf32a6db448d1c0cc99c78688) Importer(2089858483,b0f066a214c2f5e87bad3c948f4d605d) (ScriptedImporter) -> (artifact id: '9ac3b8bd5da3d1ced36d2a28da58be85') in 0.002113542 seconds
Number of updated asset objects reloaded before import = 0Number of asset objects unloaded after import = 1

========================================================================
Received Import Request.
  Time since last request: 0.000083 seconds.
  path: Packages/com.unity.shadergraph/Editor/Generation/Targets/BuiltIn/Editor/ShaderGUI
  artifactKey: Guid(045465d8500b94f469580f232db2929f) Importer(2089858483,b0f066a214c2f5e87bad3c948f4d605d)
Start importing Packages/com.unity.shadergraph/Editor/Generation/Targets/BuiltIn/Editor/ShaderGUI using Guid(045465d8500b94f469580f232db2929f) Importer(2089858483,b0f066a214c2f5e87bad3c948f4d605d) (ScriptedImporter) -> (artifact id: 'd63d6cb877a230364d6a57857f48c770') in 0.003474292 seconds
Number of updated asset objects reloaded before import = 0Number of asset objects unloaded after import = 1

========================================================================
Received Import Request.
  Time since last request: 0.000055 seconds.
  path: Packages/com.unity.collab-proxy/Editor/Diff/Asset
  artifactKey: Guid(e9c18861072146ca91af22a8a8dbab9d) Importer(2089858483,b0f066a214c2f5e87bad3c948f4d605d)
Start importing Packages/com.unity.collab-proxy/Editor/Diff/Asset using Guid(e9c18861072146ca91af22a8a8dbab9d) Importer(2089858483,b0f066a214c2f5e87bad3c948f4d605d) (ScriptedImporter) -> (artifact id: 'fd2e6d492a883a3cc59fbfd9a81ead25') in 0.00229475 seconds
Number of updated asset objects reloaded before import = 0Number of asset objects unloaded after import = 1

========================================================================
Received Import Request.
  Time since last request: 0.000053 seconds.
  path: Packages/com.unity.shadergraph/Editor/Generation/Utils
  artifactKey: Guid(a776ae8783d76794ead8bbefa7461cb8) Importer(2089858483,b0f066a214c2f5e87bad3c948f4d605d)
Start importing Packages/com.unity.shadergraph/Editor/Generation/Utils using Guid(a776ae8783d76794ead8bbefa7461cb8) Importer(2089858483,b0f066a214c2f5e87bad3c948f4d605d) (ScriptedImporter) -> (artifact id: '8e20ac2b0d620f9692b95dc8a55001b2') in 0.002599542 seconds
Number of updated asset objects reloaded before import = 0Number of asset objects unloaded after import = 1

========================================================================
Received Import Request.
  Time since last request: 0.000053 seconds.
  path: Packages/com.unity.test-framework/UnityEditor.TestRunner/UnityTestProtocol/Messages
  artifactKey: Guid(9ea154c33fd8466f973f004e5c962df7) Importer(2089858483,b0f066a214c2f5e87bad3c948f4d605d)
Start importing Packages/com.unity.test-framework/UnityEditor.TestRunner/UnityTestProtocol/Messages using Guid(9ea154c33fd8466f973f004e5c962df7) Importer(2089858483,b0f066a214c2f5e87bad3c948f4d605d) (ScriptedImporter) -> (artifact id: 'eddb4789bf26ba7d570f9bf6e1fd8502') in 0.002343375 seconds
Number of updated asset objects reloaded before import = 0Number of asset objects unloaded after import = 1

========================================================================
Received Import Request.
  Time since last request: 0.000046 seconds.
  path: Packages/com.unity.render-pipelines.core/Editor/Material
  artifactKey: Guid(eb290baa39b761244b157cbd10673e0c) Importer(2089858483,b0f066a214c2f5e87bad3c948f4d605d)
Start importing Packages/com.unity.render-pipelines.core/Editor/Material using Guid(eb290baa39b761244b157cbd10673e0c) Importer(2089858483,b0f066a214c2f5e87bad3c948f4d605d) (ScriptedImporter) -> (artifact id: '8cb8cdc744f900b7cdb2c649321c8f92') in 0.00270925 seconds
Number of updated asset objects reloaded before import = 0Number of asset objects unloaded after import = 1

========================================================================
Received Import Request.
  Time since last request: 0.000050 seconds.
  path: Packages/com.unity.collab-proxy/Editor/Diff/Asset/Diff/Filtering
  artifactKey: Guid(9831c3a3f4a4645309f76e99ac9844c2) Importer(2089858483,b0f066a214c2f5e87bad3c948f4d605d)
Start importing Packages/com.unity.collab-proxy/Editor/Diff/Asset/Diff/Filtering using Guid(9831c3a3f4a4645309f76e99ac9844c2) Importer(2089858483,b0f066a214c2f5e87bad3c948f4d605d) (ScriptedImporter) -> (artifact id: '84fd341c0a7011df7fca29971dad5068') in 0.002301458 seconds
Number of updated asset objects reloaded before import = 0Number of asset objects unloaded after import = 1

========================================================================
Received Import Request.
  Time since last request: 0.000043 seconds.
  path: Packages/com.unity.2d.psdimporter/Editor/PSDPlugin/PsdFile/ImageResources
  artifactKey: Guid(f6b2d5715ac4ed8478b3819e8fe5918a) Importer(2089858483,b0f066a214c2f5e87bad3c948f4d605d)
Start importing Packages/com.unity.2d.psdimporter/Editor/PSDPlugin/PsdFile/ImageResources using Guid(f6b2d5715ac4ed8478b3819e8fe5918a) Importer(2089858483,b0f066a214c2f5e87bad3c948f4d605d) (ScriptedImporter) -> (artifact id: 'ed9ab28485fae2c428f60d8017bbd71e') in 0.002190125 seconds
Number of updated asset objects reloaded before import = 0Number of asset objects unloaded after import = 1

========================================================================
Received Import Request.
  Time since last request: 0.000051 seconds.
  path: Packages/com.unity.render-pipelines.universal/Shaders/Nature
  artifactKey: Guid(4cbffddcbed277c40a97feee7c42e857) Importer(2089858483,b0f066a214c2f5e87bad3c948f4d605d)
Start importing Packages/com.unity.render-pipelines.universal/Shaders/Nature using Guid(4cbffddcbed277c40a97feee7c42e857) Importer(2089858483,b0f066a214c2f5e87bad3c948f4d605d) (ScriptedImporter) -> (artifact id: '0f0f25f0def98cd5ff07860177d70a29') in 0.002132084 seconds
Number of updated asset objects reloaded before import = 0Number of asset objects unloaded after import = 1

========================================================================
Received Import Request.
  Time since last request: 0.000073 seconds.
  path: Packages/com.unity.visualscripting/Editor/VisualScripting.Core/Debugging
  artifactKey: Guid(86a49d8e5054c4feabbfe4a69b32683b) Importer(2089858483,b0f066a214c2f5e87bad3c948f4d605d)
Start importing Packages/com.unity.visualscripting/Editor/VisualScripting.Core/Debugging using Guid(86a49d8e5054c4feabbfe4a69b32683b) Importer(2089858483,b0f066a214c2f5e87bad3c948f4d605d) (ScriptedImporter) -> (artifact id: '4448d9d7ed6e390aa1beed0137298cda') in 0.002349917 seconds
Number of updated asset objects reloaded before import = 0Number of asset objects unloaded after import = 1

========================================================================
Received Import Request.
  Time since last request: 0.000046 seconds.
  path: Packages/com.unity.visualscripting/Runtime/VisualScripting.Core/Macros
  artifactKey: Guid(66acd7dd06f644734a144e80d51af491) Importer(2089858483,b0f066a214c2f5e87bad3c948f4d605d)
Start importing Packages/com.unity.visualscripting/Runtime/VisualScripting.Core/Macros using Guid(66acd7dd06f644734a144e80d51af491) Importer(2089858483,b0f066a214c2f5e87bad3c948f4d605d) (ScriptedImporter) -> (artifact id: '07145615135989d172de25a507a89073') in 0.002370417 seconds
Number of updated asset objects reloaded before import = 0Number of asset objects unloaded after import = 1

========================================================================
Received Import Request.
  Time since last request: 0.000047 seconds.
  path: Packages/com.unity.inputsystem/InputSystem/Editor/Devices
  artifactKey: Guid(48b3efd3f5d914c53a4b7be35baf09a9) Importer(2089858483,b0f066a214c2f5e87bad3c948f4d605d)
Start importing Packages/com.unity.inputsystem/InputSystem/Editor/Devices using Guid(48b3efd3f5d914c53a4b7be35baf09a9) Importer(2089858483,b0f066a214c2f5e87bad3c948f4d605d) (ScriptedImporter) -> (artifact id: '279ae44bfca1537a0c81344823de6458') in 0.00198075 seconds
Number of updated asset objects reloaded before import = 0Number of asset objects unloaded after import = 1

========================================================================
Received Import Request.
  Time since last request: 0.000050 seconds.
  path: Packages/com.unity.render-pipelines.universal/Runtime/Materials/ArnoldStandardSurface
  artifactKey: Guid(dadc0db69503dfa4eb1c96a19590f95c) Importer(2089858483,b0f066a214c2f5e87bad3c948f4d605d)
Start importing Packages/com.unity.render-pipelines.universal/Runtime/Materials/ArnoldStandardSurface using Guid(dadc0db69503dfa4eb1c96a19590f95c) Importer(2089858483,b0f066a214c2f5e87bad3c948f4d605d) (ScriptedImporter) -> (artifact id: '9011cbf510291c4a6db485e09448f80e') in 0.002180916 seconds
Number of updated asset objects reloaded before import = 0Number of asset objects unloaded after import = 1

========================================================================
Received Import Request.
  Time since last request: 0.000050 seconds.
  path: Packages/com.unity.visualscripting/Runtime/VisualScripting.Core/Ensure/Extensions
  artifactKey: Guid(9f69b51c7e4bf47d6bfa7b05c1e192f7) Importer(2089858483,b0f066a214c2f5e87bad3c948f4d605d)
Start importing Packages/com.unity.visualscripting/Runtime/VisualScripting.Core/Ensure/Extensions using Guid(9f69b51c7e4bf47d6bfa7b05c1e192f7) Importer(2089858483,b0f066a214c2f5e87bad3c948f4d605d) (ScriptedImporter) -> (artifact id: '139df747e590ddf9a12102033da73d35') in 0.002293958 seconds
Number of updated asset objects reloaded before import = 0Number of asset objects unloaded after import = 1

========================================================================
Received Import Request.
  Time since last request: 0.000051 seconds.
  path: Packages/com.unity.timeline/Editor/Animation
  artifactKey: Guid(3174898fbcdf12448963cdb5f5b60a33) Importer(2089858483,b0f066a214c2f5e87bad3c948f4d605d)
Start importing Packages/com.unity.timeline/Editor/Animation using Guid(3174898fbcdf12448963cdb5f5b60a33) Importer(2089858483,b0f066a214c2f5e87bad3c948f4d605d) (ScriptedImporter) -> (artifact id: 'f3a0a4f9c76db4fe916d5857995b7e44') in 0.002420542 seconds
Number of updated asset objects reloaded before import = 0Number of asset objects unloaded after import = 1

========================================================================
Received Import Request.
  Time since last request: 0.000050 seconds.
  path: Packages/com.unity.visualscripting/Runtime/VisualScripting.Core/Exceptions
  artifactKey: Guid(de71607b17af64bd6905e93e93a2f11c) Importer(2089858483,b0f066a214c2f5e87bad3c948f4d605d)
Start importing Packages/com.unity.visualscripting/Runtime/VisualScripting.Core/Exceptions using Guid(de71607b17af64bd6905e93e93a2f11c) Importer(2089858483,b0f066a214c2f5e87bad3c948f4d605d) (ScriptedImporter) -> (artifact id: '1796fcb9d2f539e62fedbcc3a40c9e78') in 0.001999125 seconds
Number of updated asset objects reloaded before import = 0Number of asset objects unloaded after import = 1

========================================================================
Received Import Request.
  Time since last request: 0.000050 seconds.
  path: Packages/com.unity.shadergraph/Editor/Data/Nodes/Math/Interpolation
  artifactKey: Guid(458e098c89ad64ed3a48cb5f63a5a498) Importer(2089858483,b0f066a214c2f5e87bad3c948f4d605d)
Start importing Packages/com.unity.shadergraph/Editor/Data/Nodes/Math/Interpolation using Guid(458e098c89ad64ed3a48cb5f63a5a498) Importer(2089858483,b0f066a214c2f5e87bad3c948f4d605d) (ScriptedImporter) -> (artifact id: 'fecdb3b39d8c6d3a250e2562ebfc98b5') in 0.005141833 seconds
Number of updated asset objects reloaded before import = 0Number of asset objects unloaded after import = 1

========================================================================
Received Import Request.
  Time since last request: 0.000048 seconds.
  path: Packages/com.unity.inputsystem/InputSystem/Editor/Plugins/Steam
  artifactKey: Guid(0a40837a6cb5749b69436d6839711335) Importer(2089858483,b0f066a214c2f5e87bad3c948f4d605d)
Start importing Packages/com.unity.inputsystem/InputSystem/Editor/Plugins/Steam using Guid(0a40837a6cb5749b69436d6839711335) Importer(2089858483,b0f066a214c2f5e87bad3c948f4d605d) (ScriptedImporter) -> (artifact id: 'a98147d59ebc997bea848b766e22a85e') in 0.002351959 seconds
Number of updated asset objects reloaded before import = 0Number of asset objects unloaded after import = 1

========================================================================
Received Import Request.
  Time since last request: 0.000052 seconds.
  path: Packages/com.unity.mathematics/Unity.Mathematics/Noise
  artifactKey: Guid(abc6c021d7cd541b3956a3969c8c3ccb) Importer(2089858483,b0f066a214c2f5e87bad3c948f4d605d)
Start importing Packages/com.unity.mathematics/Unity.Mathematics/Noise using Guid(abc6c021d7cd541b3956a3969c8c3ccb) Importer(2089858483,b0f066a214c2f5e87bad3c948f4d605d) (ScriptedImporter) -> (artifact id: '8823d5f421cc8541150a438a1ac5fae5') in 0.002089583 seconds
Number of updated asset objects reloaded before import = 0Number of asset objects unloaded after import = 1

========================================================================
Received Import Request.
  Time since last request: 0.000046 seconds.
  path: Packages/com.unity.shadergraph/Editor/Utilities
  artifactKey: Guid(f09c1bd643b38480bba505d3a9023457) Importer(2089858483,b0f066a214c2f5e87bad3c948f4d605d)
Start importing Packages/com.unity.shadergraph/Editor/Utilities using Guid(f09c1bd643b38480bba505d3a9023457) Importer(2089858483,b0f066a214c2f5e87bad3c948f4d605d) (ScriptedImporter) -> (artifact id: 'e70539291335633b50fe12dbd4f369fd') in 0.002239875 seconds
Number of updated asset objects reloaded before import = 0Number of asset objects unloaded after import = 1

========================================================================
Received Import Request.
  Time since last request: 0.000055 seconds.
  path: Packages/com.unity.2d.common/Editor/InternalBridge
  artifactKey: Guid(d59d6a57d3f6f4f17bbf31e5a13966e8) Importer(2089858483,b0f066a214c2f5e87bad3c948f4d605d)
Start importing Packages/com.unity.2d.common/Editor/InternalBridge using Guid(d59d6a57d3f6f4f17bbf31e5a13966e8) Importer(2089858483,b0f066a214c2f5e87bad3c948f4d605d) (ScriptedImporter) -> (artifact id: '32ce8dc61f282387d19f132173d311fc') in 0.002264666 seconds
Number of updated asset objects reloaded before import = 0Number of asset objects unloaded after import = 1

========================================================================
Received Import Request.
  Time since last request: 0.000053 seconds.
  path: Packages/com.unity.2d.tilemap.extras/Runtime/GridInformation
  artifactKey: Guid(ecefc247a9b423b4f8398f5e03d27f76) Importer(2089858483,b0f066a214c2f5e87bad3c948f4d605d)
Start importing Packages/com.unity.2d.tilemap.extras/Runtime/GridInformation using Guid(ecefc247a9b423b4f8398f5e03d27f76) Importer(2089858483,b0f066a214c2f5e87bad3c948f4d605d) (ScriptedImporter) -> (artifact id: 'e69da48f51ce2907b40fc2947b396503') in 0.002343958 seconds
Number of updated asset objects reloaded before import = 0Number of asset objects unloaded after import = 1

========================================================================
Received Import Request.
  Time since last request: 0.000043 seconds.
  path: Packages/com.unity.ugui/Tests/Editor/UGUI/RectMask2D
  artifactKey: Guid(305ca32be1aa5504aa182f583895dfe4) Importer(2089858483,b0f066a214c2f5e87bad3c948f4d605d)
Start importing Packages/com.unity.ugui/Tests/Editor/UGUI/RectMask2D using Guid(305ca32be1aa5504aa182f583895dfe4) Importer(2089858483,b0f066a214c2f5e87bad3c948f4d605d) (ScriptedImporter) -> (artifact id: '9cc3fbc42537749ba5d7faa26a3554b2') in 0.002533125 seconds
Number of updated asset objects reloaded before import = 0Number of asset objects unloaded after import = 1

========================================================================
Received Import Request.
  Time since last request: 0.000053 seconds.
  path: Packages/com.unity.visualscripting/Editor/VisualScripting.State/Flow
  artifactKey: Guid(c49d3c6b3c0954e528e5020c1c49acfa) Importer(2089858483,b0f066a214c2f5e87bad3c948f4d605d)
Start importing Packages/com.unity.visualscripting/Editor/VisualScripting.State/Flow using Guid(c49d3c6b3c0954e528e5020c1c49acfa) Importer(2089858483,b0f066a214c2f5e87bad3c948f4d605d) (ScriptedImporter) -> (artifact id: 'c683be842f214772fef0bd2f3d67eb29') in 0.002298084 seconds
Number of updated asset objects reloaded before import = 0Number of asset objects unloaded after import = 1

========================================================================
Received Import Request.
  Time since last request: 0.000122 seconds.
  path: Packages/com.unity.ugui/Tests/Runtime/UGUI/Canvas
  artifactKey: Guid(9a3557da07c729b4eb774b8e30e157a4) Importer(2089858483,b0f066a214c2f5e87bad3c948f4d605d)
Start importing Packages/com.unity.ugui/Tests/Runtime/UGUI/Canvas using Guid(9a3557da07c729b4eb774b8e30e157a4) Importer(2089858483,b0f066a214c2f5e87bad3c948f4d605d) (ScriptedImporter) -> (artifact id: '4352f5eeea45a9aa2c012dc801b0aef8') in 0.002718542 seconds
Number of updated asset objects reloaded before import = 0Number of asset objects unloaded after import = 1

========================================================================
Received Import Request.
  Time since last request: 0.000049 seconds.
  path: Packages/com.unity.inputsystem/InputSystem/Runtime/Plugins/Steam
  artifactKey: Guid(a3e712d7ab2114ca4960246b0d5e6215) Importer(2089858483,b0f066a214c2f5e87bad3c948f4d605d)
Start importing Packages/com.unity.inputsystem/InputSystem/Runtime/Plugins/Steam using Guid(a3e712d7ab2114ca4960246b0d5e6215) Importer(2089858483,b0f066a214c2f5e87bad3c948f4d605d) (ScriptedImporter) -> (artifact id: '389dee2378cef1e4246d5d7fbf40630c') in 0.003361375 seconds
Number of updated asset objects reloaded before import = 0Number of asset objects unloaded after import = 1

========================================================================
Received Import Request.
  Time since last request: 0.000059 seconds.
  path: Packages/com.unity.collab-proxy/Editor/_Deprecated
  artifactKey: Guid(460bc4c86d5275f4a841402ec597d2f1) Importer(2089858483,b0f066a214c2f5e87bad3c948f4d605d)
Start importing Packages/com.unity.collab-proxy/Editor/_Deprecated using Guid(460bc4c86d5275f4a841402ec597d2f1) Importer(2089858483,b0f066a214c2f5e87bad3c948f4d605d) (ScriptedImporter) -> (artifact id: '321378e47ad562e4d04bcc70aae6a890') in 0.003946375 seconds
Number of updated asset objects reloaded before import = 0Number of asset objects unloaded after import = 1

========================================================================
Received Import Request.
  Time since last request: 0.000054 seconds.
  path: Packages/com.unity.2d.spriteshape/Runtime
  artifactKey: Guid(825aa2422a5cc4c60b5eb787fe31a9a6) Importer(2089858483,b0f066a214c2f5e87bad3c948f4d605d)
Start importing Packages/com.unity.2d.spriteshape/Runtime using Guid(825aa2422a5cc4c60b5eb787fe31a9a6) Importer(2089858483,b0f066a214c2f5e87bad3c948f4d605d) (ScriptedImporter) -> (artifact id: '7a3585375f1bb02102f4dbecb64e4810') in 0.002211625 seconds
Number of updated asset objects reloaded before import = 0Number of asset objects unloaded after import = 1

========================================================================
Received Import Request.
  Time since last request: 0.000073 seconds.
  path: Packages/com.unity.2d.common
  artifactKey: Guid(0e219626a6fbd3aa17fc090758e68804) Importer(2089858483,b0f066a214c2f5e87bad3c948f4d605d)
Start importing Packages/com.unity.2d.common using Guid(0e219626a6fbd3aa17fc090758e68804) Importer(2089858483,b0f066a214c2f5e87bad3c948f4d605d) (ScriptedImporter) -> (artifact id: '1e79a4c26e7cb1dafe999165d448908b') in 0.003453583 seconds
Number of updated asset objects reloaded before import = 0Number of asset objects unloaded after import = 1

========================================================================
Received Import Request.
  Time since last request: 0.000056 seconds.
  path: Packages/com.unity.render-pipelines.core/Runtime/Vrs
  artifactKey: Guid(cc1099d95a4ee3849a01da5826056b1f) Importer(2089858483,b0f066a214c2f5e87bad3c948f4d605d)
Start importing Packages/com.unity.render-pipelines.core/Runtime/Vrs using Guid(cc1099d95a4ee3849a01da5826056b1f) Importer(2089858483,b0f066a214c2f5e87bad3c948f4d605d) (ScriptedImporter) -> (artifact id: 'bec39998dc7918e83233e4322510f26d') in 0.002422792 seconds
Number of updated asset objects reloaded before import = 0Number of asset objects unloaded after import = 1

========================================================================
Received Import Request.
  Time since last request: 0.000050 seconds.
  path: Packages/com.unity.shadergraph/Editor/Drawing/Inspector
  artifactKey: Guid(1d1f4aaa81084a13aaeb78dfaf7d35d7) Importer(2089858483,b0f066a214c2f5e87bad3c948f4d605d)
Start importing Packages/com.unity.shadergraph/Editor/Drawing/Inspector using Guid(1d1f4aaa81084a13aaeb78dfaf7d35d7) Importer(2089858483,b0f066a214c2f5e87bad3c948f4d605d) (ScriptedImporter) -> (artifact id: 'ebda6a42c958113c61f013baf2b450c2') in 0.001745875 seconds
Number of updated asset objects reloaded before import = 0Number of asset objects unloaded after import = 1

========================================================================
Received Import Request.
  Time since last request: 0.000046 seconds.
  path: Packages/com.unity.collab-proxy/Lib/Editor/TextMateSharp/Onigwrap
  artifactKey: Guid(03c97d2f23ded48079ad5fe5e05367e2) Importer(2089858483,b0f066a214c2f5e87bad3c948f4d605d)
Start importing Packages/com.unity.collab-proxy/Lib/Editor/TextMateSharp/Onigwrap using Guid(03c97d2f23ded48079ad5fe5e05367e2) Importer(2089858483,b0f066a214c2f5e87bad3c948f4d605d) (ScriptedImporter) -> (artifact id: '44686d63bbb2f494d971885b0c048f9b') in 0.001806375 seconds
Number of updated asset objects reloaded before import = 0Number of asset objects unloaded after import = 1

========================================================================
Received Import Request.
  Time since last request: 0.000061 seconds.
  path: Packages/com.unity.2d.tilemap.extras/Runtime/Tiles/RuleOverrideTile
  artifactKey: Guid(3404b3ef5c8133646b532504aef95120) Importer(2089858483,b0f066a214c2f5e87bad3c948f4d605d)
Start importing Packages/com.unity.2d.tilemap.extras/Runtime/Tiles/RuleOverrideTile using Guid(3404b3ef5c8133646b532504aef95120) Importer(2089858483,b0f066a214c2f5e87bad3c948f4d605d) (ScriptedImporter) -> (artifact id: 'b216cc54b07f2eb05226af88f3bb3bfa') in 0.002277625 seconds
Number of updated asset objects reloaded before import = 0Number of asset objects unloaded after import = 1

========================================================================
Received Import Request.
  Time since last request: 0.000045 seconds.
  path: Packages/com.unity.render-pipelines.core/Runtime/RenderGraph/Debug
  artifactKey: Guid(0543e23b6a0f25741b67b1bee0292e70) Importer(2089858483,b0f066a214c2f5e87bad3c948f4d605d)
Start importing Packages/com.unity.render-pipelines.core/Runtime/RenderGraph/Debug using Guid(0543e23b6a0f25741b67b1bee0292e70) Importer(2089858483,b0f066a214c2f5e87bad3c948f4d605d) (ScriptedImporter) -> (artifact id: 'dfdd0bc58d60bb79feba286539edfe59') in 0.002356833 seconds
Number of updated asset objects reloaded before import = 0Number of asset objects unloaded after import = 1

========================================================================
Received Import Request.
  Time since last request: 0.000046 seconds.
  path: Packages/com.unity.test-framework/UnityEditor.TestRunner/GUI/TestAssets
  artifactKey: Guid(92e3104769da143888a712cdea27d950) Importer(2089858483,b0f066a214c2f5e87bad3c948f4d605d)
Start importing Packages/com.unity.test-framework/UnityEditor.TestRunner/GUI/TestAssets using Guid(92e3104769da143888a712cdea27d950) Importer(2089858483,b0f066a214c2f5e87bad3c948f4d605d) (ScriptedImporter) -> (artifact id: 'ac1c956e76d05420a9ac222ad32474b1') in 0.002144209 seconds
Number of updated asset objects reloaded before import = 0Number of asset objects unloaded after import = 1

========================================================================
Received Import Request.
  Time since last request: 0.000040 seconds.
  path: Packages/com.unity.collab-proxy/Editor/Diff/Asset/Content/Property
  artifactKey: Guid(018268bdd48d54121b0fe237a6571615) Importer(2089858483,b0f066a214c2f5e87bad3c948f4d605d)
Start importing Packages/com.unity.collab-proxy/Editor/Diff/Asset/Content/Property using Guid(018268bdd48d54121b0fe237a6571615) Importer(2089858483,b0f066a214c2f5e87bad3c948f4d605d) (ScriptedImporter) -> (artifact id: '087446ad347a6410838eda7a8100ff9d') in 0.002818125 seconds
Number of updated asset objects reloaded before import = 0Number of asset objects unloaded after import = 1

========================================================================
Received Import Request.
  Time since last request: 0.000048 seconds.
  path: Packages/com.unity.2d.sprite/Editor/SpriteEditorModule
  artifactKey: Guid(ab4bbc8deeeb005438fa5034a454be7b) Importer(2089858483,b0f066a214c2f5e87bad3c948f4d605d)
Start importing Packages/com.unity.2d.sprite/Editor/SpriteEditorModule using Guid(ab4bbc8deeeb005438fa5034a454be7b) Importer(2089858483,b0f066a214c2f5e87bad3c948f4d605d) (ScriptedImporter) -> (artifact id: 'a2e98309b86c7a5657510efc302039d7') in 0.002196875 seconds
Number of updated asset objects reloaded before import = 0Number of asset objects unloaded after import = 1

========================================================================
Received Import Request.
  Time since last request: 0.000050 seconds.
  path: Packages/com.unity.collab-proxy/Editor/Views/Merge/Developer/DirectoryConflicts
  artifactKey: Guid(5b3802c1581ef894d83aa9fcb7ace84c) Importer(2089858483,b0f066a214c2f5e87bad3c948f4d605d)
Start importing Packages/com.unity.collab-proxy/Editor/Views/Merge/Developer/DirectoryConflicts using Guid(5b3802c1581ef894d83aa9fcb7ace84c) Importer(2089858483,b0f066a214c2f5e87bad3c948f4d605d) (ScriptedImporter) -> (artifact id: 'd97abee5107a40cce1c8cba6099bd48d') in 0.002481833 seconds
Number of updated asset objects reloaded before import = 0Number of asset objects unloaded after import = 1

========================================================================
Received Import Request.
  Time since last request: 0.000043 seconds.
  path: Packages/com.unity.2d.psdimporter/Editor/Assets/Icons/Light
  artifactKey: Guid(00c7de9129a3f41a3a38bd1c2d5a057f) Importer(2089858483,b0f066a214c2f5e87bad3c948f4d605d)
Start importing Packages/com.unity.2d.psdimporter/Editor/Assets/Icons/Light using Guid(00c7de9129a3f41a3a38bd1c2d5a057f) Importer(2089858483,b0f066a214c2f5e87bad3c948f4d605d) (ScriptedImporter) -> (artifact id: '31797bea76819ab2a36b8e8d3f353f3b') in 0.002047 seconds
Number of updated asset objects reloaded before import = 0Number of asset objects unloaded after import = 1

========================================================================
Received Import Request.
  Time since last request: 0.000045 seconds.
  path: Packages/com.unity.test-framework/UnityEditor.TestRunner/TestRun
  artifactKey: Guid(8721cb2237d4a564a94a51f56243bdac) Importer(2089858483,b0f066a214c2f5e87bad3c948f4d605d)
Start importing Packages/com.unity.test-framework/UnityEditor.TestRunner/TestRun using Guid(8721cb2237d4a564a94a51f56243bdac) Importer(2089858483,b0f066a214c2f5e87bad3c948f4d605d) (ScriptedImporter) -> (artifact id: '259c52bfc1d01554364fdfa74c3f5aa5') in 0.001953833 seconds
Number of updated asset objects reloaded before import = 0Number of asset objects unloaded after import = 1

========================================================================
Received Import Request.
  Time since last request: 0.000045 seconds.
  path: Packages/com.unity.visualscripting/Editor/VisualScripting.Core/Inspection/Reflection
  artifactKey: Guid(e6ed863584a0244939f99ef91a290603) Importer(2089858483,b0f066a214c2f5e87bad3c948f4d605d)
Start importing Packages/com.unity.visualscripting/Editor/VisualScripting.Core/Inspection/Reflection using Guid(e6ed863584a0244939f99ef91a290603) Importer(2089858483,b0f066a214c2f5e87bad3c948f4d605d) (ScriptedImporter) -> (artifact id: 'cb1e637db54c8bbdb1c2fa65dad3a0b4') in 0.002480916 seconds
Number of updated asset objects reloaded before import = 0Number of asset objects unloaded after import = 1

========================================================================
Received Import Request.
  Time since last request: 0.000046 seconds.
  path: Packages/com.unity.collab-proxy/Editor/UVCSToolbar/PopupWindow/Operations
  artifactKey: Guid(22d315e8026b2304fb40b8cc8fdc1dac) Importer(2089858483,b0f066a214c2f5e87bad3c948f4d605d)
Start importing Packages/com.unity.collab-proxy/Editor/UVCSToolbar/PopupWindow/Operations using Guid(22d315e8026b2304fb40b8cc8fdc1dac) Importer(2089858483,b0f066a214c2f5e87bad3c948f4d605d) (ScriptedImporter) -> (artifact id: 'cfb63f0eddd34c1bd4f3447ded6077a0') in 0.002175667 seconds
Number of updated asset objects reloaded before import = 0Number of asset objects unloaded after import = 1

========================================================================
Received Import Request.
  Time since last request: 0.000048 seconds.
  path: Packages/com.unity.2d.animation/Editor/SpriteLib
  artifactKey: Guid(812e6d50069f481418d0b7aa82a45408) Importer(2089858483,b0f066a214c2f5e87bad3c948f4d605d)
Start importing Packages/com.unity.2d.animation/Editor/SpriteLib using Guid(812e6d50069f481418d0b7aa82a45408) Importer(2089858483,b0f066a214c2f5e87bad3c948f4d605d) (ScriptedImporter) -> (artifact id: '06c98103119ab49db35eb316884e88e5') in 0.002780792 seconds
Number of updated asset objects reloaded before import = 0Number of asset objects unloaded after import = 1

========================================================================
Received Import Request.
  Time since last request: 0.000052 seconds.
  path: Packages/com.unity.timeline/Editor/Utilities
  artifactKey: Guid(a73ebdb6c1006364f8c7b37dc53d8ab7) Importer(2089858483,b0f066a214c2f5e87bad3c948f4d605d)
Start importing Packages/com.unity.timeline/Editor/Utilities using Guid(a73ebdb6c1006364f8c7b37dc53d8ab7) Importer(2089858483,b0f066a214c2f5e87bad3c948f4d605d) (ScriptedImporter) -> (artifact id: '4658d21d4e8e18c4d730ae204d0360f4') in 0.002272917 seconds
Number of updated asset objects reloaded before import = 0Number of asset objects unloaded after import = 1

========================================================================
Received Import Request.
  Time since last request: 0.000062 seconds.
  path: Packages/com.unity.collab-proxy/Editor/Diff/Asset/Common/Property
  artifactKey: Guid(d0a9ebc8de8b8428fae0574a3a7abc3f) Importer(2089858483,b0f066a214c2f5e87bad3c948f4d605d)
Start importing Packages/com.unity.collab-proxy/Editor/Diff/Asset/Common/Property using Guid(d0a9ebc8de8b8428fae0574a3a7abc3f) Importer(2089858483,b0f066a214c2f5e87bad3c948f4d605d) (ScriptedImporter) -> (artifact id: '65f79a0ad97e36e81779ccd56f845c87') in 0.002399 seconds
Number of updated asset objects reloaded before import = 0Number of asset objects unloaded after import = 1

========================================================================
Received Import Request.
  Time since last request: 0.000048 seconds.
  path: Packages/com.unity.collab-proxy/Editor/Configuration/TeamEdition
  artifactKey: Guid(e9d092d8c9e8ffe48882f0c22e0e880d) Importer(2089858483,b0f066a214c2f5e87bad3c948f4d605d)
Start importing Packages/com.unity.collab-proxy/Editor/Configuration/TeamEdition using Guid(e9d092d8c9e8ffe48882f0c22e0e880d) Importer(2089858483,b0f066a214c2f5e87bad3c948f4d605d) (ScriptedImporter) -> (artifact id: '1b9ce5f411c50965057254d078fef5e6') in 0.001974833 seconds
Number of updated asset objects reloaded before import = 0Number of asset objects unloaded after import = 1

========================================================================
Received Import Request.
  Time since last request: 0.000063 seconds.
  path: Packages/com.unity.test-framework/UnityEngine.TestRunner
  artifactKey: Guid(950890083f4907541a6ed06d70959e49) Importer(2089858483,b0f066a214c2f5e87bad3c948f4d605d)
Start importing Packages/com.unity.test-framework/UnityEngine.TestRunner using Guid(950890083f4907541a6ed06d70959e49) Importer(2089858483,b0f066a214c2f5e87bad3c948f4d605d) (ScriptedImporter) -> (artifact id: '3979489e49259fb3b88c3404fa896997') in 0.002107459 seconds
Number of updated asset objects reloaded before import = 0Number of asset objects unloaded after import = 1

========================================================================
Received Import Request.
  Time since last request: 0.000085 seconds.
  path: Packages/com.unity.ugui/Tests/Runtime/UGUI/Image
  artifactKey: Guid(1091bc2ad06e3234aac2b2fa2841c09d) Importer(2089858483,b0f066a214c2f5e87bad3c948f4d605d)
Start importing Packages/com.unity.ugui/Tests/Runtime/UGUI/Image using Guid(1091bc2ad06e3234aac2b2fa2841c09d) Importer(2089858483,b0f066a214c2f5e87bad3c948f4d605d) (ScriptedImporter) -> (artifact id: '34cd3d7280b78fe959e36656a260454f') in 0.002262 seconds
Number of updated asset objects reloaded before import = 0Number of asset objects unloaded after import = 1

========================================================================
Received Import Request.
  Time since last request: 0.000041 seconds.
  path: Packages/com.unity.visualscripting/Runtime/VisualScripting.Flow/Framework/Nulls
  artifactKey: Guid(06ac41c1fd292410bb1f24a3a0c7b68e) Importer(2089858483,b0f066a214c2f5e87bad3c948f4d605d)
Start importing Packages/com.unity.visualscripting/Runtime/VisualScripting.Flow/Framework/Nulls using Guid(06ac41c1fd292410bb1f24a3a0c7b68e) Importer(2089858483,b0f066a214c2f5e87bad3c948f4d605d) (ScriptedImporter) -> (artifact id: '43114c5a8eb94dec61b0318b5609c10d') in 0.003894917 seconds
Number of updated asset objects reloaded before import = 0Number of asset objects unloaded after import = 1

========================================================================
Received Import Request.
  Time since last request: 0.000043 seconds.
  path: Packages/com.unity.shadergraph/Editor/Data/Nodes/Math/Trigonometry
  artifactKey: Guid(28b2b06f6ff88404c8c0d855b9599203) Importer(2089858483,b0f066a214c2f5e87bad3c948f4d605d)
Start importing Packages/com.unity.shadergraph/Editor/Data/Nodes/Math/Trigonometry using Guid(28b2b06f6ff88404c8c0d855b9599203) Importer(2089858483,b0f066a214c2f5e87bad3c948f4d605d) (ScriptedImporter) -> (artifact id: 'de150cb12ba479d96e5aa557788949a4') in 0.002163542 seconds
Number of updated asset objects reloaded before import = 0Number of asset objects unloaded after import = 1

========================================================================
Received Import Request.
  Time since last request: 0.000060 seconds.
  path: Packages/com.unity.visualscripting/Runtime/VisualScripting.Core/Profiling
  artifactKey: Guid(9f6b71078904046dd918bd52bb75fc82) Importer(2089858483,b0f066a214c2f5e87bad3c948f4d605d)
Start importing Packages/com.unity.visualscripting/Runtime/VisualScripting.Core/Profiling using Guid(9f6b71078904046dd918bd52bb75fc82) Importer(2089858483,b0f066a214c2f5e87bad3c948f4d605d) (ScriptedImporter) -> (artifact id: '5d9d82b3854354a40447f80d76af33a4') in 0.001935959 seconds
Number of updated asset objects reloaded before import = 0Number of asset objects unloaded after import = 1

========================================================================
Received Import Request.
  Time since last request: 0.000055 seconds.
  path: Packages/com.unity.collab-proxy/Editor/UI/UndoRedo
  artifactKey: Guid(aed2b943076bcc2498a95dbd61af50da) Importer(2089858483,b0f066a214c2f5e87bad3c948f4d605d)
Start importing Packages/com.unity.collab-proxy/Editor/UI/UndoRedo using Guid(aed2b943076bcc2498a95dbd61af50da) Importer(2089858483,b0f066a214c2f5e87bad3c948f4d605d) (ScriptedImporter) -> (artifact id: '6ee42b9e19e4f0958da68d0728d387bb') in 0.002323792 seconds
Number of updated asset objects reloaded before import = 0Number of asset objects unloaded after import = 1

========================================================================
Received Import Request.
  Time since last request: 0.000043 seconds.
  path: Packages/com.unity.visualscripting/Editor/VisualScripting.Core/Inspection/Root
  artifactKey: Guid(77f7cba16116d46b5a8f4254da914ccc) Importer(2089858483,b0f066a214c2f5e87bad3c948f4d605d)
Start importing Packages/com.unity.visualscripting/Editor/VisualScripting.Core/Inspection/Root using Guid(77f7cba16116d46b5a8f4254da914ccc) Importer(2089858483,b0f066a214c2f5e87bad3c948f4d605d) (ScriptedImporter) -> (artifact id: '54f728d440f126ace6b248a62d7b3d55') in 0.002333583 seconds
Number of updated asset objects reloaded before import = 0Number of asset objects unloaded after import = 1

========================================================================
Received Import Request.
  Time since last request: 0.000041 seconds.
  path: Packages/com.unity.timeline/Runtime/Playables
  artifactKey: Guid(8b7d06780fca6fc4384580d3ebed9219) Importer(2089858483,b0f066a214c2f5e87bad3c948f4d605d)
Start importing Packages/com.unity.timeline/Runtime/Playables using Guid(8b7d06780fca6fc4384580d3ebed9219) Importer(2089858483,b0f066a214c2f5e87bad3c948f4d605d) (ScriptedImporter) -> (artifact id: 'cf31b28673b2e162d162555eb8d742de') in 0.002355667 seconds
Number of updated asset objects reloaded before import = 0Number of asset objects unloaded after import = 1

========================================================================
Received Import Request.
  Time since last request: 0.000060 seconds.
  path: Packages/com.unity.shadergraph/Editor/Generation/Targets/Fullscreen/Includes
  artifactKey: Guid(67b87f1c65c508c429e1d957b33776b3) Importer(2089858483,b0f066a214c2f5e87bad3c948f4d605d)
Start importing Packages/com.unity.shadergraph/Editor/Generation/Targets/Fullscreen/Includes using Guid(67b87f1c65c508c429e1d957b33776b3) Importer(2089858483,b0f066a214c2f5e87bad3c948f4d605d) (ScriptedImporter) -> (artifact id: '894cfc299241b6cb3db059bd77e8a1cf') in 0.002251916 seconds
Number of updated asset objects reloaded before import = 0Number of asset objects unloaded after import = 1

========================================================================
Received Import Request.
  Time since last request: 0.000070 seconds.
  path: Packages/com.unity.timeline/Editor/Manipulators
  artifactKey: Guid(cae60a41b37427b48a00027b3e0fc1e6) Importer(2089858483,b0f066a214c2f5e87bad3c948f4d605d)
Start importing Packages/com.unity.timeline/Editor/Manipulators using Guid(cae60a41b37427b48a00027b3e0fc1e6) Importer(2089858483,b0f066a214c2f5e87bad3c948f4d605d) (ScriptedImporter) -> (artifact id: 'a320de144b0e5275e48e99faba768e3d') in 0.002485834 seconds
Number of updated asset objects reloaded before import = 0Number of asset objects unloaded after import = 1

========================================================================
Received Import Request.
  Time since last request: 0.000052 seconds.
  path: Packages/com.unity.collab-proxy/Lib/Editor/Localization
  artifactKey: Guid(2eb5ea14def0c1b4c8f1f287f85cab43) Importer(2089858483,b0f066a214c2f5e87bad3c948f4d605d)
Start importing Packages/com.unity.collab-proxy/Lib/Editor/Localization using Guid(2eb5ea14def0c1b4c8f1f287f85cab43) Importer(2089858483,b0f066a214c2f5e87bad3c948f4d605d) (ScriptedImporter) -> (artifact id: '33a061a70beff9d83b46d14c7001d4b7') in 0.002066542 seconds
Number of updated asset objects reloaded before import = 0Number of asset objects unloaded after import = 1

========================================================================
Received Import Request.
  Time since last request: 0.000048 seconds.
  path: Packages/com.unity.2d.sprite/Tests
  artifactKey: Guid(7e2656e167a517b4d8552ba38f4b7bbe) Importer(2089858483,b0f066a214c2f5e87bad3c948f4d605d)
Start importing Packages/com.unity.2d.sprite/Tests using Guid(7e2656e167a517b4d8552ba38f4b7bbe) Importer(2089858483,b0f066a214c2f5e87bad3c948f4d605d) (ScriptedImporter) -> (artifact id: '306d53f59dd9b862c942776d589d5d24') in 0.00240625 seconds
Number of updated asset objects reloaded before import = 0Number of asset objects unloaded after import = 1

========================================================================
Received Import Request.
  Time since last request: 0.000058 seconds.
  path: Packages/com.unity.inputsystem/InputSystem/Runtime/Devices/Remote
  artifactKey: Guid(b3be39d9a3c9496a9a619d6dc185f5f3) Importer(2089858483,b0f066a214c2f5e87bad3c948f4d605d)
Start importing Packages/com.unity.inputsystem/InputSystem/Runtime/Devices/Remote using Guid(b3be39d9a3c9496a9a619d6dc185f5f3) Importer(2089858483,b0f066a214c2f5e87bad3c948f4d605d) (ScriptedImporter) -> (artifact id: '5d6ca64676359d86980548f6b9adfee9') in 0.002459958 seconds
Number of updated asset objects reloaded before import = 0Number of asset objects unloaded after import = 1

========================================================================
Received Import Request.
  Time since last request: 0.000046 seconds.
  path: Packages/com.unity.render-pipelines.core/Editor/RenderGraph
  artifactKey: Guid(e13f2d6c38d76c24fb156d9537c72359) Importer(2089858483,b0f066a214c2f5e87bad3c948f4d605d)
Start importing Packages/com.unity.render-pipelines.core/Editor/RenderGraph using Guid(e13f2d6c38d76c24fb156d9537c72359) Importer(2089858483,b0f066a214c2f5e87bad3c948f4d605d) (ScriptedImporter) -> (artifact id: 'c431afa9b8431b59e1bdbe5f2bf2cc2c') in 0.00234325 seconds
Number of updated asset objects reloaded before import = 0Number of asset objects unloaded after import = 1

========================================================================
Received Import Request.
  Time since last request: 0.000068 seconds.
  path: Packages/com.unity.render-pipelines.universal/Editor/2D/ShaderGraph/Targets
  artifactKey: Guid(6235450d5ad64142aeb12e4f3cac5f72) Importer(2089858483,b0f066a214c2f5e87bad3c948f4d605d)
Start importing Packages/com.unity.render-pipelines.universal/Editor/2D/ShaderGraph/Targets using Guid(6235450d5ad64142aeb12e4f3cac5f72) Importer(2089858483,b0f066a214c2f5e87bad3c948f4d605d) (ScriptedImporter) -> (artifact id: '70e6bf0aa9041dd58a917ce4b536f04a') in 0.002370458 seconds
Number of updated asset objects reloaded before import = 0Number of asset objects unloaded after import = 1

========================================================================
Received Import Request.
  Time since last request: 0.000082 seconds.
  path: Packages/com.unity.shadergraph/Editor/Data/Interfaces/Graph
  artifactKey: Guid(20d63795c62940409089af61496db945) Importer(2089858483,b0f066a214c2f5e87bad3c948f4d605d)
Start importing Packages/com.unity.shadergraph/Editor/Data/Interfaces/Graph using Guid(20d63795c62940409089af61496db945) Importer(2089858483,b0f066a214c2f5e87bad3c948f4d605d) (ScriptedImporter) -> (artifact id: 'c693840d5ec4b923a4febb2d17b824e1') in 0.002301417 seconds
Number of updated asset objects reloaded before import = 0Number of asset objects unloaded after import = 1

========================================================================
Received Import Request.
  Time since last request: 0.000041 seconds.
  path: Packages/com.unity.2d.sprite/Editor/ObjectMenuCreation/DefaultAssets
  artifactKey: Guid(5cebb8a885d4e4a6992c4fcd598b67c8) Importer(2089858483,b0f066a214c2f5e87bad3c948f4d605d)
Start importing Packages/com.unity.2d.sprite/Editor/ObjectMenuCreation/DefaultAssets using Guid(5cebb8a885d4e4a6992c4fcd598b67c8) Importer(2089858483,b0f066a214c2f5e87bad3c948f4d605d) (ScriptedImporter) -> (artifact id: '8c4b6ee8b61fcf9ace36a66d031e1222') in 0.002176834 seconds
Number of updated asset objects reloaded before import = 0Number of asset objects unloaded after import = 1

========================================================================
Received Import Request.
  Time since last request: 0.000079 seconds.
  path: Packages/com.unity.ugui/Editor/Analytics
  artifactKey: Guid(c52726d811a9f66459355df6b0c3977b) Importer(2089858483,b0f066a214c2f5e87bad3c948f4d605d)
Start importing Packages/com.unity.ugui/Editor/Analytics using Guid(c52726d811a9f66459355df6b0c3977b) Importer(2089858483,b0f066a214c2f5e87bad3c948f4d605d) (ScriptedImporter) -> (artifact id: 'd3eb8e845818ae880ca4c4731d127cf7') in 0.002419208 seconds
Number of updated asset objects reloaded before import = 0Number of asset objects unloaded after import = 1

========================================================================
Received Import Request.
  Time since last request: 0.000052 seconds.
  path: Packages/com.unity.test-framework/UnityEngine.TestRunner/Utils/MonoBehaviourTest
  artifactKey: Guid(ce8da628f68c7594b8b9a597fa52db7b) Importer(2089858483,b0f066a214c2f5e87bad3c948f4d605d)
Start importing Packages/com.unity.test-framework/UnityEngine.TestRunner/Utils/MonoBehaviourTest using Guid(ce8da628f68c7594b8b9a597fa52db7b) Importer(2089858483,b0f066a214c2f5e87bad3c948f4d605d) (ScriptedImporter) -> (artifact id: 'e0429868dbc4d08230ed676d9e797b47') in 0.00414175 seconds
Number of updated asset objects reloaded before import = 0Number of asset objects unloaded after import = 1

========================================================================
Received Import Request.
  Time since last request: 0.000043 seconds.
  path: Packages/com.unity.visualscripting/Editor/VisualScripting.Core/Documentation
  artifactKey: Guid(78d00aaedcb2549ada767435eb89c80f) Importer(2089858483,b0f066a214c2f5e87bad3c948f4d605d)
Start importing Packages/com.unity.visualscripting/Editor/VisualScripting.Core/Documentation using Guid(78d00aaedcb2549ada767435eb89c80f) Importer(2089858483,b0f066a214c2f5e87bad3c948f4d605d) (ScriptedImporter) -> (artifact id: 'ad952f7437400de868638e91046937ec') in 0.002298167 seconds
Number of updated asset objects reloaded before import = 0Number of asset objects unloaded after import = 1

========================================================================
Received Import Request.
  Time since last request: 0.000063 seconds.
  path: Packages/com.unity.visualscripting/Editor/VisualScripting.Flow/Plugin/Migrations
  artifactKey: Guid(0bc0e8e6daf494df5a1d72287fa3a1ae) Importer(2089858483,b0f066a214c2f5e87bad3c948f4d605d)
Start importing Packages/com.unity.visualscripting/Editor/VisualScripting.Flow/Plugin/Migrations using Guid(0bc0e8e6daf494df5a1d72287fa3a1ae) Importer(2089858483,b0f066a214c2f5e87bad3c948f4d605d) (ScriptedImporter) -> (artifact id: '2baaf280f2833974712d18ebd33df7a7') in 0.002818916 seconds
Number of updated asset objects reloaded before import = 0Number of asset objects unloaded after import = 1

========================================================================
Received Import Request.
  Time since last request: 0.000068 seconds.
  path: Packages/com.unity.collab-proxy/Editor/Api
  artifactKey: Guid(a6b1b777c4ca40aca82d62ea496fcb84) Importer(2089858483,b0f066a214c2f5e87bad3c948f4d605d)
Start importing Packages/com.unity.collab-proxy/Editor/Api using Guid(a6b1b777c4ca40aca82d62ea496fcb84) Importer(2089858483,b0f066a214c2f5e87bad3c948f4d605d) (ScriptedImporter) -> (artifact id: 'ece8506c63ab4a90c02891a2d20f3c42') in 0.0021345 seconds
Number of updated asset objects reloaded before import = 0Number of asset objects unloaded after import = 1

========================================================================
Received Import Request.
  Time since last request: 0.000048 seconds.
  path: Packages/com.unity.2d.sprite/Editor/SpriteEditorModule/SpriteFrameModule
  artifactKey: Guid(e1a3bd001331f2049913323736d02a48) Importer(2089858483,b0f066a214c2f5e87bad3c948f4d605d)
Start importing Packages/com.unity.2d.sprite/Editor/SpriteEditorModule/SpriteFrameModule using Guid(e1a3bd001331f2049913323736d02a48) Importer(2089858483,b0f066a214c2f5e87bad3c948f4d605d) (ScriptedImporter) -> (artifact id: '3923e25a0dbd5c3ce4eed7be2288db8b') in 0.0022575 seconds
Number of updated asset objects reloaded before import = 0Number of asset objects unloaded after import = 1

========================================================================
Received Prepare
WARNING: Shader Unsupported: 'Universal Render Pipeline/VR/SpatialMapping/Wireframe' - All subshaders removed
WARNING: Shader Did you use #pragma only_renderers and omit this platform?
WARNING: Shader If subshaders removal was intentional, you may have forgotten turning Fallback off?
WARNING: Shader Unsupported: 'Universal Render Pipeline/VR/SpatialMapping/Wireframe' - All subshaders removed
WARNING: Shader Did you use #pragma only_renderers and omit this platform?
WARNING: Shader If subshaders removal was intentional, you may have forgotten turning Fallback off?
Refreshing native plugins compatible for Editor in 2.98 ms, found 3 plugins.
Preloading 0 native plugins for Editor in 0.00 ms.
Unloading 17 Unused Serialized files (Serialized files now loaded: 0)
Unloading 18 unused Assets / (1.7 MB). Loaded Objects now: 8190.
Memory consumption went from 160.0 MB to 158.3 MB.
Total: 8.536333 ms (FindLiveObjects: 0.353833 ms CreateObjectMapping: 0.130125 ms MarkObjects: 7.758750 ms  DeleteObjects: 0.292916 ms)

Prepare: number of updated asset objects reloaded= 0
