Unity Editor version:    6000.3.23f1 (09d2ecc7fb28)
Branch:                  6000.3/staging
Build type:              Release
Batch mode:              YES
macOS version:           Version 14.2 (Build 23C64)
Darwin version:          23.2.0
Architecture:            arm64
Running under Rosetta:   NO
Available memory:        16384 MB
Date:                    2026-09-08T21:04:16Z
[Licensing::Module] Trying to connect to existing licensing client channel...
[Licensing::IpcConnector] Successfully connected to: "LicenseClient-lolarichardson" at "2026-09-08T21:04:16.028784Z"

COMMAND LINE ARGUMENTS:
/Applications/Unity/Hub/Editor/6000.3.23f1/Unity.app/Contents/MacOS/Unity
-adb2
-batchMode
-noUpm
-name
AssetImportWorker0
-projectPath
/Users/lolarichardson/Documents/GitHub/MTEC-340/MTEC340 Project
-logFile
Logs/AssetImportWorker0.log
-srvPort
51599
-parentPid
12438
-analyticsCloudUserId
2475785921680
-analyticsCloudProjectId
43e7a2d9-244f-49f5-b44e-eaaf7ea60268
-analyticsLocalProjectId
4afa6ebdfa4d14a89a651b18636e2d05
-editorAnalyticsEnabled
1
-cbmEditorLicense
bdb48ed737a1bf95c6a7dd611309403db60158cc
-cbmMachineId
g7QSr0StWsGR6KnF+355Hh+qj2s=
-licensingIpc
LicenseClient-lolarichardson
-job-worker-count
3
-background-job-worker-count
8
-gc-helper-count
1
-name AssetImport
Successfully changed project path to: /Users/lolarichardson/Documents/GitHub/MTEC-340/MTEC340 Project
/Users/lolarichardson/Documents/GitHub/MTEC-340/MTEC340 Project
[UnityMemory] Configuration Parameters - Can be set up in boot.config
    "memorysetup-allocator-temp-initial-block-size-main=262144"
    "memorysetup-allocator-temp-initial-block-size-worker=262144"
    "memorysetup-temp-allocator-size-background-worker=32768"
    "memorysetup-temp-allocator-size-job-worker=262144"
    "memorysetup-temp-allocator-size-preload-manager=33554432"
    "memorysetup-remapper-allocator-initial-capacity=32768"
    "memorysetup-temp-allocator-size-nav-mesh-worker=65536"
    "memorysetup-temp-allocator-size-audio-worker=65536"
    "memorysetup-temp-allocator-size-cloud-worker=32768"
    "memorysetup-bucket-allocator-granularity=16"
    "memorysetup-bucket-allocator-bucket-count=8"
    "memorysetup-bucket-allocator-block-size=33554432"
    "memorysetup-bucket-allocator-block-count=8"
    "memorysetup-main-allocator-block-size=16777216"
    "memorysetup-thread-allocator-block-size=16777216"
    "memorysetup-gfx-main-allocator-block-size=16777216"
    "memorysetup-gfx-thread-allocator-block-size=16777216"
    "memorysetup-cache-allocator-block-size=4194304"
    "memorysetup-typetree-allocator-block-size=2097152"
    "memorysetup-profiler-bucket-allocator-granularity=16"
    "memorysetup-profiler-bucket-allocator-bucket-count=8"
    "memorysetup-profiler-bucket-allocator-block-size=33554432"
    "memorysetup-profiler-bucket-allocator-block-count=8"
    "memorysetup-profiler-allocator-block-size=16777216"
    "memorysetup-profiler-editor-allocator-block-size=1048576"
    "memorysetup-temp-allocator-size-main=16777216"
    "memorysetup-job-temp-allocator-block-size=2097152"
    "memorysetup-job-temp-allocator-block-size-background=1048576"
    "memorysetup-job-temp-allocator-reduction-small-platforms=262144"
    "memorysetup-temp-allocator-size-gi-baking-worker=262144"
    "memorysetup-temp-allocator-size-gi-baking-worker=262144"
    "memorysetup-temp-allocator-size-gi-baking-worker=262144"
    "memorysetup-temp-allocator-size-gi-baking-worker=262144"
    "memorysetup-temp-allocator-size-gi-baking-worker=262144"
    "memorysetup-temp-allocator-size-gfx=262144"
Player connection [7966380032]  Target information:

Player connection [7966380032]  * "[IP] 10.195.184.91 [Port] 0 [Flags] 2 [Guid] 3349785696 [EditorId] 3349785696 [Version] 1048832 [Id] OSXEditor(0,Lolas-MacBook-Pro.local) [Debug] 1 [PackageName] OSXEditor [ProjectName] Editor" 

Player connection [7966380032] Host joined multi-casting on [225.0.0.222:54997]...
Player connection [7966380032] Host joined alternative multi-casting on [225.0.0.222:34997]...
JobSystem: Creating JobQueue using job-worker-count value 3
Input System module state changed to: Initialized.
[Physics::Module] Initialized fallback backend.
[Physics::Module] Id: 0xdecafbad
Library Redirect Path: Library/
[Physics::Module] Selected backend.
[Physics::Module] Name: PhysX
[Physics::Module] Id: 0xf2b8ea05
[Physics::Module] SDK Version: 4.1.2
[Physics::Module] Integration Version: 1.0.0
[Physics::Module] Threading Mode: Multi-Threaded
Refreshing native plugins compatible for Editor in 6.51 ms, found 3 plugins.
Preloading 0 native plugins for Editor in 0.00 ms.
Initialize engine version: 6000.3.23f1 (09d2ecc7fb28)
[Subsystems] Discovering subsystems at path /Applications/Unity/Hub/Editor/6000.3.23f1/Unity.app/Contents/Resources/UnitySubsystems
[Subsystems] Discovering subsystems at path /Users/lolarichardson/Documents/GitHub/MTEC-340/MTEC340 Project/Assets
GfxDevice: creating device client; kGfxThreadingModeNonThreaded
 preferred device: Apple M3 (high power)
Metal devices available: 1
0: Apple M3 (high power)
Using device Apple M3 (high power)
Initializing Metal device caps: Apple M3
Mac GPU Family: 2
Apple GPU Family: 9
MSL Version: 3.0
Has Float MSAA: 1
Has Float Filtering: 1
ReadWrite Texture Tier: 2
Initialize mono
Mono path[0] = '/Applications/Unity/Hub/Editor/6000.3.23f1/Unity.app/Contents/Resources/Scripting/Managed'
Mono path[1] = '/Applications/Unity/Hub/Editor/6000.3.23f1/Unity.app/Contents/Resources/Scripting/MonoBleedingEdge/lib/mono/unityjit-macos'
Mono config path = '/Applications/Unity/Hub/Editor/6000.3.23f1/Unity.app/Contents/Resources/Scripting/MonoBleedingEdge/etc'
Using monoOptions --debugger-agent=transport=dt_socket,embedding=1,server=y,suspend=n,address=127.0.0.1:56550
Begin MonoManager ReloadAssembly
Registering precompiled unity dll's ...
Register platform support module: /Applications/Unity/Hub/Editor/6000.3.23f1/Unity.app/Contents/PlaybackEngines/MacStandaloneSupport/UnityEditor.OSXStandalone.Extensions.dll
Registered in 0.000991 seconds.
[Licensing::Client] Handshaking with LicensingClient:
  Version:                 1.18.3+d7ffd15
  Session Id:              fa7a836c015e4d4d9156085ba910ec28
  Correlation Id:          cbe27f4fe83f2b32445d7e6b121e074b
  External correlation Id: 913450794917590840
  Machine Id:              g7QSr0StWsGR6KnF+355Hh+qj2s=
[Licensing::Module] Successfully connected to LicensingClient on channel: "LicenseClient-lolarichardson" (connect: 0.00s, validation: 0.00s, handshake: 0.81s)
[Licensing::IpcConnector] Successfully connected to: "LicenseClient-lolarichardson-notifications" at "2026-09-08T21:04:16.843539Z"
[Licensing::Module] Licensing Background thread has ended after 0.81s
- Loaded All Assemblies, in  0.388 seconds
Native extension for OSXStandalone target not found
Package Manager log level set to [2]
[Package Manager] Failed to launch server process. Reason: Unity was launched with the -noUpm command-line argument
[Package Manager] Unable to send message (not connected to server process).
[Package Manager] Cannot connect to Unity Package Manager local server
ScheduleIndexationOnStartup MainProcess:False IndexOnStartup:True
Mono: successfully reloaded assembly
- Finished resetting the current domain, in  0.374 seconds
Domain Reload Profiling: 762ms
	BeginReloadAssembly (107ms)
		ExecutionOrderSort (0ms)
		DisableScriptedObjects (0ms)
		BackupInstance (0ms)
		ReleaseScriptingObjects (0ms)
		CreateAndSetChildDomain (1ms)
	RebuildCommonClasses (41ms)
	RebuildNativeTypeToScriptingClass (16ms)
	initialDomainReloadingComplete (42ms)
	LoadAllAssembliesAndSetupDomain (183ms)
		LoadAssemblies (107ms)
		RebuildTransferFunctionScriptingTraits (0ms)
		AnalyzeDomain (179ms)
			TypeCache.Refresh (177ms)
				TypeCache.ScanAssembly (161ms)
			BuildScriptInfoCaches (0ms)
			ResolveRequiredComponents (0ms)
	FinalizeReload (374ms)
		ReleaseScriptCaches (0ms)
		RebuildScriptCaches (0ms)
		SetupLoadedEditorAssemblies (322ms)
			LogAssemblyErrors (0ms)
			InitializePlatformSupportModulesInManaged (45ms)
			SetLoadedEditorAssemblies (5ms)
			BeforeProcessingInitializeOnLoad (76ms)
			ProcessInitializeOnLoadAttributes (123ms)
			ProcessInitializeOnLoadMethodAttributes (73ms)
			AfterProcessingInitializeOnLoad (0ms)
			EditorAssembliesLoaded (0ms)
		ExecutionOrderSort2 (0ms)
		AwakeInstancesAfterBackupRestoration (0ms)
[Licensing::Client] Successfully resolved entitlement details
[Licensing::Module] License group:
  Id: 2475785921680-UnityPersXXXX
  Product: Unity Personal
  Type: Assigned
  Expiration: Unlimited
[CoreBusinessMetrics] Unexpected thread when updating session info.
[CoreBusinessMetrics] Unexpected thread when updating session info.
========================================================================
Worker process is ready to serve import requests
Import Worker Mode flag is 0x00
Curl error 3: URL rejected: Error
Begin MonoManager ReloadAssembly
- Loaded All Assemblies, in  0.794 seconds
Refreshing native plugins compatible for Editor in 0.75 ms, found 3 plugins.
Native extension for OSXStandalone target not found
[Package Manager] Failed to launch server process. Reason: Unity was launched with the -noUpm command-line argument
[Package Manager] Unable to send message (not connected to server process).
[Package Manager] Cannot connect to Unity Package Manager local server
Refreshing native plugins compatible for Editor in 0.89 ms, found 3 plugins.
[Package Manager] Failed to launch server process. Reason: Unity was launched with the -noUpm command-line argument
[Package Manager] Unable to send message (not connected to server process).
[Package Manager] Cannot connect to Unity Package Manager local server
ScheduleIndexationOnStartup MainProcess:False IndexOnStartup:True
Mono: successfully reloaded assembly
- Finished resetting the current domain, in  0.715 seconds
Domain Reload Profiling: 1508ms
	BeginReloadAssembly (118ms)
		ExecutionOrderSort (0ms)
		DisableScriptedObjects (5ms)
		BackupInstance (0ms)
		ReleaseScriptingObjects (0ms)
		CreateAndSetChildDomain (33ms)
	RebuildCommonClasses (41ms)
	RebuildNativeTypeToScriptingClass (15ms)
	initialDomainReloadingComplete (31ms)
	LoadAllAssembliesAndSetupDomain (589ms)
		LoadAssemblies (347ms)
		RebuildTransferFunctionScriptingTraits (0ms)
		AnalyzeDomain (285ms)
			TypeCache.Refresh (212ms)
				TypeCache.ScanAssembly (193ms)
			BuildScriptInfoCaches (61ms)
			ResolveRequiredComponents (8ms)
	FinalizeReload (715ms)
		ReleaseScriptCaches (0ms)
		RebuildScriptCaches (0ms)
		SetupLoadedEditorAssemblies (584ms)
			LogAssemblyErrors (0ms)
			InitializePlatformSupportModulesInManaged (2ms)
			SetLoadedEditorAssemblies (5ms)
			BeforeProcessingInitializeOnLoad (127ms)
			ProcessInitializeOnLoadAttributes (340ms)
			ProcessInitializeOnLoadMethodAttributes (108ms)
			AfterProcessingInitializeOnLoad (1ms)
			EditorAssembliesLoaded (0ms)
		ExecutionOrderSort2 (0ms)
		AwakeInstancesAfterBackupRestoration (3ms)
WARNING: Shader Unsupported: 'Universal Render Pipeline/VR/SpatialMapping/Wireframe' - All subshaders removed
WARNING: Shader Did you use #pragma only_renderers and omit this platform?
WARNING: Shader If subshaders removal was intentional, you may have forgotten turning Fallback off?
WARNING: Shader Unsupported: 'Universal Render Pipeline/VR/SpatialMapping/Wireframe' - All subshaders removed
WARNING: Shader Did you use #pragma only_renderers and omit this platform?
WARNING: Shader If subshaders removal was intentional, you may have forgotten turning Fallback off?
Launching external process: /Applications/Unity/Hub/Editor/6000.3.23f1/Unity.app/Contents/Helpers/UnityShaderCompiler
Launched and connected shader compiler UnityShaderCompiler after 0.07 seconds
Refreshing native plugins compatible for Editor in 1.28 ms, found 3 plugins.
Preloading 0 native plugins for Editor in 0.00 ms.
Unloading 17 Unused Serialized files (Serialized files now loaded: 0)
Curl error 3: URL rejected: Error
Unloading 7378 unused Assets / (4.1 MB). Loaded Objects now: 8188.
Memory consumption went from 165.1 MB to 161.0 MB.
Total: 10.947000 ms (FindLiveObjects: 1.054166 ms CreateObjectMapping: 0.302000 ms MarkObjects: 7.585000 ms  DeleteObjects: 2.005542 ms)

========================================================================
Received Import Request.
  Time since last request: 11183.140509 seconds.
  path: Packages/com.unity.render-pipelines.universal/Editor/ShaderGraph/AssetCallbacks
  artifactKey: Guid(eea3e26ee6aecd14d8ab3f9b20ccc5d5) Importer(2089858483,b0f066a214c2f5e87bad3c948f4d605d)
Start importing Packages/com.unity.render-pipelines.universal/Editor/ShaderGraph/AssetCallbacks using Guid(eea3e26ee6aecd14d8ab3f9b20ccc5d5) Importer(2089858483,b0f066a214c2f5e87bad3c948f4d605d) (ScriptedImporter) -> (artifact id: 'e0dce8efdf16eb802c8a49904bdf9e94') in 0.032609916 seconds
Number of updated asset objects reloaded before import = 0Number of asset objects unloaded after import = 1

========================================================================
Received Import Request.
  Time since last request: 0.000056 seconds.
  path: Packages/com.unity.render-pipelines.universal/Editor/UniversalRenderPipelineAsset
  artifactKey: Guid(69998121730154f4d925490a4548e342) Importer(2089858483,b0f066a214c2f5e87bad3c948f4d605d)
Start importing Packages/com.unity.render-pipelines.universal/Editor/UniversalRenderPipelineAsset using Guid(69998121730154f4d925490a4548e342) Importer(2089858483,b0f066a214c2f5e87bad3c948f4d605d) (ScriptedImporter) -> (artifact id: 'd7828efd48bd1c28a36ee55a34f74092') in 0.004122208 seconds
Number of updated asset objects reloaded before import = 0Number of asset objects unloaded after import = 1

========================================================================
Received Import Request.
  Time since last request: 0.000054 seconds.
  path: Packages/com.unity.visualscripting/Editor/VisualScripting.Core/SerializedProperties
  artifactKey: Guid(2519400a6db924b22aea200aa1309f53) Importer(2089858483,b0f066a214c2f5e87bad3c948f4d605d)
Start importing Packages/com.unity.visualscripting/Editor/VisualScripting.Core/SerializedProperties using Guid(2519400a6db924b22aea200aa1309f53) Importer(2089858483,b0f066a214c2f5e87bad3c948f4d605d) (ScriptedImporter) -> (artifact id: '5df906ddb160c1b516eeb946c8d19691') in 0.00224525 seconds
Number of updated asset objects reloaded before import = 0Number of asset objects unloaded after import = 1

========================================================================
Received Import Request.
  Time since last request: 0.000055 seconds.
  path: Packages/com.unity.visualscripting/Runtime/VisualScripting.Core/Dependencies/AssemblyQualifiedNameParser
  artifactKey: Guid(d9533b5df35dc4eb1ae391f2b0f7fede) Importer(2089858483,b0f066a214c2f5e87bad3c948f4d605d)
Start importing Packages/com.unity.visualscripting/Runtime/VisualScripting.Core/Dependencies/AssemblyQualifiedNameParser using Guid(d9533b5df35dc4eb1ae391f2b0f7fede) Importer(2089858483,b0f066a214c2f5e87bad3c948f4d605d) (ScriptedImporter) -> (artifact id: '2703561cec949297fa174a3baeeafdaf') in 0.002307125 seconds
Number of updated asset objects reloaded before import = 0Number of asset objects unloaded after import = 1

========================================================================
Received Import Request.
  Time since last request: 0.000041 seconds.
  path: Packages/com.unity.visualscripting/Runtime/VisualScripting.Core/Ensure
  artifactKey: Guid(e0ca983f136164077acba7fd5aad8d31) Importer(2089858483,b0f066a214c2f5e87bad3c948f4d605d)
Start importing Packages/com.unity.visualscripting/Runtime/VisualScripting.Core/Ensure using Guid(e0ca983f136164077acba7fd5aad8d31) Importer(2089858483,b0f066a214c2f5e87bad3c948f4d605d) (ScriptedImporter) -> (artifact id: '9c9a9d942b9ff1e3e39236f99919c0ca') in 0.002268 seconds
Number of updated asset objects reloaded before import = 0Number of asset objects unloaded after import = 1

========================================================================
Received Import Request.
  Time since last request: 0.000050 seconds.
  path: Packages/com.unity.shadergraph/Editor/Generation/Targets/BuiltIn/Editor/ShaderGraph/Targets
  artifactKey: Guid(6d8d9b2bfb6f27b478e969b90661882b) Importer(2089858483,b0f066a214c2f5e87bad3c948f4d605d)
Start importing Packages/com.unity.shadergraph/Editor/Generation/Targets/BuiltIn/Editor/ShaderGraph/Targets using Guid(6d8d9b2bfb6f27b478e969b90661882b) Importer(2089858483,b0f066a214c2f5e87bad3c948f4d605d) (ScriptedImporter) -> (artifact id: '02f8a598041dcb6642e8faa221709282') in 0.002152375 seconds
Number of updated asset objects reloaded before import = 0Number of asset objects unloaded after import = 1

========================================================================
Received Import Request.
  Time since last request: 0.000046 seconds.
  path: Packages/com.unity.ugui/Runtime/UGUI/UI/Core/Layout
  artifactKey: Guid(1999349e7f492c947bb6eb70f624382e) Importer(2089858483,b0f066a214c2f5e87bad3c948f4d605d)
Start importing Packages/com.unity.ugui/Runtime/UGUI/UI/Core/Layout using Guid(1999349e7f492c947bb6eb70f624382e) Importer(2089858483,b0f066a214c2f5e87bad3c948f4d605d) (ScriptedImporter) -> (artifact id: '67a73b41cccea9338bd71f1596a22521') in 0.002210292 seconds
Number of updated asset objects reloaded before import = 0Number of asset objects unloaded after import = 1

========================================================================
Received Import Request.
  Time since last request: 0.000068 seconds.
  path: Packages/com.unity.2d.aseprite/Editor/Utilities
  artifactKey: Guid(5854cc46296a4dd78889f8e9dc6df612) Importer(2089858483,b0f066a214c2f5e87bad3c948f4d605d)
Start importing Packages/com.unity.2d.aseprite/Editor/Utilities using Guid(5854cc46296a4dd78889f8e9dc6df612) Importer(2089858483,b0f066a214c2f5e87bad3c948f4d605d) (ScriptedImporter) -> (artifact id: 'fd35ab9601b37bf4bd5fe01d81de6bd2') in 0.0020465 seconds
Number of updated asset objects reloaded before import = 0Number of asset objects unloaded after import = 1

========================================================================
Received Import Request.
  Time since last request: 0.000062 seconds.
  path: Packages/com.unity.ugui/Editor Resources/Shaders
  artifactKey: Guid(2da27f5fe80a3a549ac7331d9f52f5f0) Importer(2089858483,b0f066a214c2f5e87bad3c948f4d605d)
Start importing Packages/com.unity.ugui/Editor Resources/Shaders using Guid(2da27f5fe80a3a549ac7331d9f52f5f0) Importer(2089858483,b0f066a214c2f5e87bad3c948f4d605d) (ScriptedImporter) -> (artifact id: '9be7640b6e7b1919d1351ca031f1632a') in 0.002600875 seconds
Number of updated asset objects reloaded before import = 0Number of asset objects unloaded after import = 1

========================================================================
Received Import Request.
  Time since last request: 0.000054 seconds.
  path: Packages/com.unity.render-pipelines.universal/Tests/Editor/PostProcessDataTests
  artifactKey: Guid(fb0ec4b8bb8f2d34b91204563167f685) Importer(2089858483,b0f066a214c2f5e87bad3c948f4d605d)
Start importing Packages/com.unity.render-pipelines.universal/Tests/Editor/PostProcessDataTests using Guid(fb0ec4b8bb8f2d34b91204563167f685) Importer(2089858483,b0f066a214c2f5e87bad3c948f4d605d) (ScriptedImporter) -> (artifact id: '277e18de7977394eb0ebba7869efaa83') in 0.002226584 seconds
Number of updated asset objects reloaded before import = 0Number of asset objects unloaded after import = 1

========================================================================
Received Import Request.
  Time since last request: 0.000049 seconds.
  path: Packages/com.unity.2d.spriteshape/Editor/ObjectMenuCreation/DefaultAssets/Sprite Shape Profiles
  artifactKey: Guid(9ec0dd685bf4644828c054d5c6ff15d3) Importer(2089858483,b0f066a214c2f5e87bad3c948f4d605d)
Start importing Packages/com.unity.2d.spriteshape/Editor/ObjectMenuCreation/DefaultAssets/Sprite Shape Profiles using Guid(9ec0dd685bf4644828c054d5c6ff15d3) Importer(2089858483,b0f066a214c2f5e87bad3c948f4d605d) (ScriptedImporter) -> (artifact id: '9354ca0f27f721cbacccec12b0f57b25') in 0.002297541 seconds
Number of updated asset objects reloaded before import = 0Number of asset objects unloaded after import = 1

========================================================================
Received Import Request.
  Time since last request: 0.000073 seconds.
  path: Packages/com.unity.collections/Unity.Collections.Tests.Playmode
  artifactKey: Guid(1bc474d6c48563e48bf377774df23cb1) Importer(2089858483,b0f066a214c2f5e87bad3c948f4d605d)
Start importing Packages/com.unity.collections/Unity.Collections.Tests.Playmode using Guid(1bc474d6c48563e48bf377774df23cb1) Importer(2089858483,b0f066a214c2f5e87bad3c948f4d605d) (ScriptedImporter) -> (artifact id: '9a8ee7270e1226276ce63016940af42d') in 0.002435042 seconds
Number of updated asset objects reloaded before import = 0Number of asset objects unloaded after import = 1

========================================================================
Received Import Request.
  Time since last request: 0.000052 seconds.
  path: Packages/com.unity.timeline/Editor/StyleSheets/res
  artifactKey: Guid(12a2d6aa8a743f04aa760f8c675c97e6) Importer(2089858483,b0f066a214c2f5e87bad3c948f4d605d)
Start importing Packages/com.unity.timeline/Editor/StyleSheets/res using Guid(12a2d6aa8a743f04aa760f8c675c97e6) Importer(2089858483,b0f066a214c2f5e87bad3c948f4d605d) (ScriptedImporter) -> (artifact id: 'e30b93ee6237784b7e996f52a889e16b') in 0.002059834 seconds
Number of updated asset objects reloaded before import = 0Number of asset objects unloaded after import = 1

========================================================================
Received Import Request.
  Time since last request: 0.000076 seconds.
  path: Packages/com.unity.test-framework/UnityEngine.TestRunner/UnityTestProtocol
  artifactKey: Guid(19e1940646874613a076c6b01d1f3404) Importer(2089858483,b0f066a214c2f5e87bad3c948f4d605d)
Start importing Packages/com.unity.test-framework/UnityEngine.TestRunner/UnityTestProtocol using Guid(19e1940646874613a076c6b01d1f3404) Importer(2089858483,b0f066a214c2f5e87bad3c948f4d605d) (ScriptedImporter) -> (artifact id: 'c07e361ff1f29d3f30cfaa96cdc98a77') in 0.002446041 seconds
Number of updated asset objects reloaded before import = 0Number of asset objects unloaded after import = 1

========================================================================
Received Import Request.
  Time since last request: 0.000066 seconds.
  path: Packages/com.unity.timeline/Editor/Analytics
  artifactKey: Guid(57ff740bce4ab0c498ada374a8ca1dc0) Importer(2089858483,b0f066a214c2f5e87bad3c948f4d605d)
Start importing Packages/com.unity.timeline/Editor/Analytics using Guid(57ff740bce4ab0c498ada374a8ca1dc0) Importer(2089858483,b0f066a214c2f5e87bad3c948f4d605d) (ScriptedImporter) -> (artifact id: '85be4b3e1af038e94fca6961c11a2dc2') in 0.002192 seconds
Number of updated asset objects reloaded before import = 0Number of asset objects unloaded after import = 1

========================================================================
Received Import Request.
  Time since last request: 0.000067 seconds.
  path: Packages/com.unity.timeline/Editor/ControlTrack
  artifactKey: Guid(7a24ec4b5c3e08e47bf50c8298c1fe0d) Importer(2089858483,b0f066a214c2f5e87bad3c948f4d605d)
Start importing Packages/com.unity.timeline/Editor/ControlTrack using Guid(7a24ec4b5c3e08e47bf50c8298c1fe0d) Importer(2089858483,b0f066a214c2f5e87bad3c948f4d605d) (ScriptedImporter) -> (artifact id: 'bbaee4000e159c6422da294a60bb2939') in 0.002089833 seconds
Number of updated asset objects reloaded before import = 0Number of asset objects unloaded after import = 1

========================================================================
Received Import Request.
  Time since last request: 0.000056 seconds.
  path: Packages/com.unity.render-pipelines.core/Editor/CustomRenderTexture
  artifactKey: Guid(f5415ef8821c020469ee7e810da8b3ff) Importer(2089858483,b0f066a214c2f5e87bad3c948f4d605d)
Start importing Packages/com.unity.render-pipelines.core/Editor/CustomRenderTexture using Guid(f5415ef8821c020469ee7e810da8b3ff) Importer(2089858483,b0f066a214c2f5e87bad3c948f4d605d) (ScriptedImporter) -> (artifact id: '2a914395cfa1d05ace391ab826cc9ab0') in 0.002198708 seconds
Number of updated asset objects reloaded before import = 0Number of asset objects unloaded after import = 1

========================================================================
Received Import Request.
  Time since last request: 0.000054 seconds.
  path: Packages/com.unity.render-pipelines.universal/Editor/Lighting
  artifactKey: Guid(ff90f20bb510bed48ba1a9ebbc61ffa4) Importer(2089858483,b0f066a214c2f5e87bad3c948f4d605d)
Start importing Packages/com.unity.render-pipelines.universal/Editor/Lighting using Guid(ff90f20bb510bed48ba1a9ebbc61ffa4) Importer(2089858483,b0f066a214c2f5e87bad3c948f4d605d) (ScriptedImporter) -> (artifact id: 'f4d851337f8776ecd58bd362bf118f75') in 0.002188333 seconds
Number of updated asset objects reloaded before import = 0Number of asset objects unloaded after import = 1

========================================================================
Received Import Request.
  Time since last request: 0.000055 seconds.
  path: Packages/com.unity.collab-proxy/Editor/Views/Filters/Date
  artifactKey: Guid(0c30879ae42f70f42987bbf5be6eb7a4) Importer(2089858483,b0f066a214c2f5e87bad3c948f4d605d)
Start importing Packages/com.unity.collab-proxy/Editor/Views/Filters/Date using Guid(0c30879ae42f70f42987bbf5be6eb7a4) Importer(2089858483,b0f066a214c2f5e87bad3c948f4d605d) (ScriptedImporter) -> (artifact id: 'e6d2167654ec4ba90c2bfc23aba5e785') in 0.002129375 seconds
Number of updated asset objects reloaded before import = 0Number of asset objects unloaded after import = 1

========================================================================
Received Import Request.
  Time since last request: 0.000047 seconds.
  path: Packages/com.unity.2d.animation/Tests
  artifactKey: Guid(04094496a840e4b66a9207270b8d6e42) Importer(2089858483,b0f066a214c2f5e87bad3c948f4d605d)
Start importing Packages/com.unity.2d.animation/Tests using Guid(04094496a840e4b66a9207270b8d6e42) Importer(2089858483,b0f066a214c2f5e87bad3c948f4d605d) (ScriptedImporter) -> (artifact id: 'ad1fd563952a4356a18eb84960e0eca8') in 0.002130417 seconds
Number of updated asset objects reloaded before import = 0Number of asset objects unloaded after import = 1

========================================================================
Received Import Request.
  Time since last request: 0.000051 seconds.
  path: Packages/com.unity.visualscripting/Runtime/VisualScripting.Core/Machines
  artifactKey: Guid(625e60b9871bf41b3baed57546acb4bf) Importer(2089858483,b0f066a214c2f5e87bad3c948f4d605d)
Start importing Packages/com.unity.visualscripting/Runtime/VisualScripting.Core/Machines using Guid(625e60b9871bf41b3baed57546acb4bf) Importer(2089858483,b0f066a214c2f5e87bad3c948f4d605d) (ScriptedImporter) -> (artifact id: '9d1749dd8b690879084e8ec349a98a4f') in 0.002184333 seconds
Number of updated asset objects reloaded before import = 0Number of asset objects unloaded after import = 1

========================================================================
Received Import Request.
  Time since last request: 0.000050 seconds.
  path: Packages/com.unity.visualscripting/Runtime/VisualScripting.State/Units
  artifactKey: Guid(9251998f37fa421ea111ee7f61110a15) Importer(2089858483,b0f066a214c2f5e87bad3c948f4d605d)
Start importing Packages/com.unity.visualscripting/Runtime/VisualScripting.State/Units using Guid(9251998f37fa421ea111ee7f61110a15) Importer(2089858483,b0f066a214c2f5e87bad3c948f4d605d) (ScriptedImporter) -> (artifact id: 'a36e5e6d6e07a86f550eeb56f8a4a204') in 0.002058917 seconds
Number of updated asset objects reloaded before import = 0Number of asset objects unloaded after import = 1

========================================================================
Received Import Request.
  Time since last request: 0.000055 seconds.
  path: Packages/com.unity.2d.animation/Editor/UpgradeTools/Utilities
  artifactKey: Guid(33bd6f61ca79e43debb3ddbcee35f5ee) Importer(2089858483,b0f066a214c2f5e87bad3c948f4d605d)
Start importing Packages/com.unity.2d.animation/Editor/UpgradeTools/Utilities using Guid(33bd6f61ca79e43debb3ddbcee35f5ee) Importer(2089858483,b0f066a214c2f5e87bad3c948f4d605d) (ScriptedImporter) -> (artifact id: '7ac15a4bb55dd0e1a027fcb730dcb7b7') in 0.002030375 seconds
Number of updated asset objects reloaded before import = 0Number of asset objects unloaded after import = 1

========================================================================
Received Import Request.
  Time since last request: 0.000073 seconds.
  path: Packages/com.unity.inputsystem/InputSystem/Runtime/Utilities/Observables
  artifactKey: Guid(9f8944bd1ba848ab8f95afe7acfb4b79) Importer(2089858483,b0f066a214c2f5e87bad3c948f4d605d)
Start importing Packages/com.unity.inputsystem/InputSystem/Runtime/Utilities/Observables using Guid(9f8944bd1ba848ab8f95afe7acfb4b79) Importer(2089858483,b0f066a214c2f5e87bad3c948f4d605d) (ScriptedImporter) -> (artifact id: '1f12ca682fccd5f93fe8a77123a250e2') in 0.002142334 seconds
Number of updated asset objects reloaded before import = 0Number of asset objects unloaded after import = 1

========================================================================
Received Import Request.
  Time since last request: 0.000042 seconds.
  path: Packages/com.unity.2d.tooling/Editor/Insider/SpriteAtlas/SpriteAtlasIssueReport/SourceTextureWithCompressionIssue
  artifactKey: Guid(0f1a0446e28f4a1d8e48be70f81a9fcc) Importer(2089858483,b0f066a214c2f5e87bad3c948f4d605d)
Start importing Packages/com.unity.2d.tooling/Editor/Insider/SpriteAtlas/SpriteAtlasIssueReport/SourceTextureWithCompressionIssue using Guid(0f1a0446e28f4a1d8e48be70f81a9fcc) Importer(2089858483,b0f066a214c2f5e87bad3c948f4d605d) (ScriptedImporter) -> (artifact id: 'b67c8eee1df41e9bde9c2d7146673f29') in 0.001999875 seconds
Number of updated asset objects reloaded before import = 0Number of asset objects unloaded after import = 1

========================================================================
Received Import Request.
  Time since last request: 0.000052 seconds.
  path: Packages/com.unity.burst/Runtime/Intrinsics/x86
  artifactKey: Guid(3413d06997203e50844bbf4eca32fce8) Importer(2089858483,b0f066a214c2f5e87bad3c948f4d605d)
Start importing Packages/com.unity.burst/Runtime/Intrinsics/x86 using Guid(3413d06997203e50844bbf4eca32fce8) Importer(2089858483,b0f066a214c2f5e87bad3c948f4d605d) (ScriptedImporter) -> (artifact id: '49bf931503a31f69123218e6a211c798') in 0.002216042 seconds
Number of updated asset objects reloaded before import = 0Number of asset objects unloaded after import = 1

========================================================================
Received Import Request.
  Time since last request: 0.000054 seconds.
  path: Packages/com.unity.ext.nunit/net40
  artifactKey: Guid(af19581c6078849139e0671f575e4b7c) Importer(2089858483,b0f066a214c2f5e87bad3c948f4d605d)
Start importing Packages/com.unity.ext.nunit/net40 using Guid(af19581c6078849139e0671f575e4b7c) Importer(2089858483,b0f066a214c2f5e87bad3c948f4d605d) (ScriptedImporter) -> (artifact id: '83f603de6493c258b132a55777b158f7') in 0.002122833 seconds
Number of updated asset objects reloaded before import = 0Number of asset objects unloaded after import = 1

========================================================================
Received Import Request.
  Time since last request: 0.000058 seconds.
  path: Packages/com.unity.2d.sprite/Editor/SpriteEditor
  artifactKey: Guid(d32377b23cb0c8b46a545d7014fff425) Importer(2089858483,b0f066a214c2f5e87bad3c948f4d605d)
Start importing Packages/com.unity.2d.sprite/Editor/SpriteEditor using Guid(d32377b23cb0c8b46a545d7014fff425) Importer(2089858483,b0f066a214c2f5e87bad3c948f4d605d) (ScriptedImporter) -> (artifact id: '7862e896e296d60adb362afd1ba42ff7') in 0.002077708 seconds
Number of updated asset objects reloaded before import = 0Number of asset objects unloaded after import = 1

========================================================================
Received Import Request.
  Time since last request: 0.000056 seconds.
  path: Packages/com.unity.visualscripting/Runtime/VisualScripting.Flow/Framework/Collections
  artifactKey: Guid(3b0d8ccc2f7184e87956a482fb08d49b) Importer(2089858483,b0f066a214c2f5e87bad3c948f4d605d)
Start importing Packages/com.unity.visualscripting/Runtime/VisualScripting.Flow/Framework/Collections using Guid(3b0d8ccc2f7184e87956a482fb08d49b) Importer(2089858483,b0f066a214c2f5e87bad3c948f4d605d) (ScriptedImporter) -> (artifact id: '1e6317a6a8e61096499a2f3fbfc2a8c0') in 0.002114042 seconds
Number of updated asset objects reloaded before import = 0Number of asset objects unloaded after import = 1

========================================================================
Received Import Request.
  Time since last request: 0.000064 seconds.
  path: Packages/com.unity.2d.tooling/Editor/Insider/SpriteAtlas/DataSource
  artifactKey: Guid(a65c3e3270104e4d8ca7e6b3198478be) Importer(2089858483,b0f066a214c2f5e87bad3c948f4d605d)
Start importing Packages/com.unity.2d.tooling/Editor/Insider/SpriteAtlas/DataSource using Guid(a65c3e3270104e4d8ca7e6b3198478be) Importer(2089858483,b0f066a214c2f5e87bad3c948f4d605d) (ScriptedImporter) -> (artifact id: '5460946922ce7cc3a15f36d864802e4e') in 0.00199825 seconds
Number of updated asset objects reloaded before import = 0Number of asset objects unloaded after import = 1

========================================================================
Received Import Request.
  Time since last request: 0.000049 seconds.
  path: Packages/com.unity.searcher/Editor
  artifactKey: Guid(03d97a496f60a574f8955a1258f8f956) Importer(2089858483,b0f066a214c2f5e87bad3c948f4d605d)
Start importing Packages/com.unity.searcher/Editor using Guid(03d97a496f60a574f8955a1258f8f956) Importer(2089858483,b0f066a214c2f5e87bad3c948f4d605d) (ScriptedImporter) -> (artifact id: '1b6d89e843b241421bde8a830e89524c') in 0.002031791 seconds
Number of updated asset objects reloaded before import = 0Number of asset objects unloaded after import = 1

========================================================================
Received Import Request.
  Time since last request: 0.000043 seconds.
  path: Packages/com.unity.inputsystem/InputSystem/Runtime/Plugins/Linux
  artifactKey: Guid(1c597fa0f94a3d54b9c0e85f56e5f821) Importer(2089858483,b0f066a214c2f5e87bad3c948f4d605d)
Start importing Packages/com.unity.inputsystem/InputSystem/Runtime/Plugins/Linux using Guid(1c597fa0f94a3d54b9c0e85f56e5f821) Importer(2089858483,b0f066a214c2f5e87bad3c948f4d605d) (ScriptedImporter) -> (artifact id: 'd520beb95b3c4deb38f893c3cba12af4') in 0.002151833 seconds
Number of updated asset objects reloaded before import = 0Number of asset objects unloaded after import = 1

========================================================================
Received Import Request.
  Time since last request: 0.000047 seconds.
  path: Packages/com.unity.2d.tilemap.extras/Editor/Brushes/RandomBrush
  artifactKey: Guid(e4007e34ec02b614b894ce8e20b48644) Importer(2089858483,b0f066a214c2f5e87bad3c948f4d605d)
Start importing Packages/com.unity.2d.tilemap.extras/Editor/Brushes/RandomBrush using Guid(e4007e34ec02b614b894ce8e20b48644) Importer(2089858483,b0f066a214c2f5e87bad3c948f4d605d) (ScriptedImporter) -> (artifact id: 'bb90eb3316c0eb62ba7d4d9afa5c2bb9') in 0.003117917 seconds
Number of updated asset objects reloaded before import = 0Number of asset objects unloaded after import = 1

========================================================================
Received Import Request.
  Time since last request: 0.000047 seconds.
  path: Packages/com.unity.ugui/Runtime/UGUI/UI/Animation
  artifactKey: Guid(5472815444de2ce45bf2053a4af04b9d) Importer(2089858483,b0f066a214c2f5e87bad3c948f4d605d)
Start importing Packages/com.unity.ugui/Runtime/UGUI/UI/Animation using Guid(5472815444de2ce45bf2053a4af04b9d) Importer(2089858483,b0f066a214c2f5e87bad3c948f4d605d) (ScriptedImporter) -> (artifact id: '78b8af135b565a12a294503a8d636e4f') in 0.002195167 seconds
Number of updated asset objects reloaded before import = 0Number of asset objects unloaded after import = 1

========================================================================
Received Import Request.
  Time since last request: 0.000045 seconds.
  path: Packages/com.unity.collab-proxy/Editor/Views/PendingChanges/Changelists
  artifactKey: Guid(090403d21f0cddf46805f00282634419) Importer(2089858483,b0f066a214c2f5e87bad3c948f4d605d)
Start importing Packages/com.unity.collab-proxy/Editor/Views/PendingChanges/Changelists using Guid(090403d21f0cddf46805f00282634419) Importer(2089858483,b0f066a214c2f5e87bad3c948f4d605d) (ScriptedImporter) -> (artifact id: '8ec356926b71a287e98418603bbe4aba') in 0.002132625 seconds
Number of updated asset objects reloaded before import = 0Number of asset objects unloaded after import = 1

========================================================================
Received Import Request.
  Time since last request: 0.000060 seconds.
  path: Packages/com.unity.visualscripting/Runtime/VisualScripting.Flow/Framework/Events/Physics
  artifactKey: Guid(037e7593ac7294eb7845d91bb73b20f4) Importer(2089858483,b0f066a214c2f5e87bad3c948f4d605d)
Start importing Packages/com.unity.visualscripting/Runtime/VisualScripting.Flow/Framework/Events/Physics using Guid(037e7593ac7294eb7845d91bb73b20f4) Importer(2089858483,b0f066a214c2f5e87bad3c948f4d605d) (ScriptedImporter) -> (artifact id: 'd745533c9b433de90a8b3c2839df9496') in 0.002179 seconds
Number of updated asset objects reloaded before import = 0Number of asset objects unloaded after import = 1

========================================================================
Received Import Request.
  Time since last request: 0.000036 seconds.
  path: Packages/com.unity.mathematics/Tests
  artifactKey: Guid(e3503cbca3a6645cb8298d5cecf03cec) Importer(2089858483,b0f066a214c2f5e87bad3c948f4d605d)
Start importing Packages/com.unity.mathematics/Tests using Guid(e3503cbca3a6645cb8298d5cecf03cec) Importer(2089858483,b0f066a214c2f5e87bad3c948f4d605d) (ScriptedImporter) -> (artifact id: '06148729b2dfffacae91dfb1db1d2362') in 0.001999459 seconds
Number of updated asset objects reloaded before import = 0Number of asset objects unloaded after import = 1

========================================================================
Received Import Request.
  Time since last request: 0.000063 seconds.
  path: Packages/com.unity.collab-proxy/Editor/Assets/Layouts
  artifactKey: Guid(ceb47f1768ea33a4984627a59921a4ee) Importer(2089858483,b0f066a214c2f5e87bad3c948f4d605d)
Start importing Packages/com.unity.collab-proxy/Editor/Assets/Layouts using Guid(ceb47f1768ea33a4984627a59921a4ee) Importer(2089858483,b0f066a214c2f5e87bad3c948f4d605d) (ScriptedImporter) -> (artifact id: '2b8f9d32f46c7d52e405ebfdd044127a') in 0.002275958 seconds
Number of updated asset objects reloaded before import = 0Number of asset objects unloaded after import = 1

========================================================================
Received Import Request.
  Time since last request: 0.000066 seconds.
  path: Packages/com.unity.shadergraph/Editor/Drawing/Controls
  artifactKey: Guid(29309be0e1004fad967256187775c528) Importer(2089858483,b0f066a214c2f5e87bad3c948f4d605d)
Start importing Packages/com.unity.shadergraph/Editor/Drawing/Controls using Guid(29309be0e1004fad967256187775c528) Importer(2089858483,b0f066a214c2f5e87bad3c948f4d605d) (ScriptedImporter) -> (artifact id: '639667f9564f2b965565bc1d5269ac9b') in 0.002000875 seconds
Number of updated asset objects reloaded before import = 0Number of asset objects unloaded after import = 1

========================================================================
Received Import Request.
  Time since last request: 0.000040 seconds.
  path: Packages/com.unity.2d.animation/IK/Runtime/Solvers
  artifactKey: Guid(cb2349a660db25e4baf8732ed3668959) Importer(2089858483,b0f066a214c2f5e87bad3c948f4d605d)
Start importing Packages/com.unity.2d.animation/IK/Runtime/Solvers using Guid(cb2349a660db25e4baf8732ed3668959) Importer(2089858483,b0f066a214c2f5e87bad3c948f4d605d) (ScriptedImporter) -> (artifact id: '0a3ff1be89153eb5b78fc0ae3d77136e') in 0.002193292 seconds
Number of updated asset objects reloaded before import = 0Number of asset objects unloaded after import = 1

========================================================================
Received Import Request.
  Time since last request: 0.000068 seconds.
  path: Packages/com.unity.2d.animation/Editor/SpriteLib/SpriteLibraryEditor/UI/CustomElements
  artifactKey: Guid(4741ec49ca1d5495b8ac277cc2b9df1a) Importer(2089858483,b0f066a214c2f5e87bad3c948f4d605d)
Start importing Packages/com.unity.2d.animation/Editor/SpriteLib/SpriteLibraryEditor/UI/CustomElements using Guid(4741ec49ca1d5495b8ac277cc2b9df1a) Importer(2089858483,b0f066a214c2f5e87bad3c948f4d605d) (ScriptedImporter) -> (artifact id: 'a6ea137a2ae31e13780b0d5fa043affe') in 0.003056 seconds
Number of updated asset objects reloaded before import = 0Number of asset objects unloaded after import = 1

========================================================================
Received Import Request.
  Time since last request: 0.000067 seconds.
  path: Packages/com.unity.render-pipelines.universal/Editor/ShaderGraph/GraphTemplates
  artifactKey: Guid(60b56e270d26a0c4fbc0e33fe32113ae) Importer(2089858483,b0f066a214c2f5e87bad3c948f4d605d)
Start importing Packages/com.unity.render-pipelines.universal/Editor/ShaderGraph/GraphTemplates using Guid(60b56e270d26a0c4fbc0e33fe32113ae) Importer(2089858483,b0f066a214c2f5e87bad3c948f4d605d) (ScriptedImporter) -> (artifact id: '1f6be8582221474172db9c029030f0a8') in 0.002189875 seconds
Number of updated asset objects reloaded before import = 0Number of asset objects unloaded after import = 1

========================================================================
Received Import Request.
  Time since last request: 0.000053 seconds.
  path: Packages/com.unity.visualscripting/Editor/VisualScripting.Flow/Plugin/Changelogs
  artifactKey: Guid(f4a59cc4167794c82ac20fc006059f15) Importer(2089858483,b0f066a214c2f5e87bad3c948f4d605d)
Start importing Packages/com.unity.visualscripting/Editor/VisualScripting.Flow/Plugin/Changelogs using Guid(f4a59cc4167794c82ac20fc006059f15) Importer(2089858483,b0f066a214c2f5e87bad3c948f4d605d) (ScriptedImporter) -> (artifact id: '27cc08626b62e02d0a4577504a8c3926') in 0.001848208 seconds
Number of updated asset objects reloaded before import = 0Number of asset objects unloaded after import = 1

========================================================================
Received Import Request.
  Time since last request: 0.000057 seconds.
  path: Packages/com.unity.timeline/Editor/Window/ViewModel
  artifactKey: Guid(b9d7bb79ed0c2854a8a5ed7decc3e44f) Importer(2089858483,b0f066a214c2f5e87bad3c948f4d605d)
Start importing Packages/com.unity.timeline/Editor/Window/ViewModel using Guid(b9d7bb79ed0c2854a8a5ed7decc3e44f) Importer(2089858483,b0f066a214c2f5e87bad3c948f4d605d) (ScriptedImporter) -> (artifact id: 'a648d34ee893b8abdf01bf53c224502f') in 0.002367959 seconds
Number of updated asset objects reloaded before import = 0Number of asset objects unloaded after import = 1

========================================================================
Received Import Request.
  Time since last request: 0.000053 seconds.
  path: Packages/com.unity.searcher/Tests/Editor
  artifactKey: Guid(34555e4b3f5c96648900053f19531c68) Importer(2089858483,b0f066a214c2f5e87bad3c948f4d605d)
Start importing Packages/com.unity.searcher/Tests/Editor using Guid(34555e4b3f5c96648900053f19531c68) Importer(2089858483,b0f066a214c2f5e87bad3c948f4d605d) (ScriptedImporter) -> (artifact id: 'd2a7e16573b29d3433deb326f3ca2e5a') in 0.002099042 seconds
Number of updated asset objects reloaded before import = 0Number of asset objects unloaded after import = 1

========================================================================
Received Import Request.
  Time since last request: 0.000057 seconds.
  path: Packages/com.unity.render-pipelines.core/Tests/Runtime
  artifactKey: Guid(a189334a4e37b1247af4cfcedc20802c) Importer(2089858483,b0f066a214c2f5e87bad3c948f4d605d)
Start importing Packages/com.unity.render-pipelines.core/Tests/Runtime using Guid(a189334a4e37b1247af4cfcedc20802c) Importer(2089858483,b0f066a214c2f5e87bad3c948f4d605d) (ScriptedImporter) -> (artifact id: 'b19aa1f63358300816a32d43c2ff27bf') in 0.002153709 seconds
Number of updated asset objects reloaded before import = 0Number of asset objects unloaded after import = 1

========================================================================
Received Import Request.
  Time since last request: 0.000054 seconds.
  path: Packages/com.unity.2d.tilemap
  artifactKey: Guid(79062bf6e5abbccd251eab857360b87f) Importer(2089858483,b0f066a214c2f5e87bad3c948f4d605d)
Start importing Packages/com.unity.2d.tilemap using Guid(79062bf6e5abbccd251eab857360b87f) Importer(2089858483,b0f066a214c2f5e87bad3c948f4d605d) (ScriptedImporter) -> (artifact id: 'e4a460d6c263c36c17cce893e46b5b9a') in 0.002159583 seconds
Number of updated asset objects reloaded before import = 0Number of asset objects unloaded after import = 1

========================================================================
Received Import Request.
  Time since last request: 0.000049 seconds.
  path: Packages/com.unity.inputsystem/InputSystem/Editor/BuildPipeline
  artifactKey: Guid(cb6feb90190641c19dce92f09614edd4) Importer(2089858483,b0f066a214c2f5e87bad3c948f4d605d)
Start importing Packages/com.unity.inputsystem/InputSystem/Editor/BuildPipeline using Guid(cb6feb90190641c19dce92f09614edd4) Importer(2089858483,b0f066a214c2f5e87bad3c948f4d605d) (ScriptedImporter) -> (artifact id: '2ddc87e378e01d572348ead1706acf59') in 0.003276459 seconds
Number of updated asset objects reloaded before import = 0Number of asset objects unloaded after import = 1

========================================================================
Received Import Request.
  Time since last request: 0.000067 seconds.
  path: Packages/com.unity.2d.sprite/Editor/ObjectMenuCreation
  artifactKey: Guid(ffc051df01eb64128a79b31b97748c4c) Importer(2089858483,b0f066a214c2f5e87bad3c948f4d605d)
Start importing Packages/com.unity.2d.sprite/Editor/ObjectMenuCreation using Guid(ffc051df01eb64128a79b31b97748c4c) Importer(2089858483,b0f066a214c2f5e87bad3c948f4d605d) (ScriptedImporter) -> (artifact id: '6f68ff8740e0dcdedc84255d507d9a6a') in 0.00207125 seconds
Number of updated asset objects reloaded before import = 0Number of asset objects unloaded after import = 1

========================================================================
Received Import Request.
  Time since last request: 0.000042 seconds.
  path: Packages/com.unity.visualscripting/Editor/VisualScripting.Core/Widgets/StickyNote
  artifactKey: Guid(f165647d37e949a79b9f0b21c39b66f7) Importer(2089858483,b0f066a214c2f5e87bad3c948f4d605d)
Start importing Packages/com.unity.visualscripting/Editor/VisualScripting.Core/Widgets/StickyNote using Guid(f165647d37e949a79b9f0b21c39b66f7) Importer(2089858483,b0f066a214c2f5e87bad3c948f4d605d) (ScriptedImporter) -> (artifact id: '0d8621b5f800c1267922f5f10c70ba38') in 0.002136791 seconds
Number of updated asset objects reloaded before import = 0Number of asset objects unloaded after import = 1

========================================================================
Received Import Request.
  Time since last request: 0.000053 seconds.
  path: Packages/com.unity.render-pipelines.universal/Editor/VFXGraph/Shaders/Templates/ParticlePlanarPrimitivesLit
  artifactKey: Guid(2eda2aff451e93441b6b576a8db601a3) Importer(2089858483,b0f066a214c2f5e87bad3c948f4d605d)
Start importing Packages/com.unity.render-pipelines.universal/Editor/VFXGraph/Shaders/Templates/ParticlePlanarPrimitivesLit using Guid(2eda2aff451e93441b6b576a8db601a3) Importer(2089858483,b0f066a214c2f5e87bad3c948f4d605d) (ScriptedImporter) -> (artifact id: 'd012887f0918fb04f601d77e07d2e7b5') in 0.002228917 seconds
Number of updated asset objects reloaded before import = 0Number of asset objects unloaded after import = 1

========================================================================
Received Import Request.
  Time since last request: 0.000059 seconds.
  path: Packages/com.unity.2d.sprite/Editor/SpriteEditorModule/SpriteFrameModule/SpriteFrameEditor
  artifactKey: Guid(2d68391cb3f74b2c93616b2a26d7b85f) Importer(2089858483,b0f066a214c2f5e87bad3c948f4d605d)
Start importing Packages/com.unity.2d.sprite/Editor/SpriteEditorModule/SpriteFrameModule/SpriteFrameEditor using Guid(2d68391cb3f74b2c93616b2a26d7b85f) Importer(2089858483,b0f066a214c2f5e87bad3c948f4d605d) (ScriptedImporter) -> (artifact id: '3e9dcae80163678d40de85c0e4131861') in 0.002207958 seconds
Number of updated asset objects reloaded before import = 0Number of asset objects unloaded after import = 1

========================================================================
Received Import Request.
  Time since last request: 0.000049 seconds.
  path: Packages/com.unity.collab-proxy/Lib/Editor/TextMateSharp/Onigwrap/libonigwrap/win-arm64
  artifactKey: Guid(5a1dbdb524f764c34b894c8c2b21e31f) Importer(2089858483,b0f066a214c2f5e87bad3c948f4d605d)
Start importing Packages/com.unity.collab-proxy/Lib/Editor/TextMateSharp/Onigwrap/libonigwrap/win-arm64 using Guid(5a1dbdb524f764c34b894c8c2b21e31f) Importer(2089858483,b0f066a214c2f5e87bad3c948f4d605d) (ScriptedImporter) -> (artifact id: '9d60d6b070090961406f6270a1a6393a') in 0.002129833 seconds
Number of updated asset objects reloaded before import = 0Number of asset objects unloaded after import = 1

========================================================================
Received Import Request.
  Time since last request: 0.000055 seconds.
  path: Packages/com.unity.inputsystem/InputSystem/Editor/Internal
  artifactKey: Guid(8377f8bca2884d3ba3dd053d9b5d06f7) Importer(2089858483,b0f066a214c2f5e87bad3c948f4d605d)
Start importing Packages/com.unity.inputsystem/InputSystem/Editor/Internal using Guid(8377f8bca2884d3ba3dd053d9b5d06f7) Importer(2089858483,b0f066a214c2f5e87bad3c948f4d605d) (ScriptedImporter) -> (artifact id: '5cce85e995e1b2b92fa6ea186e063931') in 0.002347833 seconds
Number of updated asset objects reloaded before import = 0Number of asset objects unloaded after import = 1

========================================================================
Received Import Request.
  Time since last request: 0.000050 seconds.
  path: Packages/com.unity.render-pipelines.core/Tests
  artifactKey: Guid(6c67acbbc1ebd5a479b3bef04c939d02) Importer(2089858483,b0f066a214c2f5e87bad3c948f4d605d)
Start importing Packages/com.unity.render-pipelines.core/Tests using Guid(6c67acbbc1ebd5a479b3bef04c939d02) Importer(2089858483,b0f066a214c2f5e87bad3c948f4d605d) (ScriptedImporter) -> (artifact id: 'f4be3f95603ee28a564a48a9e86088af') in 0.002047166 seconds
Number of updated asset objects reloaded before import = 0Number of asset objects unloaded after import = 1

========================================================================
Received Import Request.
  Time since last request: 0.000077 seconds.
  path: Packages/com.unity.2d.spriteshape/Editor/ObjectMenuCreation/DefaultAssets/Textures
  artifactKey: Guid(45c16cc47672e45fa8b2294183f3711d) Importer(2089858483,b0f066a214c2f5e87bad3c948f4d605d)
Start importing Packages/com.unity.2d.spriteshape/Editor/ObjectMenuCreation/DefaultAssets/Textures using Guid(45c16cc47672e45fa8b2294183f3711d) Importer(2089858483,b0f066a214c2f5e87bad3c948f4d605d) (ScriptedImporter) -> (artifact id: 'a94190348ce92d4f4b708c8048ac07e2') in 0.00204275 seconds
Number of updated asset objects reloaded before import = 0Number of asset objects unloaded after import = 1

========================================================================
Received Import Request.
  Time since last request: 0.000052 seconds.
  path: Packages/com.unity.collab-proxy/Editor/Views/BranchExplorer/Drawing
  artifactKey: Guid(08971b3b50484acd81bdf19e0b4beb5f) Importer(2089858483,b0f066a214c2f5e87bad3c948f4d605d)
Start importing Packages/com.unity.collab-proxy/Editor/Views/BranchExplorer/Drawing using Guid(08971b3b50484acd81bdf19e0b4beb5f) Importer(2089858483,b0f066a214c2f5e87bad3c948f4d605d) (ScriptedImporter) -> (artifact id: '303b8fb40392c9d1c86cadabc2c60f43') in 0.00249275 seconds
Number of updated asset objects reloaded before import = 0Number of asset objects unloaded after import = 1

========================================================================
Received Import Request.
  Time since last request: 0.000079 seconds.
  path: Packages/com.unity.render-pipelines.core/Tests/Editor/XR
  artifactKey: Guid(6c39937ba9ca4a3d9bfd4613712ac88e) Importer(2089858483,b0f066a214c2f5e87bad3c948f4d605d)
Start importing Packages/com.unity.render-pipelines.core/Tests/Editor/XR using Guid(6c39937ba9ca4a3d9bfd4613712ac88e) Importer(2089858483,b0f066a214c2f5e87bad3c948f4d605d) (ScriptedImporter) -> (artifact id: 'bb310599245b6b9f9ab425f193c6ff36') in 0.002114 seconds
Number of updated asset objects reloaded before import = 0Number of asset objects unloaded after import = 1

========================================================================
Received Import Request.
  Time since last request: 0.000038 seconds.
  path: Packages/com.unity.render-pipelines.core/Editor/Lighting/ProbeVolume/VirtualOffset
  artifactKey: Guid(dfcc0fb5ecf4d6c4e8654b6853578ceb) Importer(2089858483,b0f066a214c2f5e87bad3c948f4d605d)
Start importing Packages/com.unity.render-pipelines.core/Editor/Lighting/ProbeVolume/VirtualOffset using Guid(dfcc0fb5ecf4d6c4e8654b6853578ceb) Importer(2089858483,b0f066a214c2f5e87bad3c948f4d605d) (ScriptedImporter) -> (artifact id: '3214d791f8a83a03cadb7071a5bb31c2') in 0.002221375 seconds
Number of updated asset objects reloaded before import = 0Number of asset objects unloaded after import = 1

========================================================================
Received Import Request.
  Time since last request: 0.000068 seconds.
  path: Packages/com.unity.burst/Runtime/CompilerServices
  artifactKey: Guid(d549366794d73f618193482d7f40ae75) Importer(2089858483,b0f066a214c2f5e87bad3c948f4d605d)
Start importing Packages/com.unity.burst/Runtime/CompilerServices using Guid(d549366794d73f618193482d7f40ae75) Importer(2089858483,b0f066a214c2f5e87bad3c948f4d605d) (ScriptedImporter) -> (artifact id: '25c5901315f4379f3c8cf77bcdec039b') in 0.005118333 seconds
Number of updated asset objects reloaded before import = 0Number of asset objects unloaded after import = 1

========================================================================
Received Import Request.
  Time since last request: 0.000059 seconds.
  path: Packages/com.unity.inputsystem/InputSystem/Editor/Plugins/iOS
  artifactKey: Guid(0210636210b964e4cb07b817e5ce6481) Importer(2089858483,b0f066a214c2f5e87bad3c948f4d605d)
Start importing Packages/com.unity.inputsystem/InputSystem/Editor/Plugins/iOS using Guid(0210636210b964e4cb07b817e5ce6481) Importer(2089858483,b0f066a214c2f5e87bad3c948f4d605d) (ScriptedImporter) -> (artifact id: '184b919bc8da9807fd45fb7ad6ea4fea') in 0.007116125 seconds
Number of updated asset objects reloaded before import = 0Number of asset objects unloaded after import = 1

========================================================================
Received Import Request.
  Time since last request: 0.000041 seconds.
  path: Packages/com.unity.visualscripting/Editor/VisualScripting.Core/Threading
  artifactKey: Guid(7cea125ea0f314b51a730976d9464df0) Importer(2089858483,b0f066a214c2f5e87bad3c948f4d605d)
Start importing Packages/com.unity.visualscripting/Editor/VisualScripting.Core/Threading using Guid(7cea125ea0f314b51a730976d9464df0) Importer(2089858483,b0f066a214c2f5e87bad3c948f4d605d) (ScriptedImporter) -> (artifact id: 'fa4d7e89ae92c6653eb92484bb12ffc4') in 0.002013208 seconds
Number of updated asset objects reloaded before import = 0Number of asset objects unloaded after import = 1

========================================================================
Received Import Request.
  Time since last request: 0.000040 seconds.
  path: Packages/com.unity.render-pipelines.core/Runtime/PostProcessing
  artifactKey: Guid(9e73364bb6949f24d93418df2ba0c1b1) Importer(2089858483,b0f066a214c2f5e87bad3c948f4d605d)
Start importing Packages/com.unity.render-pipelines.core/Runtime/PostProcessing using Guid(9e73364bb6949f24d93418df2ba0c1b1) Importer(2089858483,b0f066a214c2f5e87bad3c948f4d605d) (ScriptedImporter) -> (artifact id: 'fe3c61b1852757400dd7c9b8e0a9d4c5') in 0.002075542 seconds
Number of updated asset objects reloaded before import = 0Number of asset objects unloaded after import = 1

========================================================================
Received Import Request.
  Time since last request: 0.000053 seconds.
  path: Packages/com.unity.ide.rider/Rider/Editor/ProjectGeneration
  artifactKey: Guid(313cbe17019f1934397f91069831062c) Importer(2089858483,b0f066a214c2f5e87bad3c948f4d605d)
Start importing Packages/com.unity.ide.rider/Rider/Editor/ProjectGeneration using Guid(313cbe17019f1934397f91069831062c) Importer(2089858483,b0f066a214c2f5e87bad3c948f4d605d) (ScriptedImporter) -> (artifact id: '6ce45074ea612764f05fd039ee65318a') in 0.002164041 seconds
Number of updated asset objects reloaded before import = 0Number of asset objects unloaded after import = 1

========================================================================
Received Import Request.
  Time since last request: 0.000042 seconds.
  path: Packages/com.unity.render-pipelines.universal/Textures/FilmGrain
  artifactKey: Guid(35e7db2dee6acee439714675bb2193f9) Importer(2089858483,b0f066a214c2f5e87bad3c948f4d605d)
Start importing Packages/com.unity.render-pipelines.universal/Textures/FilmGrain using Guid(35e7db2dee6acee439714675bb2193f9) Importer(2089858483,b0f066a214c2f5e87bad3c948f4d605d) (ScriptedImporter) -> (artifact id: 'fa70f8ddac1f922e23d194821cfff415') in 0.002304334 seconds
Number of updated asset objects reloaded before import = 0Number of asset objects unloaded after import = 1

========================================================================
Received Import Request.
  Time since last request: 0.000040 seconds.
  path: Packages/com.unity.visualscripting/Runtime/VisualScripting.Flow/Framework/Events/Input
  artifactKey: Guid(e9d0cb75db03b44ebae978ba3dbcd6de) Importer(2089858483,b0f066a214c2f5e87bad3c948f4d605d)
Start importing Packages/com.unity.visualscripting/Runtime/VisualScripting.Flow/Framework/Events/Input using Guid(e9d0cb75db03b44ebae978ba3dbcd6de) Importer(2089858483,b0f066a214c2f5e87bad3c948f4d605d) (ScriptedImporter) -> (artifact id: '262486e02ae06880d13aec05b8bbe9e6') in 0.002377125 seconds
Number of updated asset objects reloaded before import = 0Number of asset objects unloaded after import = 1

========================================================================
Received Import Request.
  Time since last request: 0.000054 seconds.
  path: Packages/com.unity.visualscripting/Runtime/VisualScripting.Core/Listeners/UIInterfaces
  artifactKey: Guid(5afcc60754c24fa39866d5a4fd95fcc1) Importer(2089858483,b0f066a214c2f5e87bad3c948f4d605d)
Start importing Packages/com.unity.visualscripting/Runtime/VisualScripting.Core/Listeners/UIInterfaces using Guid(5afcc60754c24fa39866d5a4fd95fcc1) Importer(2089858483,b0f066a214c2f5e87bad3c948f4d605d) (ScriptedImporter) -> (artifact id: '83f6f4a0d6b955729faf669dec72627e') in 0.002024209 seconds
Number of updated asset objects reloaded before import = 0Number of asset objects unloaded after import = 1

========================================================================
Received Import Request.
  Time since last request: 0.000053 seconds.
  path: Packages/com.unity.visualscripting/Editor/VisualScripting.Core/ResourceProviders
  artifactKey: Guid(5b837e1d1a64a47099597077ae47b23b) Importer(2089858483,b0f066a214c2f5e87bad3c948f4d605d)
Start importing Packages/com.unity.visualscripting/Editor/VisualScripting.Core/ResourceProviders using Guid(5b837e1d1a64a47099597077ae47b23b) Importer(2089858483,b0f066a214c2f5e87bad3c948f4d605d) (ScriptedImporter) -> (artifact id: 'faa6fe7afdc3cf14be26795d634e2e7b') in 0.002324916 seconds
Number of updated asset objects reloaded before import = 0Number of asset objects unloaded after import = 1

========================================================================
Received Import Request.
  Time since last request: 0.000067 seconds.
  path: Packages/com.unity.timeline/Editor/Manipulators/AddDelete
  artifactKey: Guid(db34f310723c62440a05d3e69f262a70) Importer(2089858483,b0f066a214c2f5e87bad3c948f4d605d)
Start importing Packages/com.unity.timeline/Editor/Manipulators/AddDelete using Guid(db34f310723c62440a05d3e69f262a70) Importer(2089858483,b0f066a214c2f5e87bad3c948f4d605d) (ScriptedImporter) -> (artifact id: '43c297fb2fe59bbaebd7ca1dfa599205') in 0.0020515 seconds
Number of updated asset objects reloaded before import = 0Number of asset objects unloaded after import = 1

========================================================================
Received Import Request.
  Time since last request: 0.000039 seconds.
  path: Packages/com.unity.render-pipelines.core/Editor/Controls
  artifactKey: Guid(19a8f70f36adc46b8a4ebd0954643553) Importer(2089858483,b0f066a214c2f5e87bad3c948f4d605d)
Start importing Packages/com.unity.render-pipelines.core/Editor/Controls using Guid(19a8f70f36adc46b8a4ebd0954643553) Importer(2089858483,b0f066a214c2f5e87bad3c948f4d605d) (ScriptedImporter) -> (artifact id: '73f8502416dd5a603d671cfa09f7fa1a') in 0.002178541 seconds
Number of updated asset objects reloaded before import = 0Number of asset objects unloaded after import = 1

========================================================================
Received Import Request.
  Time since last request: 0.000051 seconds.
  path: Packages/com.unity.render-pipelines.universal/Editor/ShaderGraph/Templates
  artifactKey: Guid(3efb14e4a7f35d24899cd83aa303d48b) Importer(2089858483,b0f066a214c2f5e87bad3c948f4d605d)
Start importing Packages/com.unity.render-pipelines.universal/Editor/ShaderGraph/Templates using Guid(3efb14e4a7f35d24899cd83aa303d48b) Importer(2089858483,b0f066a214c2f5e87bad3c948f4d605d) (ScriptedImporter) -> (artifact id: '197cb55b192af5a518148141af693f9c') in 0.002211792 seconds
Number of updated asset objects reloaded before import = 0Number of asset objects unloaded after import = 1

========================================================================
Received Import Request.
  Time since last request: 0.000064 seconds.
  path: Packages/com.unity.render-pipelines.core/Editor/Lighting/Shadow
  artifactKey: Guid(9f9a42fd802a4b144b2d7b1a4f4a0463) Importer(2089858483,b0f066a214c2f5e87bad3c948f4d605d)
Start importing Packages/com.unity.render-pipelines.core/Editor/Lighting/Shadow using Guid(9f9a42fd802a4b144b2d7b1a4f4a0463) Importer(2089858483,b0f066a214c2f5e87bad3c948f4d605d) (ScriptedImporter) -> (artifact id: 'f436fcf8ae46e0792ce90e709ee42e95') in 0.002112417 seconds
Number of updated asset objects reloaded before import = 0Number of asset objects unloaded after import = 1

========================================================================
Received Import Request.
  Time since last request: 0.000044 seconds.
  path: Packages/com.unity.visualscripting/Editor/VisualScripting.Flow/Events
  artifactKey: Guid(bc884dcacf46c4fd28fe9c7e605b46b4) Importer(2089858483,b0f066a214c2f5e87bad3c948f4d605d)
Start importing Packages/com.unity.visualscripting/Editor/VisualScripting.Flow/Events using Guid(bc884dcacf46c4fd28fe9c7e605b46b4) Importer(2089858483,b0f066a214c2f5e87bad3c948f4d605d) (ScriptedImporter) -> (artifact id: '31b583716493c0da6b5233af933f0a62') in 0.002269917 seconds
Number of updated asset objects reloaded before import = 0Number of asset objects unloaded after import = 1

========================================================================
Received Import Request.
  Time since last request: 0.000070 seconds.
  path: Packages/com.unity.render-pipelines.universal/Textures/2D
  artifactKey: Guid(2ae61866cb0cccf4f820e4c006da6c91) Importer(2089858483,b0f066a214c2f5e87bad3c948f4d605d)
Start importing Packages/com.unity.render-pipelines.universal/Textures/2D using Guid(2ae61866cb0cccf4f820e4c006da6c91) Importer(2089858483,b0f066a214c2f5e87bad3c948f4d605d) (ScriptedImporter) -> (artifact id: '483a7636984c3ef48a2a24ade44c8e00') in 0.002432208 seconds
Number of updated asset objects reloaded before import = 0Number of asset objects unloaded after import = 1

========================================================================
Received Import Request.
  Time since last request: 0.000040 seconds.
  path: Packages/com.unity.inputsystem/InputSystem/Runtime/Plugins/DualShock
  artifactKey: Guid(6eefa91e7a89647338245ee3818141d1) Importer(2089858483,b0f066a214c2f5e87bad3c948f4d605d)
Start importing Packages/com.unity.inputsystem/InputSystem/Runtime/Plugins/DualShock using Guid(6eefa91e7a89647338245ee3818141d1) Importer(2089858483,b0f066a214c2f5e87bad3c948f4d605d) (ScriptedImporter) -> (artifact id: '512783394d175f48da2bcf2b1b9a556d') in 0.002224583 seconds
Number of updated asset objects reloaded before import = 0Number of asset objects unloaded after import = 1

========================================================================
Received Import Request.
  Time since last request: 0.000068 seconds.
  path: Packages/com.unity.visualscripting/Editor/VisualScripting.State/Plugin/Migrations
  artifactKey: Guid(0b1525bda7254587be55ddfe956a7b96) Importer(2089858483,b0f066a214c2f5e87bad3c948f4d605d)
Start importing Packages/com.unity.visualscripting/Editor/VisualScripting.State/Plugin/Migrations using Guid(0b1525bda7254587be55ddfe956a7b96) Importer(2089858483,b0f066a214c2f5e87bad3c948f4d605d) (ScriptedImporter) -> (artifact id: 'd22aa6260b82475abbb0d78b64df1633') in 0.002051875 seconds
Number of updated asset objects reloaded before import = 0Number of asset objects unloaded after import = 1

========================================================================
Received Import Request.
  Time since last request: 0.000047 seconds.
  path: Packages/com.unity.visualscripting/Editor/VisualScripting.State/Description
  artifactKey: Guid(704dcfe5d449b4fc1872497f985b71f9) Importer(2089858483,b0f066a214c2f5e87bad3c948f4d605d)
Start importing Packages/com.unity.visualscripting/Editor/VisualScripting.State/Description using Guid(704dcfe5d449b4fc1872497f985b71f9) Importer(2089858483,b0f066a214c2f5e87bad3c948f4d605d) (ScriptedImporter) -> (artifact id: '5dead310e40474da471eb6cc8337334c') in 0.002165375 seconds
Number of updated asset objects reloaded before import = 0Number of asset objects unloaded after import = 1

========================================================================
Received Import Request.
  Time since last request: 0.000040 seconds.
  path: Packages/com.unity.render-pipelines.core/Runtime/RenderGraph
  artifactKey: Guid(43d913b927fc7e84db1f869b3aa27324) Importer(2089858483,b0f066a214c2f5e87bad3c948f4d605d)
Start importing Packages/com.unity.render-pipelines.core/Runtime/RenderGraph using Guid(43d913b927fc7e84db1f869b3aa27324) Importer(2089858483,b0f066a214c2f5e87bad3c948f4d605d) (ScriptedImporter) -> (artifact id: '02eb64fb53f38fee31e9c3c3bd772fa6') in 0.002254791 seconds
Number of updated asset objects reloaded before import = 0Number of asset objects unloaded after import = 1

========================================================================
Received Import Request.
  Time since last request: 0.000067 seconds.
  path: Packages/com.unity.visualscripting/Editor/VisualScripting.State/Transitions
  artifactKey: Guid(e17173ebecc44441bb9cd7fdbd472504) Importer(2089858483,b0f066a214c2f5e87bad3c948f4d605d)
Start importing Packages/com.unity.visualscripting/Editor/VisualScripting.State/Transitions using Guid(e17173ebecc44441bb9cd7fdbd472504) Importer(2089858483,b0f066a214c2f5e87bad3c948f4d605d) (ScriptedImporter) -> (artifact id: '2e48ef9fa7768249f5852f59a3903397') in 0.002402708 seconds
Number of updated asset objects reloaded before import = 0Number of asset objects unloaded after import = 1

========================================================================
Received Import Request.
  Time since last request: 0.000061 seconds.
  path: Packages/com.unity.timeline/Editor/treeview
  artifactKey: Guid(ffcbe86028d681144b703991885c535a) Importer(2089858483,b0f066a214c2f5e87bad3c948f4d605d)
Start importing Packages/com.unity.timeline/Editor/treeview using Guid(ffcbe86028d681144b703991885c535a) Importer(2089858483,b0f066a214c2f5e87bad3c948f4d605d) (ScriptedImporter) -> (artifact id: '23f927c373ac1b2be4fee0fa1ccd1afa') in 0.002276083 seconds
Number of updated asset objects reloaded before import = 0Number of asset objects unloaded after import = 1

========================================================================
Received Import Request.
  Time since last request: 0.000047 seconds.
  path: Packages/com.unity.render-pipelines.core/Runtime/Textures
  artifactKey: Guid(89be4d313c8b0fa4c8d2449dbbbf13f0) Importer(2089858483,b0f066a214c2f5e87bad3c948f4d605d)
Start importing Packages/com.unity.render-pipelines.core/Runtime/Textures using Guid(89be4d313c8b0fa4c8d2449dbbbf13f0) Importer(2089858483,b0f066a214c2f5e87bad3c948f4d605d) (ScriptedImporter) -> (artifact id: '1059b1cfbb943e06fafd7747db2e9ea9') in 0.002341 seconds
Number of updated asset objects reloaded before import = 0Number of asset objects unloaded after import = 1

========================================================================
Received Import Request.
  Time since last request: 0.000038 seconds.
  path: Packages/com.unity.ugui/Runtime/UGUI/UI/Core
  artifactKey: Guid(12c42068351bb084abde965d725b9887) Importer(2089858483,b0f066a214c2f5e87bad3c948f4d605d)
Start importing Packages/com.unity.ugui/Runtime/UGUI/UI/Core using Guid(12c42068351bb084abde965d725b9887) Importer(2089858483,b0f066a214c2f5e87bad3c948f4d605d) (ScriptedImporter) -> (artifact id: '3c65cbd6e79c451333a8a7fc058581aa') in 0.002148875 seconds
Number of updated asset objects reloaded before import = 0Number of asset objects unloaded after import = 1

========================================================================
Received Import Request.
  Time since last request: 0.000067 seconds.
  path: Packages/com.unity.2d.tooling/Editor/Insider/SpriteAtlas/SpriteAtlasIssueReport/UIElement/CommonSpriteAtlasIssueView
  artifactKey: Guid(e6eaf65e87b042ddaf5a91ef8b512fb7) Importer(2089858483,b0f066a214c2f5e87bad3c948f4d605d)
Start importing Packages/com.unity.2d.tooling/Editor/Insider/SpriteAtlas/SpriteAtlasIssueReport/UIElement/CommonSpriteAtlasIssueView using Guid(e6eaf65e87b042ddaf5a91ef8b512fb7) Importer(2089858483,b0f066a214c2f5e87bad3c948f4d605d) (ScriptedImporter) -> (artifact id: 'dfc1e1327909ac1092709bca79e81101') in 0.002301916 seconds
Number of updated asset objects reloaded before import = 0Number of asset objects unloaded after import = 1

========================================================================
Received Import Request.
  Time since last request: 0.000037 seconds.
  path: Packages/com.unity.2d.common/Path/Editor/Handles
  artifactKey: Guid(f24350129d71841b688a3c8de8944912) Importer(2089858483,b0f066a214c2f5e87bad3c948f4d605d)
Start importing Packages/com.unity.2d.common/Path/Editor/Handles using Guid(f24350129d71841b688a3c8de8944912) Importer(2089858483,b0f066a214c2f5e87bad3c948f4d605d) (ScriptedImporter) -> (artifact id: '2aea9dcf30c37f7f8778628d5cb72638') in 0.002081625 seconds
Number of updated asset objects reloaded before import = 0Number of asset objects unloaded after import = 1

========================================================================
Received Import Request.
  Time since last request: 0.000058 seconds.
  path: Packages/com.unity.shadergraph/Editor/Generation/Data
  artifactKey: Guid(f78c50a65bb1b22409719a84b48ff794) Importer(2089858483,b0f066a214c2f5e87bad3c948f4d605d)
Start importing Packages/com.unity.shadergraph/Editor/Generation/Data using Guid(f78c50a65bb1b22409719a84b48ff794) Importer(2089858483,b0f066a214c2f5e87bad3c948f4d605d) (ScriptedImporter) -> (artifact id: '7393387ae95788556068be5307b4cffd') in 0.002079459 seconds
Number of updated asset objects reloaded before import = 0Number of asset objects unloaded after import = 1

========================================================================
Received Import Request.
  Time since last request: 0.000055 seconds.
  path: Packages/com.unity.collab-proxy/Editor/AssetsUtils
  artifactKey: Guid(b32be061a815d6947bc3594cdcb94a1c) Importer(2089858483,b0f066a214c2f5e87bad3c948f4d605d)
Start importing Packages/com.unity.collab-proxy/Editor/AssetsUtils using Guid(b32be061a815d6947bc3594cdcb94a1c) Importer(2089858483,b0f066a214c2f5e87bad3c948f4d605d) (ScriptedImporter) -> (artifact id: 'a8e6ce267d88883ab6a797bc7b00692f') in 0.0022425 seconds
Number of updated asset objects reloaded before import = 0Number of asset objects unloaded after import = 1

========================================================================
Received Import Request.
  Time since last request: 0.000062 seconds.
  path: Packages/com.unity.visualscripting/Editor/SettingsProvider/ProjectSettings
  artifactKey: Guid(a06b4d04018343b99f255da7f18559d1) Importer(2089858483,b0f066a214c2f5e87bad3c948f4d605d)
Start importing Packages/com.unity.visualscripting/Editor/SettingsProvider/ProjectSettings using Guid(a06b4d04018343b99f255da7f18559d1) Importer(2089858483,b0f066a214c2f5e87bad3c948f4d605d) (ScriptedImporter) -> (artifact id: '7026f462c2ede6916a49d7c07bc9a8c8') in 0.003450917 seconds
Number of updated asset objects reloaded before import = 0Number of asset objects unloaded after import = 1

========================================================================
Received Import Request.
  Time since last request: 0.000041 seconds.
  path: Packages/com.unity.collab-proxy/Editor/Settings
  artifactKey: Guid(7fcdfb5c2eb94505a448f79f2f6fceb4) Importer(2089858483,b0f066a214c2f5e87bad3c948f4d605d)
Start importing Packages/com.unity.collab-proxy/Editor/Settings using Guid(7fcdfb5c2eb94505a448f79f2f6fceb4) Importer(2089858483,b0f066a214c2f5e87bad3c948f4d605d) (ScriptedImporter) -> (artifact id: '846c2b3177c6b8c597690bbe7279a521') in 0.002103667 seconds
Number of updated asset objects reloaded before import = 0Number of asset objects unloaded after import = 1

========================================================================
Received Import Request.
  Time since last request: 0.000060 seconds.
  path: Packages/com.unity.inputsystem/Tests/TestFixture
  artifactKey: Guid(e349610bc4b1546dd94c6dab37414d2b) Importer(2089858483,b0f066a214c2f5e87bad3c948f4d605d)
Start importing Packages/com.unity.inputsystem/Tests/TestFixture using Guid(e349610bc4b1546dd94c6dab37414d2b) Importer(2089858483,b0f066a214c2f5e87bad3c948f4d605d) (ScriptedImporter) -> (artifact id: 'a39e6462c68f32116b30a2101a619b9f') in 0.002043459 seconds
Number of updated asset objects reloaded before import = 0Number of asset objects unloaded after import = 1

========================================================================
Received Import Request.
  Time since last request: 0.000046 seconds.
  path: Packages/com.unity.visualscripting/Editor/VisualScripting.Core/Variables
  artifactKey: Guid(06048b058d37f4b2ebb35cec1ac211e8) Importer(2089858483,b0f066a214c2f5e87bad3c948f4d605d)
Start importing Packages/com.unity.visualscripting/Editor/VisualScripting.Core/Variables using Guid(06048b058d37f4b2ebb35cec1ac211e8) Importer(2089858483,b0f066a214c2f5e87bad3c948f4d605d) (ScriptedImporter) -> (artifact id: '092935336906c1f24cd43a8f6c2ce310') in 0.002179667 seconds
Number of updated asset objects reloaded before import = 0Number of asset objects unloaded after import = 1

========================================================================
Received Import Request.
  Time since last request: 0.000061 seconds.
  path: Packages/com.unity.timeline/Editor/treeview/Snapping
  artifactKey: Guid(06ae1baf5524b314fa65b173b9eca869) Importer(2089858483,b0f066a214c2f5e87bad3c948f4d605d)
Start importing Packages/com.unity.timeline/Editor/treeview/Snapping using Guid(06ae1baf5524b314fa65b173b9eca869) Importer(2089858483,b0f066a214c2f5e87bad3c948f4d605d) (ScriptedImporter) -> (artifact id: '9f988a06cacb61fe91b0a293de623653') in 0.001997958 seconds
Number of updated asset objects reloaded before import = 0Number of asset objects unloaded after import = 1

========================================================================
Received Import Request.
  Time since last request: 0.000041 seconds.
  path: Packages/com.unity.collab-proxy/Editor/CloudDrive/Welcome
  artifactKey: Guid(0381a8a02199c28428a0ebfd1433282d) Importer(2089858483,b0f066a214c2f5e87bad3c948f4d605d)
Start importing Packages/com.unity.collab-proxy/Editor/CloudDrive/Welcome using Guid(0381a8a02199c28428a0ebfd1433282d) Importer(2089858483,b0f066a214c2f5e87bad3c948f4d605d) (ScriptedImporter) -> (artifact id: '411e44afc13100e692ebc08d73666690') in 0.002096458 seconds
Number of updated asset objects reloaded before import = 0Number of asset objects unloaded after import = 1

========================================================================
Received Import Request.
  Time since last request: 0.000060 seconds.
  path: Packages/com.unity.collab-proxy/Editor/Diff/Image/Views/Differences
  artifactKey: Guid(6702045c2697453fae61a67931fbef13) Importer(2089858483,b0f066a214c2f5e87bad3c948f4d605d)
Start importing Packages/com.unity.collab-proxy/Editor/Diff/Image/Views/Differences using Guid(6702045c2697453fae61a67931fbef13) Importer(2089858483,b0f066a214c2f5e87bad3c948f4d605d) (ScriptedImporter) -> (artifact id: '60330c8091f2c2bc9b0a5f567cf3b381') in 0.001986375 seconds
Number of updated asset objects reloaded before import = 0Number of asset objects unloaded after import = 1

========================================================================
Received Import Request.
  Time since last request: 0.000051 seconds.
  path: Packages/com.unity.mathematics/Unity.Mathematics.Editor
  artifactKey: Guid(ed3cf288b647446a1a4040049eb363d7) Importer(2089858483,b0f066a214c2f5e87bad3c948f4d605d)
Start importing Packages/com.unity.mathematics/Unity.Mathematics.Editor using Guid(ed3cf288b647446a1a4040049eb363d7) Importer(2089858483,b0f066a214c2f5e87bad3c948f4d605d) (ScriptedImporter) -> (artifact id: 'b3716ceaccd4bdb4751ef644f2532612') in 0.002299958 seconds
Number of updated asset objects reloaded before import = 0Number of asset objects unloaded after import = 1

========================================================================
Received Import Request.
  Time since last request: 0.000067 seconds.
  path: Packages/com.unity.visualscripting/Editor/VisualScripting.Core/Windows/AboutWindow
  artifactKey: Guid(c230e5e8711e3480ea2e33b6bac3ebe5) Importer(2089858483,b0f066a214c2f5e87bad3c948f4d605d)
Start importing Packages/com.unity.visualscripting/Editor/VisualScripting.Core/Windows/AboutWindow using Guid(c230e5e8711e3480ea2e33b6bac3ebe5) Importer(2089858483,b0f066a214c2f5e87bad3c948f4d605d) (ScriptedImporter) -> (artifact id: 'eca934b13ec030ac1e30a2c3dd8b2790') in 0.002055625 seconds
Number of updated asset objects reloaded before import = 0Number of asset objects unloaded after import = 1

========================================================================
Received Import Request.
  Time since last request: 0.000064 seconds.
  path: Packages/com.unity.timeline/Editor/treeview/Drawers/Layers
  artifactKey: Guid(16388ae022a89264b84107f0c1b44680) Importer(2089858483,b0f066a214c2f5e87bad3c948f4d605d)
Start importing Packages/com.unity.timeline/Editor/treeview/Drawers/Layers using Guid(16388ae022a89264b84107f0c1b44680) Importer(2089858483,b0f066a214c2f5e87bad3c948f4d605d) (ScriptedImporter) -> (artifact id: '7a8526cabe34eed6b896bf8b81b46b38') in 0.0023305 seconds
Number of updated asset objects reloaded before import = 0Number of asset objects unloaded after import = 1

========================================================================
Received Import Request.
  Time since last request: 0.000061 seconds.
  path: Packages/com.unity.visualscripting/Runtime/VisualScripting.Core/Dependencies/FullSerializer
  artifactKey: Guid(febf30edd777246c5afbf74d55f387d7) Importer(2089858483,b0f066a214c2f5e87bad3c948f4d605d)
Start importing Packages/com.unity.visualscripting/Runtime/VisualScripting.Core/Dependencies/FullSerializer using Guid(febf30edd777246c5afbf74d55f387d7) Importer(2089858483,b0f066a214c2f5e87bad3c948f4d605d) (ScriptedImporter) -> (artifact id: 'f405530779c802c2ec13f35494775c1c') in 0.002072125 seconds
Number of updated asset objects reloaded before import = 0Number of asset objects unloaded after import = 1

========================================================================
Received Import Request.
  Time since last request: 0.000042 seconds.
  path: Packages/com.unity.test-framework/UnityEngine.TestRunner/Assertions/LogScope
  artifactKey: Guid(b1d8465ba1376b148bdab58965101f47) Importer(2089858483,b0f066a214c2f5e87bad3c948f4d605d)
Start importing Packages/com.unity.test-framework/UnityEngine.TestRunner/Assertions/LogScope using Guid(b1d8465ba1376b148bdab58965101f47) Importer(2089858483,b0f066a214c2f5e87bad3c948f4d605d) (ScriptedImporter) -> (artifact id: '5c462ac9d599c0abcd7e637457037fd2') in 0.002125459 seconds
Number of updated asset objects reloaded before import = 0Number of asset objects unloaded after import = 1

========================================================================
Received Import Request.
  Time since last request: 0.000058 seconds.
  path: Packages/com.unity.shadergraph/Editor/Data/SubGraph
  artifactKey: Guid(605eb5c5a280c014fa0952cd022f2579) Importer(2089858483,b0f066a214c2f5e87bad3c948f4d605d)
Start importing Packages/com.unity.shadergraph/Editor/Data/SubGraph using Guid(605eb5c5a280c014fa0952cd022f2579) Importer(2089858483,b0f066a214c2f5e87bad3c948f4d605d) (ScriptedImporter) -> (artifact id: 'aa9b4e404932002d944476aaf6c6aecb') in 0.002322958 seconds
Number of updated asset objects reloaded before import = 0Number of asset objects unloaded after import = 1

========================================================================
Received Import Request.
  Time since last request: 0.000082 seconds.
  path: Packages/com.unity.collections/Unity.Collections.CodeGen
  artifactKey: Guid(d44454e6d25878e46a8495f8a720d7c0) Importer(2089858483,b0f066a214c2f5e87bad3c948f4d605d)
Start importing Packages/com.unity.collections/Unity.Collections.CodeGen using Guid(d44454e6d25878e46a8495f8a720d7c0) Importer(2089858483,b0f066a214c2f5e87bad3c948f4d605d) (ScriptedImporter) -> (artifact id: '9b71956969c9eb1a05964a5dba152737') in 0.002205541 seconds
Number of updated asset objects reloaded before import = 0Number of asset objects unloaded after import = 1

========================================================================
Received Import Request.
  Time since last request: 0.000063 seconds.
  path: Packages/com.unity.render-pipelines.core/Runtime/Debugging/Prefabs/Resources
  artifactKey: Guid(3774a3e29f7c59445ba79c15769126fd) Importer(2089858483,b0f066a214c2f5e87bad3c948f4d605d)
Start importing Packages/com.unity.render-pipelines.core/Runtime/Debugging/Prefabs/Resources using Guid(3774a3e29f7c59445ba79c15769126fd) Importer(2089858483,b0f066a214c2f5e87bad3c948f4d605d) (ScriptedImporter) -> (artifact id: '58e13b7934bcb52b5ba6ea8b7ca76e4f') in 0.002211167 seconds
Number of updated asset objects reloaded before import = 0Number of asset objects unloaded after import = 1

========================================================================
Received Import Request.
  Time since last request: 0.000041 seconds.
  path: Packages/com.unity.test-framework.performance/Editor/TestReportGraph
  artifactKey: Guid(30bb01dc09cb89b4faf344490fee76a7) Importer(2089858483,b0f066a214c2f5e87bad3c948f4d605d)
Start importing Packages/com.unity.test-framework.performance/Editor/TestReportGraph using Guid(30bb01dc09cb89b4faf344490fee76a7) Importer(2089858483,b0f066a214c2f5e87bad3c948f4d605d) (ScriptedImporter) -> (artifact id: 'ca7c5351b3bda8196079cbe630501146') in 0.00201975 seconds
Number of updated asset objects reloaded before import = 0Number of asset objects unloaded after import = 1

========================================================================
Received Import Request.
  Time since last request: 0.000061 seconds.
  path: Packages/com.unity.render-pipelines.universal/Editor/Tools/Converters/ReadonlyMaterialConverter
  artifactKey: Guid(d0cbb8c1758af77469e1b602c122282c) Importer(2089858483,b0f066a214c2f5e87bad3c948f4d605d)
Start importing Packages/com.unity.render-pipelines.universal/Editor/Tools/Converters/ReadonlyMaterialConverter using Guid(d0cbb8c1758af77469e1b602c122282c) Importer(2089858483,b0f066a214c2f5e87bad3c948f4d605d) (ScriptedImporter) -> (artifact id: '9dc4988780e54ac9d664bbc53bf66756') in 0.002153625 seconds
Number of updated asset objects reloaded before import = 0Number of asset objects unloaded after import = 1

========================================================================
Received Import Request.
  Time since last request: 0.000078 seconds.
  path: Packages/com.unity.2d.common/Tests/Editor
  artifactKey: Guid(2656f45e60a1c4b389f74073613dd37e) Importer(2089858483,b0f066a214c2f5e87bad3c948f4d605d)
Start importing Packages/com.unity.2d.common/Tests/Editor using Guid(2656f45e60a1c4b389f74073613dd37e) Importer(2089858483,b0f066a214c2f5e87bad3c948f4d605d) (ScriptedImporter) -> (artifact id: '84fd0a66c9ac7bcd3e2f4ab6e3a986c5') in 0.002062625 seconds
Number of updated asset objects reloaded before import = 0Number of asset objects unloaded after import = 1

========================================================================
Received Import Request.
  Time since last request: 0.000055 seconds.
  path: Packages/com.unity.ugui/Tests/Editor
  artifactKey: Guid(936bea4b2545c4a4fad2e623b0f6371f) Importer(2089858483,b0f066a214c2f5e87bad3c948f4d605d)
Start importing Packages/com.unity.ugui/Tests/Editor using Guid(936bea4b2545c4a4fad2e623b0f6371f) Importer(2089858483,b0f066a214c2f5e87bad3c948f4d605d) (ScriptedImporter) -> (artifact id: '3257e823be1d4c59e2579ba939b4da7e') in 0.002083 seconds
Number of updated asset objects reloaded before import = 0Number of asset objects unloaded after import = 1

========================================================================
Received Import Request.
  Time since last request: 0.000043 seconds.
  path: Packages/com.unity.2d.animation/Editor/Assets/AssetUpgrader
  artifactKey: Guid(39167332d427b4851b6947e4a02b9186) Importer(2089858483,b0f066a214c2f5e87bad3c948f4d605d)
Start importing Packages/com.unity.2d.animation/Editor/Assets/AssetUpgrader using Guid(39167332d427b4851b6947e4a02b9186) Importer(2089858483,b0f066a214c2f5e87bad3c948f4d605d) (ScriptedImporter) -> (artifact id: '1980133424ec9d64ec4eb3efd1c57245') in 0.001986666 seconds
Number of updated asset objects reloaded before import = 0Number of asset objects unloaded after import = 1

========================================================================
Received Import Request.
  Time since last request: 0.000041 seconds.
  path: Packages/com.unity.collab-proxy/Editor/Assets/Fonts
  artifactKey: Guid(184d218dfbb2c41f1a6a0bc4fc4cf42c) Importer(2089858483,b0f066a214c2f5e87bad3c948f4d605d)
Start importing Packages/com.unity.collab-proxy/Editor/Assets/Fonts using Guid(184d218dfbb2c41f1a6a0bc4fc4cf42c) Importer(2089858483,b0f066a214c2f5e87bad3c948f4d605d) (ScriptedImporter) -> (artifact id: 'c2127b62dc7c979607e9bc9a654cfb73') in 0.002058458 seconds
Number of updated asset objects reloaded before import = 0Number of asset objects unloaded after import = 1

========================================================================
Received Import Request.
  Time since last request: 0.000068 seconds.
  path: Packages/com.unity.render-pipelines.universal/ShaderLibrary
  artifactKey: Guid(2de5b472450204ae2853db2cb6a2540a) Importer(2089858483,b0f066a214c2f5e87bad3c948f4d605d)
Start importing Packages/com.unity.render-pipelines.universal/ShaderLibrary using Guid(2de5b472450204ae2853db2cb6a2540a) Importer(2089858483,b0f066a214c2f5e87bad3c948f4d605d) (ScriptedImporter) -> (artifact id: '3b47dcd4fa4906ce7bc200ef37f1a423') in 0.001988958 seconds
Number of updated asset objects reloaded before import = 0Number of asset objects unloaded after import = 1

========================================================================
Received Import Request.
  Time since last request: 0.000060 seconds.
  path: Packages/com.unity.visualscripting/Editor/VisualScripting.Core/Windows/GeneratePropertyProvidersWindow
  artifactKey: Guid(ce9b394fa99e54d76a3ab4162fa76d54) Importer(2089858483,b0f066a214c2f5e87bad3c948f4d605d)
Start importing Packages/com.unity.visualscripting/Editor/VisualScripting.Core/Windows/GeneratePropertyProvidersWindow using Guid(ce9b394fa99e54d76a3ab4162fa76d54) Importer(2089858483,b0f066a214c2f5e87bad3c948f4d605d) (ScriptedImporter) -> (artifact id: '585c8be65643f4673a9f7df3588899c8') in 0.00187325 seconds
Number of updated asset objects reloaded before import = 0Number of asset objects unloaded after import = 1

========================================================================
Received Import Request.
  Time since last request: 0.000038 seconds.
  path: Packages/com.unity.visualscripting/Editor/VisualScripting.Core/Plugin/Changelogs/LegacyLudiqGraphs
  artifactKey: Guid(6f93aced576b346d98d755c70033115f) Importer(2089858483,b0f066a214c2f5e87bad3c948f4d605d)
Start importing Packages/com.unity.visualscripting/Editor/VisualScripting.Core/Plugin/Changelogs/LegacyLudiqGraphs using Guid(6f93aced576b346d98d755c70033115f) Importer(2089858483,b0f066a214c2f5e87bad3c948f4d605d) (ScriptedImporter) -> (artifact id: '666ede2735f8702bb704062601b39124') in 0.002063084 seconds
Number of updated asset objects reloaded before import = 0Number of asset objects unloaded after import = 1

========================================================================
Received Import Request.
  Time since last request: 0.000059 seconds.
  path: Packages/com.unity.render-pipelines.core/Editor/Resources/Gizmos
  artifactKey: Guid(fb53178749687244eaaabbe3e2e40653) Importer(2089858483,b0f066a214c2f5e87bad3c948f4d605d)
Start importing Packages/com.unity.render-pipelines.core/Editor/Resources/Gizmos using Guid(fb53178749687244eaaabbe3e2e40653) Importer(2089858483,b0f066a214c2f5e87bad3c948f4d605d) (ScriptedImporter) -> (artifact id: 'a380aeb853140def0c20735481525ad7') in 0.001972958 seconds
Number of updated asset objects reloaded before import = 0Number of asset objects unloaded after import = 1

========================================================================
Received Import Request.
  Time since last request: 0.000063 seconds.
  path: Packages/com.unity.collab-proxy/Lib/Editor/TextMateSharp/Onigwrap/libonigwrap/osx-arm64
  artifactKey: Guid(128bcf006b84f4f1b864cf579a4f8b97) Importer(2089858483,b0f066a214c2f5e87bad3c948f4d605d)
Start importing Packages/com.unity.collab-proxy/Lib/Editor/TextMateSharp/Onigwrap/libonigwrap/osx-arm64 using Guid(128bcf006b84f4f1b864cf579a4f8b97) Importer(2089858483,b0f066a214c2f5e87bad3c948f4d605d) (ScriptedImporter) -> (artifact id: '091b8e5dec6930a1a2b3c120b8230f86') in 0.002141875 seconds
Number of updated asset objects reloaded before import = 0Number of asset objects unloaded after import = 1

========================================================================
Received Import Request.
  Time since last request: 0.000062 seconds.
  path: Packages/com.unity.timeline/Editor/inspectors/CurvesOwner
  artifactKey: Guid(86cacab070a0a46e99aedb596a32c4fe) Importer(2089858483,b0f066a214c2f5e87bad3c948f4d605d)
Start importing Packages/com.unity.timeline/Editor/inspectors/CurvesOwner using Guid(86cacab070a0a46e99aedb596a32c4fe) Importer(2089858483,b0f066a214c2f5e87bad3c948f4d605d) (ScriptedImporter) -> (artifact id: '8b094bcff87dfbb6292e27285e8aacef') in 0.002023333 seconds
Number of updated asset objects reloaded before import = 0Number of asset objects unloaded after import = 1

========================================================================
Received Import Request.
  Time since last request: 0.000051 seconds.
  path: Packages/com.unity.timeline/Editor/Recording
  artifactKey: Guid(4584db2acba045742a16942983e7fb96) Importer(2089858483,b0f066a214c2f5e87bad3c948f4d605d)
Start importing Packages/com.unity.timeline/Editor/Recording using Guid(4584db2acba045742a16942983e7fb96) Importer(2089858483,b0f066a214c2f5e87bad3c948f4d605d) (ScriptedImporter) -> (artifact id: 'ce5a9458cfe66d5f09fa6d66c2cf8423') in 0.002121625 seconds
Number of updated asset objects reloaded before import = 0Number of asset objects unloaded after import = 1

========================================================================
Received Import Request.
  Time since last request: 0.000052 seconds.
  path: Packages/com.unity.2d.sprite/Editor/Assets
  artifactKey: Guid(20c685e07fa93400e9c30b0326f57bfd) Importer(2089858483,b0f066a214c2f5e87bad3c948f4d605d)
Start importing Packages/com.unity.2d.sprite/Editor/Assets using Guid(20c685e07fa93400e9c30b0326f57bfd) Importer(2089858483,b0f066a214c2f5e87bad3c948f4d605d) (ScriptedImporter) -> (artifact id: '8a728020d2f005eaadbc89410582afd2') in 0.002076041 seconds
Number of updated asset objects reloaded before import = 0Number of asset objects unloaded after import = 1

========================================================================
Received Import Request.
  Time since last request: 0.000066 seconds.
  path: Packages/com.unity.mathematics/Tests/Properties
  artifactKey: Guid(749a3b666b115be46b00490e7232fb1b) Importer(2089858483,b0f066a214c2f5e87bad3c948f4d605d)
Start importing Packages/com.unity.mathematics/Tests/Properties using Guid(749a3b666b115be46b00490e7232fb1b) Importer(2089858483,b0f066a214c2f5e87bad3c948f4d605d) (ScriptedImporter) -> (artifact id: '1cab696955d58ef42d143a9cdb3fd007') in 0.002705875 seconds
Number of updated asset objects reloaded before import = 0Number of asset objects unloaded after import = 1

========================================================================
Received Import Request.
  Time since last request: 0.000162 seconds.
  path: Packages/com.unity.2d.psdimporter/Editor/Assets
  artifactKey: Guid(bce0dac5f0c4f4fd5803440a5bf8ccee) Importer(2089858483,b0f066a214c2f5e87bad3c948f4d605d)
Start importing Packages/com.unity.2d.psdimporter/Editor/Assets using Guid(bce0dac5f0c4f4fd5803440a5bf8ccee) Importer(2089858483,b0f066a214c2f5e87bad3c948f4d605d) (ScriptedImporter) -> (artifact id: '6251e6abc187b516fc6dddde3d1d7b99') in 0.002149375 seconds
Number of updated asset objects reloaded before import = 0Number of asset objects unloaded after import = 1

========================================================================
Received Import Request.
  Time since last request: 0.000051 seconds.
  path: Packages/com.unity.visualscripting/Editor/VisualScripting.Core/Dependencies/DotNetZip
  artifactKey: Guid(7cd58b9bfbae54e3ca6f21748b8474fb) Importer(2089858483,b0f066a214c2f5e87bad3c948f4d605d)
Start importing Packages/com.unity.visualscripting/Editor/VisualScripting.Core/Dependencies/DotNetZip using Guid(7cd58b9bfbae54e3ca6f21748b8474fb) Importer(2089858483,b0f066a214c2f5e87bad3c948f4d605d) (ScriptedImporter) -> (artifact id: '81ac09e327b1b16ff51ed49fc2f9ce35') in 0.002646167 seconds
Number of updated asset objects reloaded before import = 0Number of asset objects unloaded after import = 1

========================================================================
Received Import Request.
  Time since last request: 0.000036 seconds.
  path: Packages/com.unity.render-pipelines.core/Editor/PostProcessing
  artifactKey: Guid(3f1ba847a8ffd4746a56b6b3a2177aed) Importer(2089858483,b0f066a214c2f5e87bad3c948f4d605d)
Start importing Packages/com.unity.render-pipelines.core/Editor/PostProcessing using Guid(3f1ba847a8ffd4746a56b6b3a2177aed) Importer(2089858483,b0f066a214c2f5e87bad3c948f4d605d) (ScriptedImporter) -> (artifact id: '393bc57a98e8a8c89ffdfac338071fcb') in 0.002073541 seconds
Number of updated asset objects reloaded before import = 0Number of asset objects unloaded after import = 1

========================================================================
Received Import Request.
  Time since last request: 0.000059 seconds.
  path: Packages/com.unity.visualscripting/Runtime/VisualScripting.Flow/Framework/Math/Vector4
  artifactKey: Guid(3242e6d647d3448178b0b1397aa8e4a9) Importer(2089858483,b0f066a214c2f5e87bad3c948f4d605d)
Start importing Packages/com.unity.visualscripting/Runtime/VisualScripting.Flow/Framework/Math/Vector4 using Guid(3242e6d647d3448178b0b1397aa8e4a9) Importer(2089858483,b0f066a214c2f5e87bad3c948f4d605d) (ScriptedImporter) -> (artifact id: 'c816d2cc6babfd800b133d61e60a4d96') in 0.001983458 seconds
Number of updated asset objects reloaded before import = 0Number of asset objects unloaded after import = 1

========================================================================
Received Import Request.
  Time since last request: 0.000050 seconds.
  path: Packages/com.unity.render-pipelines.core/Tests/Editor/RenderPipeline
  artifactKey: Guid(d8bcf5ae67f54a15944eef9b06d8d20d) Importer(2089858483,b0f066a214c2f5e87bad3c948f4d605d)
Start importing Packages/com.unity.render-pipelines.core/Tests/Editor/RenderPipeline using Guid(d8bcf5ae67f54a15944eef9b06d8d20d) Importer(2089858483,b0f066a214c2f5e87bad3c948f4d605d) (ScriptedImporter) -> (artifact id: 'be4fcfac7cee1f620e8dd0c6b16bbf65') in 0.001972875 seconds
Number of updated asset objects reloaded before import = 0Number of asset objects unloaded after import = 1

========================================================================
Received Import Request.
  Time since last request: 0.000066 seconds.
  path: Packages/com.unity.inputsystem/InputSystem/Runtime/Plugins/XR/Haptics
  artifactKey: Guid(8529451a1ee99484a891bdea2f5219f3) Importer(2089858483,b0f066a214c2f5e87bad3c948f4d605d)
Start importing Packages/com.unity.inputsystem/InputSystem/Runtime/Plugins/XR/Haptics using Guid(8529451a1ee99484a891bdea2f5219f3) Importer(2089858483,b0f066a214c2f5e87bad3c948f4d605d) (ScriptedImporter) -> (artifact id: '0f61ff496dbb6cd2a98189d725e51a57') in 0.002654583 seconds
Number of updated asset objects reloaded before import = 0Number of asset objects unloaded after import = 1

========================================================================
Received Import Request.
  Time since last request: 0.000051 seconds.
  path: Packages/com.unity.2d.animation/Editor/Assets/LayoutOverlay
  artifactKey: Guid(4817dc4ea8764f74298414d8ac0bb8d5) Importer(2089858483,b0f066a214c2f5e87bad3c948f4d605d)
Start importing Packages/com.unity.2d.animation/Editor/Assets/LayoutOverlay using Guid(4817dc4ea8764f74298414d8ac0bb8d5) Importer(2089858483,b0f066a214c2f5e87bad3c948f4d605d) (ScriptedImporter) -> (artifact id: 'a174bc720df70966dc63fafb66ef2fce') in 0.002125084 seconds
Number of updated asset objects reloaded before import = 0Number of asset objects unloaded after import = 1

========================================================================
Received Import Request.
  Time since last request: 0.000058 seconds.
  path: Packages/com.unity.2d.tilemap.extras/Runtime/Tiles/AutoTile
  artifactKey: Guid(8e882824eee049faa56dc9ee8509bb9b) Importer(2089858483,b0f066a214c2f5e87bad3c948f4d605d)
Start importing Packages/com.unity.2d.tilemap.extras/Runtime/Tiles/AutoTile using Guid(8e882824eee049faa56dc9ee8509bb9b) Importer(2089858483,b0f066a214c2f5e87bad3c948f4d605d) (ScriptedImporter) -> (artifact id: 'e47ac3d4950a1527d84aff6ebf78f3bd') in 0.002117458 seconds
Number of updated asset objects reloaded before import = 0Number of asset objects unloaded after import = 1

========================================================================
Received Import Request.
  Time since last request: 0.000049 seconds.
  path: Packages/com.unity.render-pipelines.universal/Runtime/Tiling
  artifactKey: Guid(3965194a1cbe24ce9847254cc9fd0c26) Importer(2089858483,b0f066a214c2f5e87bad3c948f4d605d)
Start importing Packages/com.unity.render-pipelines.universal/Runtime/Tiling using Guid(3965194a1cbe24ce9847254cc9fd0c26) Importer(2089858483,b0f066a214c2f5e87bad3c948f4d605d) (ScriptedImporter) -> (artifact id: '9837ecf5672ddb9db36b962498e55cf2') in 0.002080292 seconds
Number of updated asset objects reloaded before import = 0Number of asset objects unloaded after import = 1

========================================================================
Received Import Request.
  Time since last request: 0.000068 seconds.
  path: Packages/com.unity.render-pipelines.universal/Editor/SceneTemplates/Indoors
  artifactKey: Guid(10b199c2bead9fb42b482877b182e8c2) Importer(2089858483,b0f066a214c2f5e87bad3c948f4d605d)
Start importing Packages/com.unity.render-pipelines.universal/Editor/SceneTemplates/Indoors using Guid(10b199c2bead9fb42b482877b182e8c2) Importer(2089858483,b0f066a214c2f5e87bad3c948f4d605d) (ScriptedImporter) -> (artifact id: '0e12e34e69307a8649cddd6619a5019a') in 0.002143916 seconds
Number of updated asset objects reloaded before import = 0Number of asset objects unloaded after import = 1

========================================================================
Received Import Request.
  Time since last request: 0.000052 seconds.
  path: Packages/com.unity.collections/Unity.Collections.LowLevel.ILSupport
  artifactKey: Guid(6353acf8df7d746d98d65f640d39ea47) Importer(2089858483,b0f066a214c2f5e87bad3c948f4d605d)
Start importing Packages/com.unity.collections/Unity.Collections.LowLevel.ILSupport using Guid(6353acf8df7d746d98d65f640d39ea47) Importer(2089858483,b0f066a214c2f5e87bad3c948f4d605d) (ScriptedImporter) -> (artifact id: 'f42c9788b27a35a06b767bc4f83577f2') in 0.002110792 seconds
Number of updated asset objects reloaded before import = 0Number of asset objects unloaded after import = 1

========================================================================
Received Import Request.
  Time since last request: 0.000058 seconds.
  path: Packages/com.unity.shadergraph/Editor/Resources/GraphView/Nodes
  artifactKey: Guid(9d93b12df2d043f9876fa00095ab8c99) Importer(2089858483,b0f066a214c2f5e87bad3c948f4d605d)
Start importing Packages/com.unity.shadergraph/Editor/Resources/GraphView/Nodes using Guid(9d93b12df2d043f9876fa00095ab8c99) Importer(2089858483,b0f066a214c2f5e87bad3c948f4d605d) (ScriptedImporter) -> (artifact id: '8ce58ddacf0caca206d0f04fd21a9433') in 0.002345792 seconds
Number of updated asset objects reloaded before import = 0Number of asset objects unloaded after import = 1

========================================================================
Received Import Request.
  Time since last request: 0.000050 seconds.
  path: Packages/com.unity.visualscripting/Runtime/VisualScripting.Flow/Framework
  artifactKey: Guid(6316762f06a0f4f66aed09829f59eb8c) Importer(2089858483,b0f066a214c2f5e87bad3c948f4d605d)
Start importing Packages/com.unity.visualscripting/Runtime/VisualScripting.Flow/Framework using Guid(6316762f06a0f4f66aed09829f59eb8c) Importer(2089858483,b0f066a214c2f5e87bad3c948f4d605d) (ScriptedImporter) -> (artifact id: '50fd2ee1597da2f5e225a26c11158534') in 0.001976 seconds
Number of updated asset objects reloaded before import = 0Number of asset objects unloaded after import = 1

========================================================================
Received Import Request.
  Time since last request: 0.000060 seconds.
  path: Packages/com.unity.ugui/Tests/Runtime/TMP
  artifactKey: Guid(914613548ded44a43a59eb9852503f18) Importer(2089858483,b0f066a214c2f5e87bad3c948f4d605d)
Start importing Packages/com.unity.ugui/Tests/Runtime/TMP using Guid(914613548ded44a43a59eb9852503f18) Importer(2089858483,b0f066a214c2f5e87bad3c948f4d605d) (ScriptedImporter) -> (artifact id: '593e7fe4fcdbdfe8cc2d514e9af9f562') in 0.00230875 seconds
Number of updated asset objects reloaded before import = 0Number of asset objects unloaded after import = 1

========================================================================
Received Import Request.
  Time since last request: 0.000035 seconds.
  path: Packages/com.unity.render-pipelines.core/Runtime/Sampling
  artifactKey: Guid(b6ee28fd674c77340a2b3b8f7a32e0da) Importer(2089858483,b0f066a214c2f5e87bad3c948f4d605d)
Start importing Packages/com.unity.render-pipelines.core/Runtime/Sampling using Guid(b6ee28fd674c77340a2b3b8f7a32e0da) Importer(2089858483,b0f066a214c2f5e87bad3c948f4d605d) (ScriptedImporter) -> (artifact id: 'f818630b8b02773465eb851538e9b02f') in 0.001987292 seconds
Number of updated asset objects reloaded before import = 0Number of asset objects unloaded after import = 1

========================================================================
Received Import Request.
  Time since last request: 0.000061 seconds.
  path: Packages/com.unity.2d.common/Path/Editor/EditorTool
  artifactKey: Guid(adb9af2a88fe441e68ddf9a299caec2e) Importer(2089858483,b0f066a214c2f5e87bad3c948f4d605d)
Start importing Packages/com.unity.2d.common/Path/Editor/EditorTool using Guid(adb9af2a88fe441e68ddf9a299caec2e) Importer(2089858483,b0f066a214c2f5e87bad3c948f4d605d) (ScriptedImporter) -> (artifact id: 'c303309e377f041b23f9ff320fd8c3e1') in 0.00202525 seconds
Number of updated asset objects reloaded before import = 0Number of asset objects unloaded after import = 1

========================================================================
Received Import Request.
  Time since last request: 0.000052 seconds.
  path: Packages/com.unity.test-framework/UnityEditor.TestRunner/TestRunner/Callbacks
  artifactKey: Guid(5d7f0d6acfced954682a89e7002c04d9) Importer(2089858483,b0f066a214c2f5e87bad3c948f4d605d)
Start importing Packages/com.unity.test-framework/UnityEditor.TestRunner/TestRunner/Callbacks using Guid(5d7f0d6acfced954682a89e7002c04d9) Importer(2089858483,b0f066a214c2f5e87bad3c948f4d605d) (ScriptedImporter) -> (artifact id: '84b8e0f03e32ae833cda7267a3efe540') in 0.002062875 seconds
Number of updated asset objects reloaded before import = 0Number of asset objects unloaded after import = 1

========================================================================
Received Import Request.
  Time since last request: 0.000065 seconds.
  path: Packages/com.unity.collab-proxy/Editor/CloudDrive/Workspaces/DragAndDrop
  artifactKey: Guid(8ca43dc9595f9ff41b68d7bd4cc66c2f) Importer(2089858483,b0f066a214c2f5e87bad3c948f4d605d)
Start importing Packages/com.unity.collab-proxy/Editor/CloudDrive/Workspaces/DragAndDrop using Guid(8ca43dc9595f9ff41b68d7bd4cc66c2f) Importer(2089858483,b0f066a214c2f5e87bad3c948f4d605d) (ScriptedImporter) -> (artifact id: '2c49f26f1264065155f9fb49e8f299f2') in 0.002030334 seconds
Number of updated asset objects reloaded before import = 0Number of asset objects unloaded after import = 1

========================================================================
Received Import Request.
  Time since last request: 0.000049 seconds.
  path: Packages/com.unity.collab-proxy/Editor/Diff/History
  artifactKey: Guid(5496fd86b17c44691945a8d416eff7fc) Importer(2089858483,b0f066a214c2f5e87bad3c948f4d605d)
Start importing Packages/com.unity.collab-proxy/Editor/Diff/History using Guid(5496fd86b17c44691945a8d416eff7fc) Importer(2089858483,b0f066a214c2f5e87bad3c948f4d605d) (ScriptedImporter) -> (artifact id: '00cd623ffa79eac14627f182f6f97938') in 0.00201575 seconds
Number of updated asset objects reloaded before import = 0Number of asset objects unloaded after import = 1

========================================================================
Received Import Request.
  Time since last request: 0.000050 seconds.
  path: Packages/com.unity.2d.animation/Editor/SkinningModule/Lib/x86_64
  artifactKey: Guid(5335ae1a0cfbc2c41903fdf8d489fcc7) Importer(2089858483,b0f066a214c2f5e87bad3c948f4d605d)
Start importing Packages/com.unity.2d.animation/Editor/SkinningModule/Lib/x86_64 using Guid(5335ae1a0cfbc2c41903fdf8d489fcc7) Importer(2089858483,b0f066a214c2f5e87bad3c948f4d605d) (ScriptedImporter) -> (artifact id: '0ba9620bf15af66cec549d298bafcf16') in 0.002205375 seconds
Number of updated asset objects reloaded before import = 0Number of asset objects unloaded after import = 1

========================================================================
Received Import Request.
  Time since last request: 0.000038 seconds.
  path: Packages/com.unity.2d.common/Editor/InternalBridge/SpriteDataProviders
  artifactKey: Guid(2ba1d7981c204540a706180aff4ec973) Importer(2089858483,b0f066a214c2f5e87bad3c948f4d605d)
Start importing Packages/com.unity.2d.common/Editor/InternalBridge/SpriteDataProviders using Guid(2ba1d7981c204540a706180aff4ec973) Importer(2089858483,b0f066a214c2f5e87bad3c948f4d605d) (ScriptedImporter) -> (artifact id: 'c2b952762d10203e86facfd39618be16') in 0.0022465 seconds
Number of updated asset objects reloaded before import = 0Number of asset objects unloaded after import = 1

========================================================================
Received Import Request.
  Time since last request: 0.000071 seconds.
  path: Packages/com.unity.visualscripting/Runtime/VisualScripting.Flow/Connections
  artifactKey: Guid(fa1a96c0a3f154fbba933b74f7414a76) Importer(2089858483,b0f066a214c2f5e87bad3c948f4d605d)
Start importing Packages/com.unity.visualscripting/Runtime/VisualScripting.Flow/Connections using Guid(fa1a96c0a3f154fbba933b74f7414a76) Importer(2089858483,b0f066a214c2f5e87bad3c948f4d605d) (ScriptedImporter) -> (artifact id: 'c159c72a8cdc22671d5ced80e5f90e9b') in 0.001897667 seconds
Number of updated asset objects reloaded before import = 0Number of asset objects unloaded after import = 1

========================================================================
Received Import Request.
  Time since last request: 0.000061 seconds.
  path: Packages/com.unity.test-framework/UnityEditor.TestRunner/TestRun/Tasks/Player
  artifactKey: Guid(94a6220ee1a442249702c9df66e0fe1b) Importer(2089858483,b0f066a214c2f5e87bad3c948f4d605d)
Start importing Packages/com.unity.test-framework/UnityEditor.TestRunner/TestRun/Tasks/Player using Guid(94a6220ee1a442249702c9df66e0fe1b) Importer(2089858483,b0f066a214c2f5e87bad3c948f4d605d) (ScriptedImporter) -> (artifact id: '3907c08d31b971fbdb8a8d4c0efc60df') in 0.002066042 seconds
Number of updated asset objects reloaded before import = 0Number of asset objects unloaded after import = 1

========================================================================
Received Import Request.
  Time since last request: 0.000053 seconds.
  path: Packages/com.unity.ugui/Tests/Editor/UGUI/Slider
  artifactKey: Guid(4cfe5ade9a1375e40aed87618b92bd12) Importer(2089858483,b0f066a214c2f5e87bad3c948f4d605d)
Start importing Packages/com.unity.ugui/Tests/Editor/UGUI/Slider using Guid(4cfe5ade9a1375e40aed87618b92bd12) Importer(2089858483,b0f066a214c2f5e87bad3c948f4d605d) (ScriptedImporter) -> (artifact id: '039f7d2bca890ba3b9206c91e45e0c6e') in 0.002062958 seconds
Number of updated asset objects reloaded before import = 0Number of asset objects unloaded after import = 1

========================================================================
Received Import Request.
  Time since last request: 0.000052 seconds.
  path: Packages/com.unity.2d.aseprite/Tests/Editor
  artifactKey: Guid(9898f3a3c7c024a669352520351e430d) Importer(2089858483,b0f066a214c2f5e87bad3c948f4d605d)
Start importing Packages/com.unity.2d.aseprite/Tests/Editor using Guid(9898f3a3c7c024a669352520351e430d) Importer(2089858483,b0f066a214c2f5e87bad3c948f4d605d) (ScriptedImporter) -> (artifact id: 'd626b9b8a7e553dae40a07546e9de4ae') in 0.001839792 seconds
Number of updated asset objects reloaded before import = 0Number of asset objects unloaded after import = 1

========================================================================
Received Import Request.
  Time since last request: 0.000054 seconds.
  path: Packages/com.unity.collab-proxy/Editor/CodeEditor/Utils
  artifactKey: Guid(95fd48b26b354bd396b3ba43717db5d4) Importer(2089858483,b0f066a214c2f5e87bad3c948f4d605d)
Start importing Packages/com.unity.collab-proxy/Editor/CodeEditor/Utils using Guid(95fd48b26b354bd396b3ba43717db5d4) Importer(2089858483,b0f066a214c2f5e87bad3c948f4d605d) (ScriptedImporter) -> (artifact id: '98654ed6f96423516288f0c0a58619a9') in 0.00199525 seconds
Number of updated asset objects reloaded before import = 0Number of asset objects unloaded after import = 1

========================================================================
Received Import Request.
  Time since last request: 0.000053 seconds.
  path: Packages/com.unity.inputsystem/InputSystem/Runtime/Controls
  artifactKey: Guid(aa1e768bf3ad4ae8898571a206251472) Importer(2089858483,b0f066a214c2f5e87bad3c948f4d605d)
Start importing Packages/com.unity.inputsystem/InputSystem/Runtime/Controls using Guid(aa1e768bf3ad4ae8898571a206251472) Importer(2089858483,b0f066a214c2f5e87bad3c948f4d605d) (ScriptedImporter) -> (artifact id: '997af9b5ca3801bd33ea52f1b544d0a7') in 0.001943625 seconds
Number of updated asset objects reloaded before import = 0Number of asset objects unloaded after import = 1

========================================================================
Received Import Request.
  Time since last request: 0.000068 seconds.
  path: Packages/com.unity.inputsystem/InputSystem/Actions
  artifactKey: Guid(0c5b615422acd45049de003ce7134437) Importer(2089858483,b0f066a214c2f5e87bad3c948f4d605d)
Start importing Packages/com.unity.inputsystem/InputSystem/Actions using Guid(0c5b615422acd45049de003ce7134437) Importer(2089858483,b0f066a214c2f5e87bad3c948f4d605d) (ScriptedImporter) -> (artifact id: 'eb1204b498491fdde9622bbcd6184d25') in 0.002292917 seconds
Number of updated asset objects reloaded before import = 0Number of asset objects unloaded after import = 1

========================================================================
Received Import Request.
  Time since last request: 0.000057 seconds.
  path: Packages/com.unity.collab-proxy/Editor/Diff/Asset/Common/UnityObject
  artifactKey: Guid(4230d3b9af6f940719414ab4bd67a08e) Importer(2089858483,b0f066a214c2f5e87bad3c948f4d605d)
Start importing Packages/com.unity.collab-proxy/Editor/Diff/Asset/Common/UnityObject using Guid(4230d3b9af6f940719414ab4bd67a08e) Importer(2089858483,b0f066a214c2f5e87bad3c948f4d605d) (ScriptedImporter) -> (artifact id: '8e66c5ab6eeadfe9edeef8af266557d7') in 0.001973458 seconds
Number of updated asset objects reloaded before import = 0Number of asset objects unloaded after import = 1

========================================================================
Received Import Request.
  Time since last request: 0.000036 seconds.
  path: Packages/com.unity.2d.animation/IK/Runtime
  artifactKey: Guid(5d0eac40fb3389c409c92e6e08188528) Importer(2089858483,b0f066a214c2f5e87bad3c948f4d605d)
Start importing Packages/com.unity.2d.animation/IK/Runtime using Guid(5d0eac40fb3389c409c92e6e08188528) Importer(2089858483,b0f066a214c2f5e87bad3c948f4d605d) (ScriptedImporter) -> (artifact id: '9ee557f95c9792cc0bcbe24bb32feffb') in 0.00214175 seconds
Number of updated asset objects reloaded before import = 0Number of asset objects unloaded after import = 1

========================================================================
Received Import Request.
  Time since last request: 0.000049 seconds.
  path: Packages/com.unity.2d.tooling/Editor/Insider/SpriteAtlas
  artifactKey: Guid(b8f785378d0cc4a10b222c53610ec14b) Importer(2089858483,b0f066a214c2f5e87bad3c948f4d605d)
Start importing Packages/com.unity.2d.tooling/Editor/Insider/SpriteAtlas using Guid(b8f785378d0cc4a10b222c53610ec14b) Importer(2089858483,b0f066a214c2f5e87bad3c948f4d605d) (ScriptedImporter) -> (artifact id: '325cd0d258c413519b8a25fc278148c0') in 0.002118666 seconds
Number of updated asset objects reloaded before import = 0Number of asset objects unloaded after import = 1

========================================================================
Received Import Request.
  Time since last request: 0.000042 seconds.
  path: Packages/com.unity.render-pipelines.core/Editor/PropertyDrawers
  artifactKey: Guid(5f6f204246726d84a87fac671dba9b53) Importer(2089858483,b0f066a214c2f5e87bad3c948f4d605d)
Start importing Packages/com.unity.render-pipelines.core/Editor/PropertyDrawers using Guid(5f6f204246726d84a87fac671dba9b53) Importer(2089858483,b0f066a214c2f5e87bad3c948f4d605d) (ScriptedImporter) -> (artifact id: '5cae62cf1e9111841bc3254c67a810ad') in 0.002070625 seconds
Number of updated asset objects reloaded before import = 0Number of asset objects unloaded after import = 1

========================================================================
Received Import Request.
  Time since last request: 0.000042 seconds.
  path: Packages/com.unity.2d.aseprite/Editor/Assets/UI
  artifactKey: Guid(d935a3b184c44476fbc746854f6cb69b) Importer(2089858483,b0f066a214c2f5e87bad3c948f4d605d)
Start importing Packages/com.unity.2d.aseprite/Editor/Assets/UI using Guid(d935a3b184c44476fbc746854f6cb69b) Importer(2089858483,b0f066a214c2f5e87bad3c948f4d605d) (ScriptedImporter) -> (artifact id: 'c262b0e8a391f0928c135f3706f0aaa8') in 0.002057709 seconds
Number of updated asset objects reloaded before import = 0Number of asset objects unloaded after import = 1

========================================================================
Received Import Request.
  Time since last request: 0.000044 seconds.
  path: Packages/com.unity.2d.sprite/Tests/Editor
  artifactKey: Guid(dcc63292bf8cfd543b11bfdebe99cd02) Importer(2089858483,b0f066a214c2f5e87bad3c948f4d605d)
Start importing Packages/com.unity.2d.sprite/Tests/Editor using Guid(dcc63292bf8cfd543b11bfdebe99cd02) Importer(2089858483,b0f066a214c2f5e87bad3c948f4d605d) (ScriptedImporter) -> (artifact id: '7f60b5a535b94fed60b6e462e4eabc1d') in 0.001964 seconds
Number of updated asset objects reloaded before import = 0Number of asset objects unloaded after import = 1

========================================================================
Received Import Request.
  Time since last request: 0.000038 seconds.
  path: Packages/com.unity.render-pipelines.core/Runtime/PostProcessing/Shaders
  artifactKey: Guid(86304ecf756376e4b8ecb6f9d6111b89) Importer(2089858483,b0f066a214c2f5e87bad3c948f4d605d)
Start importing Packages/com.unity.render-pipelines.core/Runtime/PostProcessing/Shaders using Guid(86304ecf756376e4b8ecb6f9d6111b89) Importer(2089858483,b0f066a214c2f5e87bad3c948f4d605d) (ScriptedImporter) -> (artifact id: '7fead3d44d98307b3337059066cdb395') in 0.002052625 seconds
Number of updated asset objects reloaded before import = 0Number of asset objects unloaded after import = 1

========================================================================
Received Import Request.
  Time since last request: 0.000051 seconds.
  path: Packages/com.unity.2d.sprite/Editor/ObjectMenuCreation/DefaultAssets/Textures/v2
  artifactKey: Guid(172f9a5627fbd495e9b469d54bed367a) Importer(2089858483,b0f066a214c2f5e87bad3c948f4d605d)
Start importing Packages/com.unity.2d.sprite/Editor/ObjectMenuCreation/DefaultAssets/Textures/v2 using Guid(172f9a5627fbd495e9b469d54bed367a) Importer(2089858483,b0f066a214c2f5e87bad3c948f4d605d) (ScriptedImporter) -> (artifact id: 'cc7755b93ce94e6fc5ae59ca13c03d55') in 0.001917959 seconds
Number of updated asset objects reloaded before import = 0Number of asset objects unloaded after import = 1

========================================================================
Received Import Request.
  Time since last request: 0.000039 seconds.
  path: Packages/com.unity.timeline/Runtime/Scripting
  artifactKey: Guid(bdb4f6935641b574b984da8dc27cab45) Importer(2089858483,b0f066a214c2f5e87bad3c948f4d605d)
Start importing Packages/com.unity.timeline/Runtime/Scripting using Guid(bdb4f6935641b574b984da8dc27cab45) Importer(2089858483,b0f066a214c2f5e87bad3c948f4d605d) (ScriptedImporter) -> (artifact id: 'dda5efb4be6d1b51c543ca1d333b2624') in 0.001986125 seconds
Number of updated asset objects reloaded before import = 0Number of asset objects unloaded after import = 1

========================================================================
Received Import Request.
  Time since last request: 0.000040 seconds.
  path: Packages/com.unity.render-pipelines.universal/Editor/Tools/MaterialUpgrader
  artifactKey: Guid(d5fa30f043d2e274f9024230be655650) Importer(2089858483,b0f066a214c2f5e87bad3c948f4d605d)
Start importing Packages/com.unity.render-pipelines.universal/Editor/Tools/MaterialUpgrader using Guid(d5fa30f043d2e274f9024230be655650) Importer(2089858483,b0f066a214c2f5e87bad3c948f4d605d) (ScriptedImporter) -> (artifact id: '2f5fd34599393a023fd373816c1d8174') in 0.001917833 seconds
Number of updated asset objects reloaded before import = 0Number of asset objects unloaded after import = 1

========================================================================
Received Import Request.
  Time since last request: 0.000056 seconds.
  path: Packages/com.unity.2d.aseprite/Editor/Tasks
  artifactKey: Guid(1fb3cc40b13640e78b129330aef9e971) Importer(2089858483,b0f066a214c2f5e87bad3c948f4d605d)
Start importing Packages/com.unity.2d.aseprite/Editor/Tasks using Guid(1fb3cc40b13640e78b129330aef9e971) Importer(2089858483,b0f066a214c2f5e87bad3c948f4d605d) (ScriptedImporter) -> (artifact id: 'ea813a554889d9a9ab641b1065c090f3') in 0.002059625 seconds
Number of updated asset objects reloaded before import = 0Number of asset objects unloaded after import = 1

========================================================================
Received Import Request.
  Time since last request: 0.000044 seconds.
  path: Packages/com.unity.visualscripting/Editor/VisualScripting.Flow/Framework/Nesting
  artifactKey: Guid(83e4d000386ca49489444704e5167cc4) Importer(2089858483,b0f066a214c2f5e87bad3c948f4d605d)
Start importing Packages/com.unity.visualscripting/Editor/VisualScripting.Flow/Framework/Nesting using Guid(83e4d000386ca49489444704e5167cc4) Importer(2089858483,b0f066a214c2f5e87bad3c948f4d605d) (ScriptedImporter) -> (artifact id: 'abe934cb40416dc8e9df19bb79b5e6c0') in 0.002043667 seconds
Number of updated asset objects reloaded before import = 0Number of asset objects unloaded after import = 1

========================================================================
Received Import Request.
  Time since last request: 0.000071 seconds.
  path: Packages/com.unity.collab-proxy/Editor/UI/Avatar
  artifactKey: Guid(43aad6ec3599fb84a89e8fce31748cce) Importer(2089858483,b0f066a214c2f5e87bad3c948f4d605d)
Start importing Packages/com.unity.collab-proxy/Editor/UI/Avatar using Guid(43aad6ec3599fb84a89e8fce31748cce) Importer(2089858483,b0f066a214c2f5e87bad3c948f4d605d) (ScriptedImporter) -> (artifact id: '3568f8fd4a68831898a672cf7945dae7') in 0.0020505 seconds
Number of updated asset objects reloaded before import = 0Number of asset objects unloaded after import = 1

========================================================================
Received Import Request.
  Time since last request: 0.000050 seconds.
  path: Packages/com.unity.test-framework/UnityEditor.TestRunner/GUI/TestListTreeView
  artifactKey: Guid(68cb547af0187634aad591a09c01cd5b) Importer(2089858483,b0f066a214c2f5e87bad3c948f4d605d)
Start importing Packages/com.unity.test-framework/UnityEditor.TestRunner/GUI/TestListTreeView using Guid(68cb547af0187634aad591a09c01cd5b) Importer(2089858483,b0f066a214c2f5e87bad3c948f4d605d) (ScriptedImporter) -> (artifact id: '401a8a8592a9fff369b0478211f1095c') in 0.002299458 seconds
Number of updated asset objects reloaded before import = 0Number of asset objects unloaded after import = 1

========================================================================
Received Import Request.
  Time since last request: 0.000036 seconds.
  path: Packages/com.unity.render-pipelines.core/Tests/Editor/GPUDriven
  artifactKey: Guid(0829798e3b46e42438b2a90fe5fbe063) Importer(2089858483,b0f066a214c2f5e87bad3c948f4d605d)
Start importing Packages/com.unity.render-pipelines.core/Tests/Editor/GPUDriven using Guid(0829798e3b46e42438b2a90fe5fbe063) Importer(2089858483,b0f066a214c2f5e87bad3c948f4d605d) (ScriptedImporter) -> (artifact id: '6cdb697948cdf17785c182134f80c8a7') in 0.002214292 seconds
Number of updated asset objects reloaded before import = 0Number of asset objects unloaded after import = 1

========================================================================
Received Import Request.
  Time since last request: 0.000051 seconds.
  path: Packages/com.unity.render-pipelines.universal/Editor/Tools
  artifactKey: Guid(715d10cee9082354a92701de6d5f6527) Importer(2089858483,b0f066a214c2f5e87bad3c948f4d605d)
Start importing Packages/com.unity.render-pipelines.universal/Editor/Tools using Guid(715d10cee9082354a92701de6d5f6527) Importer(2089858483,b0f066a214c2f5e87bad3c948f4d605d) (ScriptedImporter) -> (artifact id: 'da866275002f9618150f3454ffd9aca4') in 0.001994583 seconds
Number of updated asset objects reloaded before import = 0Number of asset objects unloaded after import = 1

========================================================================
Received Import Request.
  Time since last request: 0.000058 seconds.
  path: Packages/com.unity.collab-proxy/Editor/Diff/Image/Views
  artifactKey: Guid(5c1340178d3942abb42c8b680d301bf1) Importer(2089858483,b0f066a214c2f5e87bad3c948f4d605d)
Start importing Packages/com.unity.collab-proxy/Editor/Diff/Image/Views using Guid(5c1340178d3942abb42c8b680d301bf1) Importer(2089858483,b0f066a214c2f5e87bad3c948f4d605d) (ScriptedImporter) -> (artifact id: '042d34d9b0cba108172f3f47dd897fb9') in 0.001866625 seconds
Number of updated asset objects reloaded before import = 0Number of asset objects unloaded after import = 1

========================================================================
Received Import Request.
  Time since last request: 0.000050 seconds.
  path: Packages/com.unity.collections/Unity.Collections.PerformanceTests
  artifactKey: Guid(4c3b5584c2c4c483b9816878d89d3793) Importer(2089858483,b0f066a214c2f5e87bad3c948f4d605d)
Start importing Packages/com.unity.collections/Unity.Collections.PerformanceTests using Guid(4c3b5584c2c4c483b9816878d89d3793) Importer(2089858483,b0f066a214c2f5e87bad3c948f4d605d) (ScriptedImporter) -> (artifact id: '32d8f5610abbaf5d6f6ada5f4f0c62e1') in 0.001941958 seconds
Number of updated asset objects reloaded before import = 0Number of asset objects unloaded after import = 1

========================================================================
Received Import Request.
  Time since last request: 0.000052 seconds.
  path: Packages/com.unity.2d.sprite/Editor
  artifactKey: Guid(16fa2ad734f422245b86558310973ad1) Importer(2089858483,b0f066a214c2f5e87bad3c948f4d605d)
Start importing Packages/com.unity.2d.sprite/Editor using Guid(16fa2ad734f422245b86558310973ad1) Importer(2089858483,b0f066a214c2f5e87bad3c948f4d605d) (ScriptedImporter) -> (artifact id: '621d7d5f354723f69227ef9aac119b0e') in 0.001865125 seconds
Number of updated asset objects reloaded before import = 0Number of asset objects unloaded after import = 1

========================================================================
Received Import Request.
  Time since last request: 0.000038 seconds.
  path: Packages/com.unity.render-pipelines.universal/Runtime/RenderPipelineResources
  artifactKey: Guid(d86f66a14510ebf4f84c0ffa4837791d) Importer(2089858483,b0f066a214c2f5e87bad3c948f4d605d)
Start importing Packages/com.unity.render-pipelines.universal/Runtime/RenderPipelineResources using Guid(d86f66a14510ebf4f84c0ffa4837791d) Importer(2089858483,b0f066a214c2f5e87bad3c948f4d605d) (ScriptedImporter) -> (artifact id: '34c6e2ef53806f3ed0c193c071bef5d1') in 0.0019785 seconds
Number of updated asset objects reloaded before import = 0Number of asset objects unloaded after import = 1

========================================================================
Received Import Request.
  Time since last request: 0.000041 seconds.
  path: Packages/com.unity.collab-proxy/Editor/Hub/Operations
  artifactKey: Guid(b51b4ac3066a00144817d6c4f8c36c71) Importer(2089858483,b0f066a214c2f5e87bad3c948f4d605d)
Start importing Packages/com.unity.collab-proxy/Editor/Hub/Operations using Guid(b51b4ac3066a00144817d6c4f8c36c71) Importer(2089858483,b0f066a214c2f5e87bad3c948f4d605d) (ScriptedImporter) -> (artifact id: '2bdb6e173d901251b42ccc88c6191c29') in 0.002246625 seconds
Number of updated asset objects reloaded before import = 0Number of asset objects unloaded after import = 1

========================================================================
Received Import Request.
  Time since last request: 0.000093 seconds.
  path: Packages/com.unity.timeline/Editor/Localization
  artifactKey: Guid(a77cec0d8f4e942d383bb0c51a439644) Importer(2089858483,b0f066a214c2f5e87bad3c948f4d605d)
Start importing Packages/com.unity.timeline/Editor/Localization using Guid(a77cec0d8f4e942d383bb0c51a439644) Importer(2089858483,b0f066a214c2f5e87bad3c948f4d605d) (ScriptedImporter) -> (artifact id: '34f7cb55d0bc36bdc2decc39cd4c0119') in 0.002058333 seconds
Number of updated asset objects reloaded before import = 0Number of asset objects unloaded after import = 1

========================================================================
Received Import Request.
  Time since last request: 0.000056 seconds.
  path: Packages/com.unity.inputsystem/InputSystem/Editor/DeviceSimulator
  artifactKey: Guid(bd293de081caa442dae1595e4c7a6773) Importer(2089858483,b0f066a214c2f5e87bad3c948f4d605d)
Start importing Packages/com.unity.inputsystem/InputSystem/Editor/DeviceSimulator using Guid(bd293de081caa442dae1595e4c7a6773) Importer(2089858483,b0f066a214c2f5e87bad3c948f4d605d) (ScriptedImporter) -> (artifact id: 'e20620ba89516455fe8635c859332303') in 0.00216825 seconds
Number of updated asset objects reloaded before import = 0Number of asset objects unloaded after import = 1

========================================================================
Received Import Request.
  Time since last request: 0.000054 seconds.
  path: Packages/com.unity.visualscripting/Editor/VisualScripting.Shared
  artifactKey: Guid(2182f36bd09634746ad9f6835691ac90) Importer(2089858483,b0f066a214c2f5e87bad3c948f4d605d)
Start importing Packages/com.unity.visualscripting/Editor/VisualScripting.Shared using Guid(2182f36bd09634746ad9f6835691ac90) Importer(2089858483,b0f066a214c2f5e87bad3c948f4d605d) (ScriptedImporter) -> (artifact id: 'b95a1daa1cfef350bcb2d34d9b6d71c7') in 0.0021095 seconds
Number of updated asset objects reloaded before import = 0Number of asset objects unloaded after import = 1

========================================================================
Received Import Request.
  Time since last request: 0.000049 seconds.
  path: Packages/com.unity.inputsystem/InputSystem/Runtime/Plugins/XInput
  artifactKey: Guid(674bcb49f4019404bb8bfd43a597785a) Importer(2089858483,b0f066a214c2f5e87bad3c948f4d605d)
Start importing Packages/com.unity.inputsystem/InputSystem/Runtime/Plugins/XInput using Guid(674bcb49f4019404bb8bfd43a597785a) Importer(2089858483,b0f066a214c2f5e87bad3c948f4d605d) (ScriptedImporter) -> (artifact id: '07969168eadacf3cef6daf382aad82da') in 0.002026083 seconds
Number of updated asset objects reloaded before import = 0Number of asset objects unloaded after import = 1

========================================================================
Received Import Request.
  Time since last request: 0.000109 seconds.
  path: Packages/com.unity.ugui/Tests/Runtime/UGUI/TextEditor
  artifactKey: Guid(93effba7cf7f3824ab0bd048a27a9c02) Importer(2089858483,b0f066a214c2f5e87bad3c948f4d605d)
Start importing Packages/com.unity.ugui/Tests/Runtime/UGUI/TextEditor using Guid(93effba7cf7f3824ab0bd048a27a9c02) Importer(2089858483,b0f066a214c2f5e87bad3c948f4d605d) (ScriptedImporter) -> (artifact id: '021a5a423ccf24c346add154058ec4f3') in 0.002097667 seconds
Number of updated asset objects reloaded before import = 0Number of asset objects unloaded after import = 1

========================================================================
Received Import Request.
  Time since last request: 0.000038 seconds.
  path: Packages/com.unity.2d.animation/Editor/SkinningModule
  artifactKey: Guid(0c5c95ab5cf49784c86dc247663d026e) Importer(2089858483,b0f066a214c2f5e87bad3c948f4d605d)
Start importing Packages/com.unity.2d.animation/Editor/SkinningModule using Guid(0c5c95ab5cf49784c86dc247663d026e) Importer(2089858483,b0f066a214c2f5e87bad3c948f4d605d) (ScriptedImporter) -> (artifact id: 'e433b9a4b6607d205383939dff9237cf') in 0.002070375 seconds
Number of updated asset objects reloaded before import = 0Number of asset objects unloaded after import = 1

========================================================================
Received Import Request.
  Time since last request: 0.000056 seconds.
  path: Packages/com.unity.2d.animation/Editor/SkinningModule/CharacterModeTool
  artifactKey: Guid(6735c3e859fb15b4191b28f225534760) Importer(2089858483,b0f066a214c2f5e87bad3c948f4d605d)
Start importing Packages/com.unity.2d.animation/Editor/SkinningModule/CharacterModeTool using Guid(6735c3e859fb15b4191b28f225534760) Importer(2089858483,b0f066a214c2f5e87bad3c948f4d605d) (ScriptedImporter) -> (artifact id: 'd62a7566b8e3b074dc146b58b1ae724c') in 0.002064417 seconds
Number of updated asset objects reloaded before import = 0Number of asset objects unloaded after import = 1

========================================================================
Received Import Request.
  Time since last request: 0.000038 seconds.
  path: Packages/com.unity.render-pipelines.core/Runtime/RenderPipelineResources/GPUDriven
  artifactKey: Guid(270b22cf3fe09dc4ea4fe92d629d8bce) Importer(2089858483,b0f066a214c2f5e87bad3c948f4d605d)
Start importing Packages/com.unity.render-pipelines.core/Runtime/RenderPipelineResources/GPUDriven using Guid(270b22cf3fe09dc4ea4fe92d629d8bce) Importer(2089858483,b0f066a214c2f5e87bad3c948f4d605d) (ScriptedImporter) -> (artifact id: 'd38a57c97cb3c6df69a6e21070ada7d6') in 0.002157917 seconds
Number of updated asset objects reloaded before import = 0Number of asset objects unloaded after import = 1

========================================================================
Received Import Request.
  Time since last request: 0.000062 seconds.
  path: Packages/com.unity.render-pipelines.universal/Runtime/Memory
  artifactKey: Guid(db16a3790436426e8ea186e7918ea4cc) Importer(2089858483,b0f066a214c2f5e87bad3c948f4d605d)
Start importing Packages/com.unity.render-pipelines.universal/Runtime/Memory using Guid(db16a3790436426e8ea186e7918ea4cc) Importer(2089858483,b0f066a214c2f5e87bad3c948f4d605d) (ScriptedImporter) -> (artifact id: 'd7f3e1ed6663925389dd51c6ebeb9bdd') in 0.001955375 seconds
Number of updated asset objects reloaded before import = 0Number of asset objects unloaded after import = 1

========================================================================
Received Import Request.
  Time since last request: 0.000051 seconds.
  path: Packages/com.unity.ugui/Editor/UGUI
  artifactKey: Guid(278b6073a5bdd4362acd72ca43ff9e0d) Importer(2089858483,b0f066a214c2f5e87bad3c948f4d605d)
Start importing Packages/com.unity.ugui/Editor/UGUI using Guid(278b6073a5bdd4362acd72ca43ff9e0d) Importer(2089858483,b0f066a214c2f5e87bad3c948f4d605d) (ScriptedImporter) -> (artifact id: '68b0f89c8b76129acb4e4bfee8cb4bf7') in 0.004299584 seconds
Number of updated asset objects reloaded before import = 0Number of asset objects unloaded after import = 1

========================================================================
Received Import Request.
  Time since last request: 0.000040 seconds.
  path: Packages/com.unity.ugui/Tests/Runtime/UGUI/MaskClipping
  artifactKey: Guid(2bc8a181dfd9de24388de89bb8db7713) Importer(2089858483,b0f066a214c2f5e87bad3c948f4d605d)
Start importing Packages/com.unity.ugui/Tests/Runtime/UGUI/MaskClipping using Guid(2bc8a181dfd9de24388de89bb8db7713) Importer(2089858483,b0f066a214c2f5e87bad3c948f4d605d) (ScriptedImporter) -> (artifact id: 'f067ad70a53cf488c9c7504efe4e31a9') in 0.0021215 seconds
Number of updated asset objects reloaded before import = 0Number of asset objects unloaded after import = 1

========================================================================
Received Import Request.
  Time since last request: 0.000064 seconds.
  path: Packages/com.unity.timeline/Editor/Signals
  artifactKey: Guid(cce613d1538e76a4785658931c7db093) Importer(2089858483,b0f066a214c2f5e87bad3c948f4d605d)
Start importing Packages/com.unity.timeline/Editor/Signals using Guid(cce613d1538e76a4785658931c7db093) Importer(2089858483,b0f066a214c2f5e87bad3c948f4d605d) (ScriptedImporter) -> (artifact id: '481531e1cc9b4e916a7fff013624de91') in 0.002188042 seconds
Number of updated asset objects reloaded before import = 0Number of asset objects unloaded after import = 1

========================================================================
Received Import Request.
  Time since last request: 0.000069 seconds.
  path: Packages/com.unity.visualscripting/Editor/VisualScripting.Flow/Framework
  artifactKey: Guid(263ad70d08f1443a98e957c081b172a5) Importer(2089858483,b0f066a214c2f5e87bad3c948f4d605d)
Start importing Packages/com.unity.visualscripting/Editor/VisualScripting.Flow/Framework using Guid(263ad70d08f1443a98e957c081b172a5) Importer(2089858483,b0f066a214c2f5e87bad3c948f4d605d) (ScriptedImporter) -> (artifact id: '7fc270e8c4cdce75d225173ce4e09d40') in 0.002140375 seconds
Number of updated asset objects reloaded before import = 0Number of asset objects unloaded after import = 1

========================================================================
Received Import Request.
  Time since last request: 0.000054 seconds.
  path: Packages/com.unity.render-pipelines.universal/Editor/Settings/PropertyDrawers
  artifactKey: Guid(82c1f210baa2e8041bb6347e6278e365) Importer(2089858483,b0f066a214c2f5e87bad3c948f4d605d)
Start importing Packages/com.unity.render-pipelines.universal/Editor/Settings/PropertyDrawers using Guid(82c1f210baa2e8041bb6347e6278e365) Importer(2089858483,b0f066a214c2f5e87bad3c948f4d605d) (ScriptedImporter) -> (artifact id: '5e0c8407104f9e6762bf6cc25d56d13f') in 0.001961875 seconds
Number of updated asset objects reloaded before import = 0Number of asset objects unloaded after import = 1

========================================================================
Received Import Request.
  Time since last request: 0.000042 seconds.
  path: Packages/com.unity.collab-proxy/Editor/CloudDrive/Workspaces
  artifactKey: Guid(c305bca7e5f889e4b9b7acc8a8f00440) Importer(2089858483,b0f066a214c2f5e87bad3c948f4d605d)
Start importing Packages/com.unity.collab-proxy/Editor/CloudDrive/Workspaces using Guid(c305bca7e5f889e4b9b7acc8a8f00440) Importer(2089858483,b0f066a214c2f5e87bad3c948f4d605d) (ScriptedImporter) -> (artifact id: 'bcd19390fd3e9af2ae23f6c7b79c6766') in 0.002073917 seconds
Number of updated asset objects reloaded before import = 0Number of asset objects unloaded after import = 1

========================================================================
Received Import Request.
  Time since last request: 0.000060 seconds.
  path: Packages/com.unity.ide.visualstudio/Editor/VSWhere
  artifactKey: Guid(5b17896803f77494da73d73448fb6cb4) Importer(2089858483,b0f066a214c2f5e87bad3c948f4d605d)
Start importing Packages/com.unity.ide.visualstudio/Editor/VSWhere using Guid(5b17896803f77494da73d73448fb6cb4) Importer(2089858483,b0f066a214c2f5e87bad3c948f4d605d) (ScriptedImporter) -> (artifact id: '84f7a6b6e0e4e80df4fc998e2fea8c91') in 0.002333458 seconds
Number of updated asset objects reloaded before import = 0Number of asset objects unloaded after import = 1

========================================================================
Received Import Request.
  Time since last request: 0.000036 seconds.
  path: Packages/com.unity.inputsystem/InputSystem/Editor/AssetImporter
  artifactKey: Guid(9d7486ba41233414a9ed80716a544026) Importer(2089858483,b0f066a214c2f5e87bad3c948f4d605d)
Start importing Packages/com.unity.inputsystem/InputSystem/Editor/AssetImporter using Guid(9d7486ba41233414a9ed80716a544026) Importer(2089858483,b0f066a214c2f5e87bad3c948f4d605d) (ScriptedImporter) -> (artifact id: '63c04156ac09aaf774c966fdbb942b14') in 0.002067959 seconds
Number of updated asset objects reloaded before import = 0Number of asset objects unloaded after import = 1

========================================================================
Received Import Request.
  Time since last request: 0.000068 seconds.
  path: Packages/com.unity.inputsystem/InputSystem/Editor/Plugins/PlayerInput
  artifactKey: Guid(95a3b96623aff409fad313b971f84743) Importer(2089858483,b0f066a214c2f5e87bad3c948f4d605d)
Start importing Packages/com.unity.inputsystem/InputSystem/Editor/Plugins/PlayerInput using Guid(95a3b96623aff409fad313b971f84743) Importer(2089858483,b0f066a214c2f5e87bad3c948f4d605d) (ScriptedImporter) -> (artifact id: '3fcf816a4287df2a329c9bcec24e7384') in 0.002027625 seconds
Number of updated asset objects reloaded before import = 0Number of asset objects unloaded after import = 1

========================================================================
Received Import Request.
  Time since last request: 0.000048 seconds.
  path: Packages/com.unity.2d.tilemap.extras/Editor/Tiles/AnimatedTile
  artifactKey: Guid(002d0dba65a5470db8f0ec135f0288b1) Importer(2089858483,b0f066a214c2f5e87bad3c948f4d605d)
Start importing Packages/com.unity.2d.tilemap.extras/Editor/Tiles/AnimatedTile using Guid(002d0dba65a5470db8f0ec135f0288b1) Importer(2089858483,b0f066a214c2f5e87bad3c948f4d605d) (ScriptedImporter) -> (artifact id: '72f04319a11567bbad84b0d86a03c1da') in 0.002058666 seconds
Number of updated asset objects reloaded before import = 0Number of asset objects unloaded after import = 1

========================================================================
Received Import Request.
  Time since last request: 0.000062 seconds.
  path: Packages/com.unity.render-pipelines.core/Runtime/Vrs/Shaders
  artifactKey: Guid(77658d0b0e15bb342a01e17ef1b2172a) Importer(2089858483,b0f066a214c2f5e87bad3c948f4d605d)
Start importing Packages/com.unity.render-pipelines.core/Runtime/Vrs/Shaders using Guid(77658d0b0e15bb342a01e17ef1b2172a) Importer(2089858483,b0f066a214c2f5e87bad3c948f4d605d) (ScriptedImporter) -> (artifact id: 'd831e7eb837f263811f4877e67de3fb8') in 0.002025334 seconds
Number of updated asset objects reloaded before import = 0Number of asset objects unloaded after import = 1

========================================================================
Received Import Request.
  Time since last request: 0.000035 seconds.
  path: Packages/com.unity.collab-proxy/Editor/Configuration/CloudEdition
  artifactKey: Guid(0b593e05bcd27824eb229f8c6b20e13b) Importer(2089858483,b0f066a214c2f5e87bad3c948f4d605d)
Start importing Packages/com.unity.collab-proxy/Editor/Configuration/CloudEdition using Guid(0b593e05bcd27824eb229f8c6b20e13b) Importer(2089858483,b0f066a214c2f5e87bad3c948f4d605d) (ScriptedImporter) -> (artifact id: 'b84340d93b053dd34ebafae79f57af80') in 0.002204125 seconds
Number of updated asset objects reloaded before import = 0Number of asset objects unloaded after import = 1

========================================================================
Received Import Request.
  Time since last request: 0.000063 seconds.
  path: Packages/com.unity.ugui/Tests/Runtime/UGUI
  artifactKey: Guid(53caebc5909234b4ebe1fcaf3dc913a5) Importer(2089858483,b0f066a214c2f5e87bad3c948f4d605d)
Start importing Packages/com.unity.ugui/Tests/Runtime/UGUI using Guid(53caebc5909234b4ebe1fcaf3dc913a5) Importer(2089858483,b0f066a214c2f5e87bad3c948f4d605d) (ScriptedImporter) -> (artifact id: '88777c2bf0da696f5cd1f7330ee655e7') in 0.00260375 seconds
Number of updated asset objects reloaded before import = 0Number of asset objects unloaded after import = 1

========================================================================
Received Import Request.
  Time since last request: 0.000057 seconds.
  path: Packages/com.unity.test-framework/UnityEngine.TestRunner/NUnitExtensions/Commands
  artifactKey: Guid(6b72875690e0f7343911e06af3145bd5) Importer(2089858483,b0f066a214c2f5e87bad3c948f4d605d)
Start importing Packages/com.unity.test-framework/UnityEngine.TestRunner/NUnitExtensions/Commands using Guid(6b72875690e0f7343911e06af3145bd5) Importer(2089858483,b0f066a214c2f5e87bad3c948f4d605d) (ScriptedImporter) -> (artifact id: 'ff257dd57bf1bc9f00c850d6cd7ed995') in 0.002314083 seconds
Number of updated asset objects reloaded before import = 0Number of asset objects unloaded after import = 1

========================================================================
Received Import Request.
  Time since last request: 0.000101 seconds.
  path: Packages/com.unity.shadergraph/Editor/Resources
  artifactKey: Guid(64c9c5df0004c44f0896e816c69c7aa1) Importer(2089858483,b0f066a214c2f5e87bad3c948f4d605d)
Start importing Packages/com.unity.shadergraph/Editor/Resources using Guid(64c9c5df0004c44f0896e816c69c7aa1) Importer(2089858483,b0f066a214c2f5e87bad3c948f4d605d) (ScriptedImporter) -> (artifact id: '0f8295bbc38e4cd01262d7356446f71b') in 0.002063458 seconds
Number of updated asset objects reloaded before import = 0Number of asset objects unloaded after import = 1

========================================================================
Received Import Request.
  Time since last request: 0.000055 seconds.
  path: Packages/com.unity.inputsystem/InputSystem/Runtime/Plugins/iOS
  artifactKey: Guid(cdf0d8abf71784dacb0470320cd8936f) Importer(2089858483,b0f066a214c2f5e87bad3c948f4d605d)
Start importing Packages/com.unity.inputsystem/InputSystem/Runtime/Plugins/iOS using Guid(cdf0d8abf71784dacb0470320cd8936f) Importer(2089858483,b0f066a214c2f5e87bad3c948f4d605d) (ScriptedImporter) -> (artifact id: '4e2b16fa7a83054f40cf917d2468940b') in 0.002347834 seconds
Number of updated asset objects reloaded before import = 0Number of asset objects unloaded after import = 1

========================================================================
Received Import Request.
  Time since last request: 0.000053 seconds.
  path: Packages/com.unity.2d.tilemap/Tests/Editor
  artifactKey: Guid(62324ebe9a53d9a43b04f4b0e9b961a0) Importer(2089858483,b0f066a214c2f5e87bad3c948f4d605d)
Start importing Packages/com.unity.2d.tilemap/Tests/Editor using Guid(62324ebe9a53d9a43b04f4b0e9b961a0) Importer(2089858483,b0f066a214c2f5e87bad3c948f4d605d) (ScriptedImporter) -> (artifact id: 'dc9535c160512a177f8e593c71fcd6ae') in 0.002508541 seconds
Number of updated asset objects reloaded before import = 0Number of asset objects unloaded after import = 1

========================================================================
Received Import Request.
  Time since last request: 0.000082 seconds.
  path: Packages/com.unity.render-pipelines.universal/Editor/ShaderGraph/Includes
  artifactKey: Guid(f9df817efe7f52045a7cd7ae84fd47ae) Importer(2089858483,b0f066a214c2f5e87bad3c948f4d605d)
Start importing Packages/com.unity.render-pipelines.universal/Editor/ShaderGraph/Includes using Guid(f9df817efe7f52045a7cd7ae84fd47ae) Importer(2089858483,b0f066a214c2f5e87bad3c948f4d605d) (ScriptedImporter) -> (artifact id: '88938c5dae312ad3221e5e69786e4459') in 0.002317458 seconds
Number of updated asset objects reloaded before import = 0Number of asset objects unloaded after import = 1

========================================================================
Received Import Request.
  Time since last request: 0.000041 seconds.
  path: Packages/com.unity.render-pipelines.core/Runtime/ShaderGenerator
  artifactKey: Guid(4545c8d908390cb4da76ded2ad888b12) Importer(2089858483,b0f066a214c2f5e87bad3c948f4d605d)
Start importing Packages/com.unity.render-pipelines.core/Runtime/ShaderGenerator using Guid(4545c8d908390cb4da76ded2ad888b12) Importer(2089858483,b0f066a214c2f5e87bad3c948f4d605d) (ScriptedImporter) -> (artifact id: '33bc3a814953f4d36dc0713887d7db77') in 0.00227275 seconds
Number of updated asset objects reloaded before import = 0Number of asset objects unloaded after import = 1

========================================================================
Received Import Request.
  Time since last request: 0.000060 seconds.
  path: Packages/com.unity.visualscripting/Editor/VisualScripting.Core/Product
  artifactKey: Guid(c7305cb49b358401f9eda1d1c3bf5a2b) Importer(2089858483,b0f066a214c2f5e87bad3c948f4d605d)
Start importing Packages/com.unity.visualscripting/Editor/VisualScripting.Core/Product using Guid(c7305cb49b358401f9eda1d1c3bf5a2b) Importer(2089858483,b0f066a214c2f5e87bad3c948f4d605d) (ScriptedImporter) -> (artifact id: '3775f840df85951909c605a287699b99') in 0.002061542 seconds
Number of updated asset objects reloaded before import = 0Number of asset objects unloaded after import = 1

========================================================================
Received Import Request.
  Time since last request: 0.000049 seconds.
  path: Packages/com.unity.ide.rider/Rider/Editor
  artifactKey: Guid(1b393f6b29a9ee84c803af1ab4944b71) Importer(2089858483,b0f066a214c2f5e87bad3c948f4d605d)
Start importing Packages/com.unity.ide.rider/Rider/Editor using Guid(1b393f6b29a9ee84c803af1ab4944b71) Importer(2089858483,b0f066a214c2f5e87bad3c948f4d605d) (ScriptedImporter) -> (artifact id: '5d30abc84c42655000112dae2d77b93b') in 0.001911334 seconds
Number of updated asset objects reloaded before import = 0Number of asset objects unloaded after import = 1

========================================================================
Received Import Request.
  Time since last request: 0.000051 seconds.
  path: Packages/com.unity.visualscripting/Editor/VisualScripting.Core/Interface/Icons
  artifactKey: Guid(e34dd660f2f8b4f33862d77c9f1f36f2) Importer(2089858483,b0f066a214c2f5e87bad3c948f4d605d)
Start importing Packages/com.unity.visualscripting/Editor/VisualScripting.Core/Interface/Icons using Guid(e34dd660f2f8b4f33862d77c9f1f36f2) Importer(2089858483,b0f066a214c2f5e87bad3c948f4d605d) (ScriptedImporter) -> (artifact id: '1c5f02601f41bce5d0432b3600351fe9') in 0.001994958 seconds
Number of updated asset objects reloaded before import = 0Number of asset objects unloaded after import = 1

========================================================================
Received Import Request.
  Time since last request: 0.000065 seconds.
  path: Packages/com.unity.2d.tooling/Editor/Insider/SpriteAtlas/SpriteAtlasIssueReport
  artifactKey: Guid(33672fb0710e34f7ba784ffc04679f50) Importer(2089858483,b0f066a214c2f5e87bad3c948f4d605d)
Start importing Packages/com.unity.2d.tooling/Editor/Insider/SpriteAtlas/SpriteAtlasIssueReport using Guid(33672fb0710e34f7ba784ffc04679f50) Importer(2089858483,b0f066a214c2f5e87bad3c948f4d605d) (ScriptedImporter) -> (artifact id: 'd41c7705dfabca2327ddf8b2073a478a') in 0.002000209 seconds
Number of updated asset objects reloaded before import = 0Number of asset objects unloaded after import = 1

========================================================================
Received Import Request.
  Time since last request: 0.000060 seconds.
  path: Packages/com.unity.shadergraph/Editor/Data/Nodes/MeshDeformation
  artifactKey: Guid(756acc907fa7dec429bae437fab8df69) Importer(2089858483,b0f066a214c2f5e87bad3c948f4d605d)
Start importing Packages/com.unity.shadergraph/Editor/Data/Nodes/MeshDeformation using Guid(756acc907fa7dec429bae437fab8df69) Importer(2089858483,b0f066a214c2f5e87bad3c948f4d605d) (ScriptedImporter) -> (artifact id: '567963e60709aeb87ec4b6408a1289f8') in 0.002144792 seconds
Number of updated asset objects reloaded before import = 0Number of asset objects unloaded after import = 1

========================================================================
Received Import Request.
  Time since last request: 0.000056 seconds.
  path: Packages/com.unity.collab-proxy/Editor/CodeEditor
  artifactKey: Guid(4fc790507a1f64097a10ada53cbe495e) Importer(2089858483,b0f066a214c2f5e87bad3c948f4d605d)
Start importing Packages/com.unity.collab-proxy/Editor/CodeEditor using Guid(4fc790507a1f64097a10ada53cbe495e) Importer(2089858483,b0f066a214c2f5e87bad3c948f4d605d) (ScriptedImporter) -> (artifact id: 'ca274e0ccafa0eb5c0a368be2e10f8ec') in 0.002090875 seconds
Number of updated asset objects reloaded before import = 0Number of asset objects unloaded after import = 1

========================================================================
Received Import Request.
  Time since last request: 0.000038 seconds.
  path: Packages/com.unity.ext.nunit
  artifactKey: Guid(aa43149513e0d0ab612ac9968c8a459c) Importer(2089858483,b0f066a214c2f5e87bad3c948f4d605d)
Start importing Packages/com.unity.ext.nunit using Guid(aa43149513e0d0ab612ac9968c8a459c) Importer(2089858483,b0f066a214c2f5e87bad3c948f4d605d) (ScriptedImporter) -> (artifact id: 'cb1ef1319224919a4a2201a71f86b6ff') in 0.001966667 seconds
Number of updated asset objects reloaded before import = 0Number of asset objects unloaded after import = 1

========================================================================
Received Import Request.
  Time since last request: 0.000037 seconds.
  path: Packages/com.unity.ugui/Editor/UGUI/UI
  artifactKey: Guid(853edc343b78a7c4c81cbb3851d48c0a) Importer(2089858483,b0f066a214c2f5e87bad3c948f4d605d)
Start importing Packages/com.unity.ugui/Editor/UGUI/UI using Guid(853edc343b78a7c4c81cbb3851d48c0a) Importer(2089858483,b0f066a214c2f5e87bad3c948f4d605d) (ScriptedImporter) -> (artifact id: '7aeb70246048e75bde6df61cd7b17c91') in 0.002023125 seconds
Number of updated asset objects reloaded before import = 0Number of asset objects unloaded after import = 1

========================================================================
Received Import Request.
  Time since last request: 0.000064 seconds.
  path: Packages/com.unity.2d.tilemap.extras/Editor/Tiles/RuleOverrideTile
  artifactKey: Guid(0a1ce61609bfe5541aea5f933f4a25de) Importer(2089858483,b0f066a214c2f5e87bad3c948f4d605d)
Start importing Packages/com.unity.2d.tilemap.extras/Editor/Tiles/RuleOverrideTile using Guid(0a1ce61609bfe5541aea5f933f4a25de) Importer(2089858483,b0f066a214c2f5e87bad3c948f4d605d) (ScriptedImporter) -> (artifact id: '4a5068f2bae4938fdeadf3c98493b529') in 0.002199667 seconds
Number of updated asset objects reloaded before import = 0Number of asset objects unloaded after import = 1

========================================================================
Received Import Request.
  Time since last request: 0.000050 seconds.
  path: Packages/com.unity.shadergraph/Editor/Generation
  artifactKey: Guid(e51156e26e632ae4faebae701a3bff82) Importer(2089858483,b0f066a214c2f5e87bad3c948f4d605d)
Start importing Packages/com.unity.shadergraph/Editor/Generation using Guid(e51156e26e632ae4faebae701a3bff82) Importer(2089858483,b0f066a214c2f5e87bad3c948f4d605d) (ScriptedImporter) -> (artifact id: '394084b011fb421af4d0869968fcaa90') in 0.001984541 seconds
Number of updated asset objects reloaded before import = 0Number of asset objects unloaded after import = 1

========================================================================
Received Import Request.
  Time since last request: 0.000039 seconds.
  path: Packages/com.unity.ugui/Runtime/UGUI/EventSystem/EventData
  artifactKey: Guid(b3cdabf2f1e76854d8aab5930305d70d) Importer(2089858483,b0f066a214c2f5e87bad3c948f4d605d)
Start importing Packages/com.unity.ugui/Runtime/UGUI/EventSystem/EventData using Guid(b3cdabf2f1e76854d8aab5930305d70d) Importer(2089858483,b0f066a214c2f5e87bad3c948f4d605d) (ScriptedImporter) -> (artifact id: '57a261247d9ed60c34272aafdd20f5a6') in 0.002005333 seconds
Number of updated asset objects reloaded before import = 0Number of asset objects unloaded after import = 1

========================================================================
Received Import Request.
  Time since last request: 0.000033 seconds.
  path: Packages/com.unity.shadergraph/Editor/Generation/Contexts
  artifactKey: Guid(e7109562d81c04d45be09c804dc1b8ae) Importer(2089858483,b0f066a214c2f5e87bad3c948f4d605d)
Start importing Packages/com.unity.shadergraph/Editor/Generation/Contexts using Guid(e7109562d81c04d45be09c804dc1b8ae) Importer(2089858483,b0f066a214c2f5e87bad3c948f4d605d) (ScriptedImporter) -> (artifact id: '2d07ad5009d75baed2b7c64875657e6b') in 0.001952959 seconds
Number of updated asset objects reloaded before import = 0Number of asset objects unloaded after import = 1

========================================================================
Received Import Request.
  Time since last request: 0.000051 seconds.
  path: Packages/com.unity.timeline/Editor/StyleSheets/Images/Icons
  artifactKey: Guid(a90603761ea3d8449a60aebebd202228) Importer(2089858483,b0f066a214c2f5e87bad3c948f4d605d)
Start importing Packages/com.unity.timeline/Editor/StyleSheets/Images/Icons using Guid(a90603761ea3d8449a60aebebd202228) Importer(2089858483,b0f066a214c2f5e87bad3c948f4d605d) (ScriptedImporter) -> (artifact id: '5b782910b267a206d25688c132e69391') in 0.0020465 seconds
Number of updated asset objects reloaded before import = 0Number of asset objects unloaded after import = 1

========================================================================
Received Import Request.
  Time since last request: 0.000038 seconds.
  path: Packages/com.unity.render-pipelines.universal-config/Tests/Editor
  artifactKey: Guid(e3c6a2f8ffe72de4bb4f45bbe266aff8) Importer(2089858483,b0f066a214c2f5e87bad3c948f4d605d)
Start importing Packages/com.unity.render-pipelines.universal-config/Tests/Editor using Guid(e3c6a2f8ffe72de4bb4f45bbe266aff8) Importer(2089858483,b0f066a214c2f5e87bad3c948f4d605d) (ScriptedImporter) -> (artifact id: '15ae8a295c2c1be5b07f22a4384181e7') in 0.002212 seconds
Number of updated asset objects reloaded before import = 0Number of asset objects unloaded after import = 1

========================================================================
Received Import Request.
  Time since last request: 0.000049 seconds.
  path: Packages/com.unity.render-pipelines.core/Runtime
  artifactKey: Guid(89c766a6aa0579c4b9f01bbbe5a45dfd) Importer(2089858483,b0f066a214c2f5e87bad3c948f4d605d)
Start importing Packages/com.unity.render-pipelines.core/Runtime using Guid(89c766a6aa0579c4b9f01bbbe5a45dfd) Importer(2089858483,b0f066a214c2f5e87bad3c948f4d605d) (ScriptedImporter) -> (artifact id: 'b2a5c57fa6d2c4232bb99d9d20edde22') in 0.002057542 seconds
Number of updated asset objects reloaded before import = 0Number of asset objects unloaded after import = 1

========================================================================
Received Import Request.
  Time since last request: 0.000061 seconds.
  path: Packages/com.unity.visualscripting/Editor/VisualScripting.Core/Context
  artifactKey: Guid(d95a4548a35ec4b78ad08d0210b776ec) Importer(2089858483,b0f066a214c2f5e87bad3c948f4d605d)
Start importing Packages/com.unity.visualscripting/Editor/VisualScripting.Core/Context using Guid(d95a4548a35ec4b78ad08d0210b776ec) Importer(2089858483,b0f066a214c2f5e87bad3c948f4d605d) (ScriptedImporter) -> (artifact id: 'f2430173fecbfb1e831dc81a2df8ca60') in 0.002124 seconds
Number of updated asset objects reloaded before import = 0Number of asset objects unloaded after import = 1

========================================================================
Received Import Request.
  Time since last request: 0.000064 seconds.
  path: Packages/com.unity.visualscripting/Editor/VisualScripting.Flow/Framework/Variables
  artifactKey: Guid(4733f511b28bb48a3b2e651e645500b8) Importer(2089858483,b0f066a214c2f5e87bad3c948f4d605d)
Start importing Packages/com.unity.visualscripting/Editor/VisualScripting.Flow/Framework/Variables using Guid(4733f511b28bb48a3b2e651e645500b8) Importer(2089858483,b0f066a214c2f5e87bad3c948f4d605d) (ScriptedImporter) -> (artifact id: '1cb0f4d58ec2a425d220b6e5be93c67d') in 0.002171958 seconds
Number of updated asset objects reloaded before import = 0Number of asset objects unloaded after import = 1

========================================================================
Received Import Request.
  Time since last request: 0.000057 seconds.
  path: Assets/Scenes
  artifactKey: Guid(109e9bdd0fcc649c5bc59085c35bdc83) Importer(2089858483,b0f066a214c2f5e87bad3c948f4d605d)
Start importing Assets/Scenes using Guid(109e9bdd0fcc649c5bc59085c35bdc83) Importer(2089858483,b0f066a214c2f5e87bad3c948f4d605d) (ScriptedImporter) -> (artifact id: '5580f2a5b6ed4324ab13fedf9121c25c') in 0.002120708 seconds
Number of updated asset objects reloaded before import = 0Number of asset objects unloaded after import = 1

========================================================================
Received Import Request.
  Time since last request: 0.000096 seconds.
  path: Packages/com.unity.2d.tilemap/Editor
  artifactKey: Guid(6b38a6882b80b1c4dbcca4bc844d7b9c) Importer(2089858483,b0f066a214c2f5e87bad3c948f4d605d)
Start importing Packages/com.unity.2d.tilemap/Editor using Guid(6b38a6882b80b1c4dbcca4bc844d7b9c) Importer(2089858483,b0f066a214c2f5e87bad3c948f4d605d) (ScriptedImporter) -> (artifact id: '845dda478aae26ea1eced1994b7c5aa7') in 0.00213125 seconds
Number of updated asset objects reloaded before import = 0Number of asset objects unloaded after import = 1

========================================================================
Received Import Request.
  Time since last request: 0.000058 seconds.
  path: Packages/com.unity.shadergraph/Editor/Resources/UXML
  artifactKey: Guid(e14441797a82fb84fb4e43064342bcb5) Importer(2089858483,b0f066a214c2f5e87bad3c948f4d605d)
Start importing Packages/com.unity.shadergraph/Editor/Resources/UXML using Guid(e14441797a82fb84fb4e43064342bcb5) Importer(2089858483,b0f066a214c2f5e87bad3c948f4d605d) (ScriptedImporter) -> (artifact id: '6e738dee46068ec728941e4a213020d6') in 0.002168083 seconds
Number of updated asset objects reloaded before import = 0Number of asset objects unloaded after import = 1

========================================================================
Received Import Request.
  Time since last request: 0.000058 seconds.
  path: Packages/com.unity.2d.tooling/Editor/Insider/SpriteAtlas/SpriteAtlasIssueReport/SpriteAtlasPageIssue
  artifactKey: Guid(770575e4c8464894be70cdedb9087958) Importer(2089858483,b0f066a214c2f5e87bad3c948f4d605d)
Start importing Packages/com.unity.2d.tooling/Editor/Insider/SpriteAtlas/SpriteAtlasIssueReport/SpriteAtlasPageIssue using Guid(770575e4c8464894be70cdedb9087958) Importer(2089858483,b0f066a214c2f5e87bad3c948f4d605d) (ScriptedImporter) -> (artifact id: '42fb108d87170ae46378bebd6fed7859') in 0.002205875 seconds
Number of updated asset objects reloaded before import = 0Number of asset objects unloaded after import = 1

========================================================================
Received Import Request.
  Time since last request: 0.000051 seconds.
  path: Packages/com.unity.visualscripting/Editor/VisualScripting.State
  artifactKey: Guid(7518a4bdcd2d8f4408d828d3b20bcaa7) Importer(2089858483,b0f066a214c2f5e87bad3c948f4d605d)
Start importing Packages/com.unity.visualscripting/Editor/VisualScripting.State using Guid(7518a4bdcd2d8f4408d828d3b20bcaa7) Importer(2089858483,b0f066a214c2f5e87bad3c948f4d605d) (ScriptedImporter) -> (artifact id: '899fc365edec7bf354f8c9d3ec078e15') in 0.002150166 seconds
Number of updated asset objects reloaded before import = 0Number of asset objects unloaded after import = 1

========================================================================
Received Import Request.
  Time since last request: 0.000042 seconds.
  path: Packages/com.unity.shadergraph/Editor/Data/Nodes/Terrain
  artifactKey: Guid(695f632629ada094ebf7ce1c301ad9c9) Importer(2089858483,b0f066a214c2f5e87bad3c948f4d605d)
Start importing Packages/com.unity.shadergraph/Editor/Data/Nodes/Terrain using Guid(695f632629ada094ebf7ce1c301ad9c9) Importer(2089858483,b0f066a214c2f5e87bad3c948f4d605d) (ScriptedImporter) -> (artifact id: '330b0060b9008baf54a84c13ebadfede') in 0.00228125 seconds
Number of updated asset objects reloaded before import = 0Number of asset objects unloaded after import = 1

========================================================================
Received Import Request.
  Time since last request: 0.000055 seconds.
  path: Packages/com.unity.2d.psdimporter/Editor/PSDPlugin
  artifactKey: Guid(c21e2663cf9e69a40b8ac0838a3f9ae1) Importer(2089858483,b0f066a214c2f5e87bad3c948f4d605d)
Start importing Packages/com.unity.2d.psdimporter/Editor/PSDPlugin using Guid(c21e2663cf9e69a40b8ac0838a3f9ae1) Importer(2089858483,b0f066a214c2f5e87bad3c948f4d605d) (ScriptedImporter) -> (artifact id: '79ce55f50f9322d1a838dcb221bfcdac') in 0.001976708 seconds
Number of updated asset objects reloaded before import = 0Number of asset objects unloaded after import = 1

========================================================================
Received Import Request.
  Time since last request: 0.000055 seconds.
  path: Packages/com.unity.ugui/Tests/Runtime/UGUI/LayoutGroup
  artifactKey: Guid(2d9b6ff056b6f484ba6500aa8e06bcf3) Importer(2089858483,b0f066a214c2f5e87bad3c948f4d605d)
Start importing Packages/com.unity.ugui/Tests/Runtime/UGUI/LayoutGroup using Guid(2d9b6ff056b6f484ba6500aa8e06bcf3) Importer(2089858483,b0f066a214c2f5e87bad3c948f4d605d) (ScriptedImporter) -> (artifact id: '6360340f23adae5fb45ab4ea10bad125') in 0.002111083 seconds
Number of updated asset objects reloaded before import = 0Number of asset objects unloaded after import = 1

========================================================================
Received Import Request.
  Time since last request: 0.000036 seconds.
  path: Packages/com.unity.timeline/Editor/Actions
  artifactKey: Guid(8620e97e7e9859049934889a52248435) Importer(2089858483,b0f066a214c2f5e87bad3c948f4d605d)
Start importing Packages/com.unity.timeline/Editor/Actions using Guid(8620e97e7e9859049934889a52248435) Importer(2089858483,b0f066a214c2f5e87bad3c948f4d605d) (ScriptedImporter) -> (artifact id: 'ffcae7f2f3be536d6ab574bc938a7f1b') in 0.002607833 seconds
Number of updated asset objects reloaded before import = 0Number of asset objects unloaded after import = 1

========================================================================
Received Import Request.
  Time since last request: 0.000043 seconds.
  path: Packages/com.unity.visualscripting/Editor/VisualScripting.Flow/Ports
  artifactKey: Guid(b4ff8197e0b904cda89f0765af03d4b6) Importer(2089858483,b0f066a214c2f5e87bad3c948f4d605d)
Start importing Packages/com.unity.visualscripting/Editor/VisualScripting.Flow/Ports using Guid(b4ff8197e0b904cda89f0765af03d4b6) Importer(2089858483,b0f066a214c2f5e87bad3c948f4d605d) (ScriptedImporter) -> (artifact id: '7c76f4ff23a617a959225c77cf44a1cf') in 0.002047292 seconds
Number of updated asset objects reloaded before import = 0Number of asset objects unloaded after import = 1

========================================================================
Received Import Request.
  Time since last request: 0.000056 seconds.
  path: Packages/com.unity.inputsystem/InputSystem/Editor/Settings
  artifactKey: Guid(c189b798c1d4842fcb189cf619033d39) Importer(2089858483,b0f066a214c2f5e87bad3c948f4d605d)
Start importing Packages/com.unity.inputsystem/InputSystem/Editor/Settings using Guid(c189b798c1d4842fcb189cf619033d39) Importer(2089858483,b0f066a214c2f5e87bad3c948f4d605d) (ScriptedImporter) -> (artifact id: '3b301fb4be663de0714305374c0becb2') in 0.002252791 seconds
Number of updated asset objects reloaded before import = 0Number of asset objects unloaded after import = 1

========================================================================
Received Import Request.
  Time since last request: 0.000049 seconds.
  path: Packages/com.unity.collab-proxy/Editor/Diff/Asset/Content/Search
  artifactKey: Guid(7b2b4aac3415145888e9c580fb869826) Importer(2089858483,b0f066a214c2f5e87bad3c948f4d605d)
Start importing Packages/com.unity.collab-proxy/Editor/Diff/Asset/Content/Search using Guid(7b2b4aac3415145888e9c580fb869826) Importer(2089858483,b0f066a214c2f5e87bad3c948f4d605d) (ScriptedImporter) -> (artifact id: '58be2dbf3c26d5d42ed6107ee889d5af') in 0.002142625 seconds
Number of updated asset objects reloaded before import = 0Number of asset objects unloaded after import = 1

========================================================================
Received Import Request.
  Time since last request: 0.000063 seconds.
  path: Packages/com.unity.visualscripting/Runtime/VisualScripting.Core/Events
  artifactKey: Guid(5e73904467b8a4fd9ac64ec135f0d6e7) Importer(2089858483,b0f066a214c2f5e87bad3c948f4d605d)
Start importing Packages/com.unity.visualscripting/Runtime/VisualScripting.Core/Events using Guid(5e73904467b8a4fd9ac64ec135f0d6e7) Importer(2089858483,b0f066a214c2f5e87bad3c948f4d605d) (ScriptedImporter) -> (artifact id: '22473482dec39d3ab2b9d5a34fabe71d') in 0.002045042 seconds
Number of updated asset objects reloaded before import = 0Number of asset objects unloaded after import = 1

========================================================================
Received Import Request.
  Time since last request: 0.000062 seconds.
  path: Packages/com.unity.2d.psdimporter/Editor/Assets/Icons/Dark
  artifactKey: Guid(3c6d402da5acb4d1da766701ce3753c6) Importer(2089858483,b0f066a214c2f5e87bad3c948f4d605d)
Start importing Packages/com.unity.2d.psdimporter/Editor/Assets/Icons/Dark using Guid(3c6d402da5acb4d1da766701ce3753c6) Importer(2089858483,b0f066a214c2f5e87bad3c948f4d605d) (ScriptedImporter) -> (artifact id: 'eb2b41e4efe9fed1a02a521c99f62d97') in 0.001999375 seconds
Number of updated asset objects reloaded before import = 0Number of asset objects unloaded after import = 1

========================================================================
Received Import Request.
  Time since last request: 0.000046 seconds.
  path: Packages/com.unity.render-pipelines.universal/Shaders/PostProcessing
  artifactKey: Guid(a7a16c0caf8b8a84592e5c6591db2513) Importer(2089858483,b0f066a214c2f5e87bad3c948f4d605d)
Start importing Packages/com.unity.render-pipelines.universal/Shaders/PostProcessing using Guid(a7a16c0caf8b8a84592e5c6591db2513) Importer(2089858483,b0f066a214c2f5e87bad3c948f4d605d) (ScriptedImporter) -> (artifact id: '3d0c651eaee37c9c97d1a5075cdb247d') in 0.002048208 seconds
Number of updated asset objects reloaded before import = 0Number of asset objects unloaded after import = 1

========================================================================
Received Import Request.
  Time since last request: 0.000062 seconds.
  path: Packages/com.unity.render-pipelines.core/Runtime/RenderPipelineResources/Mesh
  artifactKey: Guid(68ed7b91fd1483d40861e1ada55a57bc) Importer(2089858483,b0f066a214c2f5e87bad3c948f4d605d)
Start importing Packages/com.unity.render-pipelines.core/Runtime/RenderPipelineResources/Mesh using Guid(68ed7b91fd1483d40861e1ada55a57bc) Importer(2089858483,b0f066a214c2f5e87bad3c948f4d605d) (ScriptedImporter) -> (artifact id: '86cf5d12e6cfc71379f2e2af22f232ef') in 0.002083416 seconds
Number of updated asset objects reloaded before import = 0Number of asset objects unloaded after import = 1

========================================================================
Received Import Request.
  Time since last request: 0.000037 seconds.
  path: Packages/com.unity.render-pipelines.universal/ShaderLibrary/Debug
  artifactKey: Guid(9f4aa226a5594efa99614cb0158c2f59) Importer(2089858483,b0f066a214c2f5e87bad3c948f4d605d)
Start importing Packages/com.unity.render-pipelines.universal/ShaderLibrary/Debug using Guid(9f4aa226a5594efa99614cb0158c2f59) Importer(2089858483,b0f066a214c2f5e87bad3c948f4d605d) (ScriptedImporter) -> (artifact id: 'dadc1aca5621442e7421d706c13891e5') in 0.002094792 seconds
Number of updated asset objects reloaded before import = 0Number of asset objects unloaded after import = 1

========================================================================
Received Import Request.
  Time since last request: 0.000066 seconds.
  path: Packages/com.unity.render-pipelines.universal-config/Runtime
  artifactKey: Guid(670b80493e242394ba4eda64f09253ac) Importer(2089858483,b0f066a214c2f5e87bad3c948f4d605d)
Start importing Packages/com.unity.render-pipelines.universal-config/Runtime using Guid(670b80493e242394ba4eda64f09253ac) Importer(2089858483,b0f066a214c2f5e87bad3c948f4d605d) (ScriptedImporter) -> (artifact id: '0822992e2213c24e3caa0c8c5333f54a') in 0.002067416 seconds
Number of updated asset objects reloaded before import = 0Number of asset objects unloaded after import = 1

========================================================================
Received Import Request.
  Time since last request: 0.000058 seconds.
  path: Packages/com.unity.inputsystem/InputSystem
  artifactKey: Guid(f27b222630c0f4b09a77a69bead14201) Importer(2089858483,b0f066a214c2f5e87bad3c948f4d605d)
Start importing Packages/com.unity.inputsystem/InputSystem using Guid(f27b222630c0f4b09a77a69bead14201) Importer(2089858483,b0f066a214c2f5e87bad3c948f4d605d) (ScriptedImporter) -> (artifact id: '3df68f35cecfeaaed29ca452d238f893') in 0.001959125 seconds
Number of updated asset objects reloaded before import = 0Number of asset objects unloaded after import = 1

========================================================================
Received Import Request.
  Time since last request: 0.000056 seconds.
  path: Packages/com.unity.ugui/Tests/Runtime/UGUI/Layout
  artifactKey: Guid(cc313cc004395df4a9884390556690a5) Importer(2089858483,b0f066a214c2f5e87bad3c948f4d605d)
Start importing Packages/com.unity.ugui/Tests/Runtime/UGUI/Layout using Guid(cc313cc004395df4a9884390556690a5) Importer(2089858483,b0f066a214c2f5e87bad3c948f4d605d) (ScriptedImporter) -> (artifact id: '98b2a7c83a29dbff7685c5b71bb22d19') in 0.002244167 seconds
Number of updated asset objects reloaded before import = 0Number of asset objects unloaded after import = 1

========================================================================
Received Import Request.
  Time since last request: 0.000054 seconds.
  path: Packages/com.unity.visualscripting/Runtime/VisualScripting.Flow/Framework/Control
  artifactKey: Guid(295db730a69ce4455861615708163352) Importer(2089858483,b0f066a214c2f5e87bad3c948f4d605d)
Start importing Packages/com.unity.visualscripting/Runtime/VisualScripting.Flow/Framework/Control using Guid(295db730a69ce4455861615708163352) Importer(2089858483,b0f066a214c2f5e87bad3c948f4d605d) (ScriptedImporter) -> (artifact id: '772e9e15994596835cc1a4e7d17eb7cf') in 0.002022333 seconds
Number of updated asset objects reloaded before import = 0Number of asset objects unloaded after import = 1

========================================================================
Received Import Request.
  Time since last request: 0.000064 seconds.
  path: Packages/com.unity.2d.psdimporter/Editor/Tasks
  artifactKey: Guid(b1575b7a6ef047c4ab65d2fc455e5e22) Importer(2089858483,b0f066a214c2f5e87bad3c948f4d605d)
Start importing Packages/com.unity.2d.psdimporter/Editor/Tasks using Guid(b1575b7a6ef047c4ab65d2fc455e5e22) Importer(2089858483,b0f066a214c2f5e87bad3c948f4d605d) (ScriptedImporter) -> (artifact id: '3121bbfbd68efeb9f0ffa4c4ffeb8f65') in 0.002080667 seconds
Number of updated asset objects reloaded before import = 0Number of asset objects unloaded after import = 1

========================================================================
Received Import Request.
  Time since last request: 0.000056 seconds.
  path: Packages/com.unity.shadergraph/Editor/Drawing/Controllers
  artifactKey: Guid(b1b1a4fb9c392ef49acffada0059f01e) Importer(2089858483,b0f066a214c2f5e87bad3c948f4d605d)
Start importing Packages/com.unity.shadergraph/Editor/Drawing/Controllers using Guid(b1b1a4fb9c392ef49acffada0059f01e) Importer(2089858483,b0f066a214c2f5e87bad3c948f4d605d) (ScriptedImporter) -> (artifact id: 'eee45e5d35f103781194bf95bd4aabe7') in 0.002105709 seconds
Number of updated asset objects reloaded before import = 0Number of asset objects unloaded after import = 1

========================================================================
Received Import Request.
  Time since last request: 0.000064 seconds.
  path: Packages/com.unity.timeline
  artifactKey: Guid(f88195837ab87847820d9b89bbaaa2aa) Importer(2089858483,b0f066a214c2f5e87bad3c948f4d605d)
Start importing Packages/com.unity.timeline using Guid(f88195837ab87847820d9b89bbaaa2aa) Importer(2089858483,b0f066a214c2f5e87bad3c948f4d605d) (ScriptedImporter) -> (artifact id: '11af4929c92a009713b26ee8660428ce') in 0.002189791 seconds
Number of updated asset objects reloaded before import = 0Number of asset objects unloaded after import = 1

========================================================================
Received Import Request.
  Time since last request: 0.000074 seconds.
  path: Packages/com.unity.visualscripting/Editor/VisualScripting.Core/Analysis
  artifactKey: Guid(a0a037cc0a236493996d666b0ab8690c) Importer(2089858483,b0f066a214c2f5e87bad3c948f4d605d)
Start importing Packages/com.unity.visualscripting/Editor/VisualScripting.Core/Analysis using Guid(a0a037cc0a236493996d666b0ab8690c) Importer(2089858483,b0f066a214c2f5e87bad3c948f4d605d) (ScriptedImporter) -> (artifact id: '7b42393aa76f7a920a04b24d61deb49f') in 0.002179084 seconds
Number of updated asset objects reloaded before import = 0Number of asset objects unloaded after import = 1

========================================================================
Received Import Request.
  Time since last request: 0.000039 seconds.
  path: Packages/com.unity.inputsystem/InputSystem/Runtime/Plugins/XR/Controls
  artifactKey: Guid(25ea971cc17caa84a8a2fdf9917af7b4) Importer(2089858483,b0f066a214c2f5e87bad3c948f4d605d)
Start importing Packages/com.unity.inputsystem/InputSystem/Runtime/Plugins/XR/Controls using Guid(25ea971cc17caa84a8a2fdf9917af7b4) Importer(2089858483,b0f066a214c2f5e87bad3c948f4d605d) (ScriptedImporter) -> (artifact id: '1201ccfcfa4cffd4f737e1bbe2247184') in 0.001968084 seconds
Number of updated asset objects reloaded before import = 0Number of asset objects unloaded after import = 1

========================================================================
Received Import Request.
  Time since last request: 0.000064 seconds.
  path: Packages/com.unity.2d.common/Path/Editor/EditablePath
  artifactKey: Guid(7547253d5e9da40a6a81c6436d293494) Importer(2089858483,b0f066a214c2f5e87bad3c948f4d605d)
Start importing Packages/com.unity.2d.common/Path/Editor/EditablePath using Guid(7547253d5e9da40a6a81c6436d293494) Importer(2089858483,b0f066a214c2f5e87bad3c948f4d605d) (ScriptedImporter) -> (artifact id: '81a198564ef8896cc6fc6d7ed6048a16') in 0.0021315 seconds
Number of updated asset objects reloaded before import = 0Number of asset objects unloaded after import = 1

========================================================================
Received Import Request.
  Time since last request: 0.000052 seconds.
  path: Packages/com.unity.shadergraph/Editor/Generation/Targets/BuiltIn/ShaderLibrary/Shim
  artifactKey: Guid(78c9ad9712dcd8a4d9ed0770a8fe6cc7) Importer(2089858483,b0f066a214c2f5e87bad3c948f4d605d)
Start importing Packages/com.unity.shadergraph/Editor/Generation/Targets/BuiltIn/ShaderLibrary/Shim using Guid(78c9ad9712dcd8a4d9ed0770a8fe6cc7) Importer(2089858483,b0f066a214c2f5e87bad3c948f4d605d) (ScriptedImporter) -> (artifact id: '60f13e14ea520cd6306df508b49ec82b') in 0.002036542 seconds
Number of updated asset objects reloaded before import = 0Number of asset objects unloaded after import = 1

========================================================================
Received Import Request.
  Time since last request: 0.000055 seconds.
  path: Packages/com.unity.timeline/Editor/Extensions
  artifactKey: Guid(f601c0d674119f74db9c15166b3a58c4) Importer(2089858483,b0f066a214c2f5e87bad3c948f4d605d)
Start importing Packages/com.unity.timeline/Editor/Extensions using Guid(f601c0d674119f74db9c15166b3a58c4) Importer(2089858483,b0f066a214c2f5e87bad3c948f4d605d) (ScriptedImporter) -> (artifact id: '7a4fb19a8171e852243204252ee61dca') in 0.008069666 seconds
Number of updated asset objects reloaded before import = 0Number of asset objects unloaded after import = 1

========================================================================
Received Import Request.
  Time since last request: 0.000037 seconds.
  path: Packages/com.unity.inputsystem/InputSystem/Runtime/Plugins/XR
  artifactKey: Guid(097288e93d94f44438e9ef4dc93f7346) Importer(2089858483,b0f066a214c2f5e87bad3c948f4d605d)
Start importing Packages/com.unity.inputsystem/InputSystem/Runtime/Plugins/XR using Guid(097288e93d94f44438e9ef4dc93f7346) Importer(2089858483,b0f066a214c2f5e87bad3c948f4d605d) (ScriptedImporter) -> (artifact id: 'b9812d53c6a904361e1b45d2ec942c97') in 0.004239625 seconds
Number of updated asset objects reloaded before import = 0Number of asset objects unloaded after import = 1

========================================================================
Received Import Request.
  Time since last request: 0.000038 seconds.
  path: Packages/com.unity.visualscripting/Editor/VisualScripting.Core
  artifactKey: Guid(7abb56c9dd89a544a9995a060ab55368) Importer(2089858483,b0f066a214c2f5e87bad3c948f4d605d)
Start importing Packages/com.unity.visualscripting/Editor/VisualScripting.Core using Guid(7abb56c9dd89a544a9995a060ab55368) Importer(2089858483,b0f066a214c2f5e87bad3c948f4d605d) (ScriptedImporter) -> (artifact id: '1b3905ac0558fc4784eb8ab16869545e') in 0.002059917 seconds
Number of updated asset objects reloaded before import = 0Number of asset objects unloaded after import = 1

========================================================================
Received Import Request.
  Time since last request: 0.000061 seconds.
  path: Packages/com.unity.inputsystem/InputSystem/Runtime/Plugins/Android
  artifactKey: Guid(e5769f689f15dce4a9f92aff27659c54) Importer(2089858483,b0f066a214c2f5e87bad3c948f4d605d)
Start importing Packages/com.unity.inputsystem/InputSystem/Runtime/Plugins/Android using Guid(e5769f689f15dce4a9f92aff27659c54) Importer(2089858483,b0f066a214c2f5e87bad3c948f4d605d) (ScriptedImporter) -> (artifact id: 'ca961432a817d38ba71399957b7e672c') in 0.001992583 seconds
Number of updated asset objects reloaded before import = 0Number of asset objects unloaded after import = 1

========================================================================
Received Import Request.
  Time since last request: 0.000052 seconds.
  path: Packages/com.unity.render-pipelines.universal/Editor
  artifactKey: Guid(53c20613ce8ac478dba8507359e02516) Importer(2089858483,b0f066a214c2f5e87bad3c948f4d605d)
Start importing Packages/com.unity.render-pipelines.universal/Editor using Guid(53c20613ce8ac478dba8507359e02516) Importer(2089858483,b0f066a214c2f5e87bad3c948f4d605d) (ScriptedImporter) -> (artifact id: '5b9a80e445e12ac535936e7481db74fa') in 0.001996 seconds
Number of updated asset objects reloaded before import = 0Number of asset objects unloaded after import = 1

========================================================================
Received Import Request.
  Time since last request: 0.000035 seconds.
  path: Packages/com.unity.inputsystem/InputSystem/Editor/ControlPicker
  artifactKey: Guid(b01eed8192c9f442b820a7af87ac73f8) Importer(2089858483,b0f066a214c2f5e87bad3c948f4d605d)
Start importing Packages/com.unity.inputsystem/InputSystem/Editor/ControlPicker using Guid(b01eed8192c9f442b820a7af87ac73f8) Importer(2089858483,b0f066a214c2f5e87bad3c948f4d605d) (ScriptedImporter) -> (artifact id: '87fbb3265f9d35c8b5bfe187a8e02081') in 0.001979959 seconds
Number of updated asset objects reloaded before import = 0Number of asset objects unloaded after import = 1

========================================================================
Received Import Request.
  Time since last request: 0.000040 seconds.
  path: Packages/com.unity.render-pipelines.core/Editor/BuildProcessors/SettingsStrippers
  artifactKey: Guid(f9e0abec186274f4f8a49394c1fef24b) Importer(2089858483,b0f066a214c2f5e87bad3c948f4d605d)
Start importing Packages/com.unity.render-pipelines.core/Editor/BuildProcessors/SettingsStrippers using Guid(f9e0abec186274f4f8a49394c1fef24b) Importer(2089858483,b0f066a214c2f5e87bad3c948f4d605d) (ScriptedImporter) -> (artifact id: '9ba555224bf55ddcde3f6353fe45455f') in 0.002083625 seconds
Number of updated asset objects reloaded before import = 0Number of asset objects unloaded after import = 1

========================================================================
Received Import Request.
  Time since last request: 0.000049 seconds.
  path: Packages/com.unity.render-pipelines.universal/Runtime/VFXGraph
  artifactKey: Guid(bc46ee9abc42d1e4ca5b5c7c8af9ebed) Importer(2089858483,b0f066a214c2f5e87bad3c948f4d605d)
Start importing Packages/com.unity.render-pipelines.universal/Runtime/VFXGraph using Guid(bc46ee9abc42d1e4ca5b5c7c8af9ebed) Importer(2089858483,b0f066a214c2f5e87bad3c948f4d605d) (ScriptedImporter) -> (artifact id: 'a6416fb3fe246869ebc1c361b7e207b1') in 0.002124833 seconds
Number of updated asset objects reloaded before import = 0Number of asset objects unloaded after import = 1

========================================================================
Received Import Request.
  Time since last request: 0.000068 seconds.
  path: Packages/com.unity.collab-proxy/Lib/Editor/TextMateSharp
  artifactKey: Guid(3c1cec640b7a44f4da637caef9ec1727) Importer(2089858483,b0f066a214c2f5e87bad3c948f4d605d)
Start importing Packages/com.unity.collab-proxy/Lib/Editor/TextMateSharp using Guid(3c1cec640b7a44f4da637caef9ec1727) Importer(2089858483,b0f066a214c2f5e87bad3c948f4d605d) (ScriptedImporter) -> (artifact id: '5438c923acb5ba1fabe98b3cd62477c9') in 0.002018417 seconds
Number of updated asset objects reloaded before import = 0Number of asset objects unloaded after import = 1

========================================================================
Received Import Request.
  Time since last request: 0.000052 seconds.
  path: Packages/com.unity.render-pipelines.core/Editor/LookDev/Icons
  artifactKey: Guid(9d38fc3327537ec418b043933457c849) Importer(2089858483,b0f066a214c2f5e87bad3c948f4d605d)
Start importing Packages/com.unity.render-pipelines.core/Editor/LookDev/Icons using Guid(9d38fc3327537ec418b043933457c849) Importer(2089858483,b0f066a214c2f5e87bad3c948f4d605d) (ScriptedImporter) -> (artifact id: 'b53467842b23b818901c4b3c29416f28') in 0.001787208 seconds
Number of updated asset objects reloaded before import = 0Number of asset objects unloaded after import = 1

========================================================================
Received Import Request.
  Time since last request: 0.000041 seconds.
  path: Packages/com.unity.visualscripting/Runtime/VisualScripting.Core/Unity
  artifactKey: Guid(c17487bc339af4d2ab146ee35981cfa8) Importer(2089858483,b0f066a214c2f5e87bad3c948f4d605d)
Start importing Packages/com.unity.visualscripting/Runtime/VisualScripting.Core/Unity using Guid(c17487bc339af4d2ab146ee35981cfa8) Importer(2089858483,b0f066a214c2f5e87bad3c948f4d605d) (ScriptedImporter) -> (artifact id: '8fd476820d6f26afccb2c1a114d0939f') in 0.0020215 seconds
Number of updated asset objects reloaded before import = 0Number of asset objects unloaded after import = 1

========================================================================
Received Import Request.
  Time since last request: 0.000047 seconds.
  path: Packages/com.unity.collab-proxy/Editor/Tool
  artifactKey: Guid(e8c918ed7b49ea54ca28f8c04b27140a) Importer(2089858483,b0f066a214c2f5e87bad3c948f4d605d)
Start importing Packages/com.unity.collab-proxy/Editor/Tool using Guid(e8c918ed7b49ea54ca28f8c04b27140a) Importer(2089858483,b0f066a214c2f5e87bad3c948f4d605d) (ScriptedImporter) -> (artifact id: '57fe07522907bb830582af9078a73d87') in 0.002033125 seconds
Number of updated asset objects reloaded before import = 0Number of asset objects unloaded after import = 1

========================================================================
Received Import Request.
  Time since last request: 0.000057 seconds.
  path: Packages/com.unity.2d.aseprite/Tests
  artifactKey: Guid(fe3bf5027738f44ff8d390a3c4532dc8) Importer(2089858483,b0f066a214c2f5e87bad3c948f4d605d)
Start importing Packages/com.unity.2d.aseprite/Tests using Guid(fe3bf5027738f44ff8d390a3c4532dc8) Importer(2089858483,b0f066a214c2f5e87bad3c948f4d605d) (ScriptedImporter) -> (artifact id: 'c7fa482d988bdc6e6023073657e9f9bb') in 0.002155083 seconds
Number of updated asset objects reloaded before import = 0Number of asset objects unloaded after import = 1

========================================================================
Received Import Request.
  Time since last request: 0.000047 seconds.
  path: Packages/com.unity.2d.sprite/Editor/Undo
  artifactKey: Guid(7a102b8a65a8437b961da9f48269e876) Importer(2089858483,b0f066a214c2f5e87bad3c948f4d605d)
Start importing Packages/com.unity.2d.sprite/Editor/Undo using Guid(7a102b8a65a8437b961da9f48269e876) Importer(2089858483,b0f066a214c2f5e87bad3c948f4d605d) (ScriptedImporter) -> (artifact id: '42f053cc4c30bf69071cfe76fb88b97a') in 0.002115875 seconds
Number of updated asset objects reloaded before import = 0Number of asset objects unloaded after import = 1

========================================================================
Received Import Request.
  Time since last request: 0.000058 seconds.
  path: Packages/com.unity.render-pipelines.universal/Editor/2D/Shadows/ShadowProvider
  artifactKey: Guid(6f2ac257a477638438d93937e28e4e34) Importer(2089858483,b0f066a214c2f5e87bad3c948f4d605d)
Start importing Packages/com.unity.render-pipelines.universal/Editor/2D/Shadows/ShadowProvider using Guid(6f2ac257a477638438d93937e28e4e34) Importer(2089858483,b0f066a214c2f5e87bad3c948f4d605d) (ScriptedImporter) -> (artifact id: 'a8c865009e0a77b683ad25f578ca7036') in 0.002031666 seconds
Number of updated asset objects reloaded before import = 0Number of asset objects unloaded after import = 1

========================================================================
Received Import Request.
  Time since last request: 0.000048 seconds.
  path: Packages/com.unity.collab-proxy/Editor/Views
  artifactKey: Guid(90e77543957de2e4dbe9d7d7c7653add) Importer(2089858483,b0f066a214c2f5e87bad3c948f4d605d)
Start importing Packages/com.unity.collab-proxy/Editor/Views using Guid(90e77543957de2e4dbe9d7d7c7653add) Importer(2089858483,b0f066a214c2f5e87bad3c948f4d605d) (ScriptedImporter) -> (artifact id: '6a4c29e1cd1c166b930d7d6b5cf30df4') in 0.001873667 seconds
Number of updated asset objects reloaded before import = 0Number of asset objects unloaded after import = 1

========================================================================
Received Import Request.
  Time since last request: 0.000048 seconds.
  path: Packages/com.unity.collab-proxy/Editor/Views/Changesets
  artifactKey: Guid(a83160f252281df4ebb018688dad5f08) Importer(2089858483,b0f066a214c2f5e87bad3c948f4d605d)
Start importing Packages/com.unity.collab-proxy/Editor/Views/Changesets using Guid(a83160f252281df4ebb018688dad5f08) Importer(2089858483,b0f066a214c2f5e87bad3c948f4d605d) (ScriptedImporter) -> (artifact id: 'd5b31b0873c0b44c751ee5e9093d4fbb') in 0.001934041 seconds
Number of updated asset objects reloaded before import = 0Number of asset objects unloaded after import = 1

========================================================================
Received Import Request.
  Time since last request: 0.000048 seconds.
  path: Packages/com.unity.visualscripting/Runtime
  artifactKey: Guid(f688f237b32410846a021b6e6edfefac) Importer(2089858483,b0f066a214c2f5e87bad3c948f4d605d)
Start importing Packages/com.unity.visualscripting/Runtime using Guid(f688f237b32410846a021b6e6edfefac) Importer(2089858483,b0f066a214c2f5e87bad3c948f4d605d) (ScriptedImporter) -> (artifact id: 'eba4cc697a2ca0c5294d763bc24c6085') in 0.001915583 seconds
Number of updated asset objects reloaded before import = 0Number of asset objects unloaded after import = 1

========================================================================
Received Import Request.
  Time since last request: 0.000062 seconds.
  path: Packages/com.unity.2d.animation/Editor/SkinningModule/SkinningCache
  artifactKey: Guid(181aae7e64f90f940a2588cc2b4cbaf7) Importer(2089858483,b0f066a214c2f5e87bad3c948f4d605d)
Start importing Packages/com.unity.2d.animation/Editor/SkinningModule/SkinningCache using Guid(181aae7e64f90f940a2588cc2b4cbaf7) Importer(2089858483,b0f066a214c2f5e87bad3c948f4d605d) (ScriptedImporter) -> (artifact id: '299c80ca0dcb526f47a5e688506f2428') in 0.001954875 seconds
Number of updated asset objects reloaded before import = 0Number of asset objects unloaded after import = 1

========================================================================
Received Import Request.
  Time since last request: 0.000051 seconds.
  path: Packages/com.unity.inputsystem/InputSystem/Editor/Debugger
  artifactKey: Guid(461c380dccba54a569c07d9810dd3b32) Importer(2089858483,b0f066a214c2f5e87bad3c948f4d605d)
Start importing Packages/com.unity.inputsystem/InputSystem/Editor/Debugger using Guid(461c380dccba54a569c07d9810dd3b32) Importer(2089858483,b0f066a214c2f5e87bad3c948f4d605d) (ScriptedImporter) -> (artifact id: '07d5552aa83d3a56c0c35c9dbe3ac431') in 0.001932125 seconds
Number of updated asset objects reloaded before import = 0Number of asset objects unloaded after import = 1

========================================================================
Received Import Request.
  Time since last request: 0.000056 seconds.
  path: Packages/com.unity.collab-proxy/Editor/Views/BranchExplorer/Options/ConditionalFormat
  artifactKey: Guid(3759a3b34c2714f738805af7001e839f) Importer(2089858483,b0f066a214c2f5e87bad3c948f4d605d)
Start importing Packages/com.unity.collab-proxy/Editor/Views/BranchExplorer/Options/ConditionalFormat using Guid(3759a3b34c2714f738805af7001e839f) Importer(2089858483,b0f066a214c2f5e87bad3c948f4d605d) (ScriptedImporter) -> (artifact id: '0c30c64a1d82d4253a117a24c4d2564a') in 0.002028459 seconds
Number of updated asset objects reloaded before import = 0Number of asset objects unloaded after import = 1

========================================================================
Received Import Request.
  Time since last request: 0.000070 seconds.
  path: Packages/com.unity.ugui/Runtime/UGUI/EventSystem
  artifactKey: Guid(7f27709c942d91541be1fd6aa5cb3d78) Importer(2089858483,b0f066a214c2f5e87bad3c948f4d605d)
Start importing Packages/com.unity.ugui/Runtime/UGUI/EventSystem using Guid(7f27709c942d91541be1fd6aa5cb3d78) Importer(2089858483,b0f066a214c2f5e87bad3c948f4d605d) (ScriptedImporter) -> (artifact id: 'd6dea1370aa6cee48d987590bf492cf3') in 0.002013167 seconds
Number of updated asset objects reloaded before import = 0Number of asset objects unloaded after import = 1

========================================================================
Received Import Request.
  Time since last request: 0.000049 seconds.
  path: Packages/com.unity.visualscripting/Runtime/VisualScripting.Core/Groups
  artifactKey: Guid(477c09d1809e944c8ba6693595829c07) Importer(2089858483,b0f066a214c2f5e87bad3c948f4d605d)
Start importing Packages/com.unity.visualscripting/Runtime/VisualScripting.Core/Groups using Guid(477c09d1809e944c8ba6693595829c07) Importer(2089858483,b0f066a214c2f5e87bad3c948f4d605d) (ScriptedImporter) -> (artifact id: '1f6bf7d03adc5c747631cff3226ebaf2') in 0.002021542 seconds
Number of updated asset objects reloaded before import = 0Number of asset objects unloaded after import = 1

========================================================================
Received Import Request.
  Time since last request: 0.000049 seconds.
  path: Packages/com.unity.test-framework/UnityEditor.TestRunner/NUnitExtension
  artifactKey: Guid(3f9202a39620f51418046c7754f215f0) Importer(2089858483,b0f066a214c2f5e87bad3c948f4d605d)
Start importing Packages/com.unity.test-framework/UnityEditor.TestRunner/NUnitExtension using Guid(3f9202a39620f51418046c7754f215f0) Importer(2089858483,b0f066a214c2f5e87bad3c948f4d605d) (ScriptedImporter) -> (artifact id: 'ee833ba1c85206cbd66a02a70ad53030') in 0.002347292 seconds
Number of updated asset objects reloaded before import = 0Number of asset objects unloaded after import = 1

========================================================================
Received Import Request.
  Time since last request: 0.000069 seconds.
  path: Packages/com.unity.test-framework.performance/Runtime/Data
  artifactKey: Guid(0369bc643b4a11246a869e582c0f275a) Importer(2089858483,b0f066a214c2f5e87bad3c948f4d605d)
Start importing Packages/com.unity.test-framework.performance/Runtime/Data using Guid(0369bc643b4a11246a869e582c0f275a) Importer(2089858483,b0f066a214c2f5e87bad3c948f4d605d) (ScriptedImporter) -> (artifact id: '7d365ddbf97590a1157c3514caacca53') in 0.002061917 seconds
Number of updated asset objects reloaded before import = 0Number of asset objects unloaded after import = 1

========================================================================
Received Import Request.
  Time since last request: 0.000059 seconds.
  path: Packages/com.unity.collab-proxy/Editor/StatusBar
  artifactKey: Guid(7ee3e4292258bf04fb2987ccf9ecf916) Importer(2089858483,b0f066a214c2f5e87bad3c948f4d605d)
Start importing Packages/com.unity.collab-proxy/Editor/StatusBar using Guid(7ee3e4292258bf04fb2987ccf9ecf916) Importer(2089858483,b0f066a214c2f5e87bad3c948f4d605d) (ScriptedImporter) -> (artifact id: '050ee618fdb3d0e6c3a319158602336c') in 0.005963041 seconds
Number of updated asset objects reloaded before import = 0Number of asset objects unloaded after import = 1

========================================================================
Received Import Request.
  Time since last request: 0.000049 seconds.
  path: Packages/com.unity.visualscripting/Runtime/VisualScripting.Core/Dependencies/FullSerializer/Converters
  artifactKey: Guid(d987e9d47d9a848d181e7806e6c9013f) Importer(2089858483,b0f066a214c2f5e87bad3c948f4d605d)
Start importing Packages/com.unity.visualscripting/Runtime/VisualScripting.Core/Dependencies/FullSerializer/Converters using Guid(d987e9d47d9a848d181e7806e6c9013f) Importer(2089858483,b0f066a214c2f5e87bad3c948f4d605d) (ScriptedImporter) -> (artifact id: 'b670e6ac556912159458192fe0885a88') in 0.002454792 seconds
Number of updated asset objects reloaded before import = 0Number of asset objects unloaded after import = 1

========================================================================
Received Import Request.
  Time since last request: 0.000045 seconds.
  path: Packages/com.unity.render-pipelines.core/Runtime/Lighting/ProbeVolume
  artifactKey: Guid(686bcd471035ed641a36aa69aacb76a9) Importer(2089858483,b0f066a214c2f5e87bad3c948f4d605d)
Start importing Packages/com.unity.render-pipelines.core/Runtime/Lighting/ProbeVolume using Guid(686bcd471035ed641a36aa69aacb76a9) Importer(2089858483,b0f066a214c2f5e87bad3c948f4d605d) (ScriptedImporter) -> (artifact id: '30be770490a0793cdda9bf013c65682e') in 0.002294209 seconds
Number of updated asset objects reloaded before import = 0Number of asset objects unloaded after import = 1

========================================================================
Received Import Request.
  Time since last request: 0.000044 seconds.
  path: Packages/com.unity.visualscripting/Runtime/VisualScripting.State/Properties
  artifactKey: Guid(a8356fd10cc2a4a52bb860a13dd47a52) Importer(2089858483,b0f066a214c2f5e87bad3c948f4d605d)
Start importing Packages/com.unity.visualscripting/Runtime/VisualScripting.State/Properties using Guid(a8356fd10cc2a4a52bb860a13dd47a52) Importer(2089858483,b0f066a214c2f5e87bad3c948f4d605d) (ScriptedImporter) -> (artifact id: '42dfe32c814d1234419ca214aef2a301') in 0.002609417 seconds
Number of updated asset objects reloaded before import = 0Number of asset objects unloaded after import = 1

========================================================================
Received Import Request.
  Time since last request: 0.000084 seconds.
  path: Packages/com.unity.render-pipelines.core/Runtime/Debugging/Prefabs/Fonts
  artifactKey: Guid(a11be56b627f5034bbca389c76bd3964) Importer(2089858483,b0f066a214c2f5e87bad3c948f4d605d)
Start importing Packages/com.unity.render-pipelines.core/Runtime/Debugging/Prefabs/Fonts using Guid(a11be56b627f5034bbca389c76bd3964) Importer(2089858483,b0f066a214c2f5e87bad3c948f4d605d) (ScriptedImporter) -> (artifact id: '7a00fc9955e30df63dbf21f38237b18f') in 0.002335625 seconds
Number of updated asset objects reloaded before import = 0Number of asset objects unloaded after import = 1

========================================================================
Received Import Request.
  Time since last request: 0.000039 seconds.
  path: Packages/com.unity.render-pipelines.core/Runtime/Utilities/GPUSort
  artifactKey: Guid(e5d689573b624639aac8d00ca42bd729) Importer(2089858483,b0f066a214c2f5e87bad3c948f4d605d)
Start importing Packages/com.unity.render-pipelines.core/Runtime/Utilities/GPUSort using Guid(e5d689573b624639aac8d00ca42bd729) Importer(2089858483,b0f066a214c2f5e87bad3c948f4d605d) (ScriptedImporter) -> (artifact id: '71735eb62a90d95063025db64e99b3c0') in 0.00207875 seconds
Number of updated asset objects reloaded before import = 0Number of asset objects unloaded after import = 1

========================================================================
Received Import Request.
  Time since last request: 0.000039 seconds.
  path: Packages/com.unity.searcher/Tests
  artifactKey: Guid(4b666628832cadb45b2a56d441fc8220) Importer(2089858483,b0f066a214c2f5e87bad3c948f4d605d)
Start importing Packages/com.unity.searcher/Tests using Guid(4b666628832cadb45b2a56d441fc8220) Importer(2089858483,b0f066a214c2f5e87bad3c948f4d605d) (ScriptedImporter) -> (artifact id: '360ce942c56cd24ead65c8db02489375') in 0.002135375 seconds
Number of updated asset objects reloaded before import = 0Number of asset objects unloaded after import = 1

========================================================================
Received Import Request.
  Time since last request: 0.000041 seconds.
  path: Packages/com.unity.ugui/Tests/Runtime/UGUI/ScrollRect
  artifactKey: Guid(9bedab6f9886aee42b33e424bffdb640) Importer(2089858483,b0f066a214c2f5e87bad3c948f4d605d)
Start importing Packages/com.unity.ugui/Tests/Runtime/UGUI/ScrollRect using Guid(9bedab6f9886aee42b33e424bffdb640) Importer(2089858483,b0f066a214c2f5e87bad3c948f4d605d) (ScriptedImporter) -> (artifact id: 'ef9902bc0e69d0c1f0031cd1abdd5463') in 0.002261917 seconds
Number of updated asset objects reloaded before import = 0Number of asset objects unloaded after import = 1

========================================================================
Received Import Request.
  Time since last request: 0.000065 seconds.
  path: Packages/com.unity.collab-proxy/Editor/Views/Merge
  artifactKey: Guid(0ecc4e2fc6e40a54fb97cab710a1dd41) Importer(2089858483,b0f066a214c2f5e87bad3c948f4d605d)
Start importing Packages/com.unity.collab-proxy/Editor/Views/Merge using Guid(0ecc4e2fc6e40a54fb97cab710a1dd41) Importer(2089858483,b0f066a214c2f5e87bad3c948f4d605d) (ScriptedImporter) -> (artifact id: 'ae3d5a70c72d09a8b033fa2c66f3c0e5') in 0.002140875 seconds
Number of updated asset objects reloaded before import = 0Number of asset objects unloaded after import = 1

========================================================================
Received Import Request.
  Time since last request: 0.000111 seconds.
  path: Packages/com.unity.render-pipelines.core/Editor-PrivateShared/AssetCallbacks
  artifactKey: Guid(d2b6d2a66db8e07418eae9d75a2ebb55) Importer(2089858483,b0f066a214c2f5e87bad3c948f4d605d)
Start importing Packages/com.unity.render-pipelines.core/Editor-PrivateShared/AssetCallbacks using Guid(d2b6d2a66db8e07418eae9d75a2ebb55) Importer(2089858483,b0f066a214c2f5e87bad3c948f4d605d) (ScriptedImporter) -> (artifact id: 'b2ef3133949d755d0fd7ba7ebc1f8621') in 0.002072375 seconds
Number of updated asset objects reloaded before import = 0Number of asset objects unloaded after import = 1

========================================================================
Received Import Request.
  Time since last request: 0.000057 seconds.
  path: Packages/com.unity.inputsystem/InputSystem/Runtime/State
  artifactKey: Guid(a6724a4cbf5d47a2b01ca5fe41036ddd) Importer(2089858483,b0f066a214c2f5e87bad3c948f4d605d)
Start importing Packages/com.unity.inputsystem/InputSystem/Runtime/State using Guid(a6724a4cbf5d47a2b01ca5fe41036ddd) Importer(2089858483,b0f066a214c2f5e87bad3c948f4d605d) (ScriptedImporter) -> (artifact id: '73819925a43fe76d3c1d56abb9b416f1') in 0.002162916 seconds
Number of updated asset objects reloaded before import = 0Number of asset objects unloaded after import = 1

========================================================================
Received Import Request.
  Time since last request: 0.000065 seconds.
  path: Packages/com.unity.visualscripting/Runtime/VisualScripting.Flow/Framework/Math/Generic
  artifactKey: Guid(9ea27efbe8c1b4ede9eda4df7f6c3898) Importer(2089858483,b0f066a214c2f5e87bad3c948f4d605d)
Start importing Packages/com.unity.visualscripting/Runtime/VisualScripting.Flow/Framework/Math/Generic using Guid(9ea27efbe8c1b4ede9eda4df7f6c3898) Importer(2089858483,b0f066a214c2f5e87bad3c948f4d605d) (ScriptedImporter) -> (artifact id: '1b090ba3e47dbad6de1de019396d6517') in 0.002142708 seconds
Number of updated asset objects reloaded before import = 0Number of asset objects unloaded after import = 1

========================================================================
Received Import Request.
  Time since last request: 0.000046 seconds.
  path: Packages/com.unity.inputsystem/InputSystem/Editor/UITKAssetEditor/PackageResources
  artifactKey: Guid(7894838fa258e3a4197077ddbda0eec5) Importer(2089858483,b0f066a214c2f5e87bad3c948f4d605d)
Start importing Packages/com.unity.inputsystem/InputSystem/Editor/UITKAssetEditor/PackageResources using Guid(7894838fa258e3a4197077ddbda0eec5) Importer(2089858483,b0f066a214c2f5e87bad3c948f4d605d) (ScriptedImporter) -> (artifact id: 'a546fffe09bad0447d2cfae49103dc31') in 0.002450917 seconds
Number of updated asset objects reloaded before import = 0Number of asset objects unloaded after import = 1

========================================================================
Received Import Request.
  Time since last request: 0.000109 seconds.
  path: Packages/com.unity.render-pipelines.core/Tests/Editor/Tools
  artifactKey: Guid(167414eb9b5aac148a050554ea60a5cc) Importer(2089858483,b0f066a214c2f5e87bad3c948f4d605d)
Start importing Packages/com.unity.render-pipelines.core/Tests/Editor/Tools using Guid(167414eb9b5aac148a050554ea60a5cc) Importer(2089858483,b0f066a214c2f5e87bad3c948f4d605d) (ScriptedImporter) -> (artifact id: 'bfc6abdbb68ef6f9678fed2154a4ecb4') in 0.002054917 seconds
Number of updated asset objects reloaded before import = 0Number of asset objects unloaded after import = 1

========================================================================
Received Import Request.
  Time since last request: 0.000062 seconds.
  path: Packages/com.unity.collab-proxy/Editor/Diff/Asset/Common/Meta
  artifactKey: Guid(54ada74a1e58348099b007e35677f3aa) Importer(2089858483,b0f066a214c2f5e87bad3c948f4d605d)
Start importing Packages/com.unity.collab-proxy/Editor/Diff/Asset/Common/Meta using Guid(54ada74a1e58348099b007e35677f3aa) Importer(2089858483,b0f066a214c2f5e87bad3c948f4d605d) (ScriptedImporter) -> (artifact id: 'c6ab66948249f7750187480cad482cb4') in 0.002738583 seconds
Number of updated asset objects reloaded before import = 0Number of asset objects unloaded after import = 1

========================================================================
Received Import Request.
  Time since last request: 0.000042 seconds.
  path: Packages/com.unity.render-pipelines.universal/Editor/2D/Resources/InspectorIcons
  artifactKey: Guid(02ab4512457271c48afa84879f6d3848) Importer(2089858483,b0f066a214c2f5e87bad3c948f4d605d)
Start importing Packages/com.unity.render-pipelines.universal/Editor/2D/Resources/InspectorIcons using Guid(02ab4512457271c48afa84879f6d3848) Importer(2089858483,b0f066a214c2f5e87bad3c948f4d605d) (ScriptedImporter) -> (artifact id: '395623eb844d27361f77d3ca01845b53') in 0.002411041 seconds
Number of updated asset objects reloaded before import = 0Number of asset objects unloaded after import = 1

========================================================================
Received Import Request.
  Time since last request: 0.000043 seconds.
  path: Packages/com.unity.visualscripting/Editor/VisualScripting.Core/Dependencies/ReorderableList
  artifactKey: Guid(56d8172dd737d486dbe7fd34ebb6af87) Importer(2089858483,b0f066a214c2f5e87bad3c948f4d605d)
Start importing Packages/com.unity.visualscripting/Editor/VisualScripting.Core/Dependencies/ReorderableList using Guid(56d8172dd737d486dbe7fd34ebb6af87) Importer(2089858483,b0f066a214c2f5e87bad3c948f4d605d) (ScriptedImporter) -> (artifact id: 'd3ec23e9ed46ef40314ac735674a8909') in 0.002496625 seconds
Number of updated asset objects reloaded before import = 0Number of asset objects unloaded after import = 1

========================================================================
Received Import Request.
  Time since last request: 0.000062 seconds.
  path: Packages/com.unity.test-framework/UnityEditor.TestRunner/TestRunner/Utils
  artifactKey: Guid(1f5bbb88ca730434483440cbc0278ef6) Importer(2089858483,b0f066a214c2f5e87bad3c948f4d605d)
Start importing Packages/com.unity.test-framework/UnityEditor.TestRunner/TestRunner/Utils using Guid(1f5bbb88ca730434483440cbc0278ef6) Importer(2089858483,b0f066a214c2f5e87bad3c948f4d605d) (ScriptedImporter) -> (artifact id: 'e5243d4a2dd7a21ee21414f0ac1548c1') in 0.002128416 seconds
Number of updated asset objects reloaded before import = 0Number of asset objects unloaded after import = 1

========================================================================
Received Import Request.
  Time since last request: 0.000047 seconds.
  path: Packages/com.unity.burst/Runtime
  artifactKey: Guid(e1700f0d2aa03c568eaedb3efe6720f0) Importer(2089858483,b0f066a214c2f5e87bad3c948f4d605d)
Start importing Packages/com.unity.burst/Runtime using Guid(e1700f0d2aa03c568eaedb3efe6720f0) Importer(2089858483,b0f066a214c2f5e87bad3c948f4d605d) (ScriptedImporter) -> (artifact id: '63ea031ba18f9cea3813ea944b609f4f') in 0.002204458 seconds
Number of updated asset objects reloaded before import = 0Number of asset objects unloaded after import = 1

========================================================================
Received Import Request.
  Time since last request: 0.000074 seconds.
  path: Packages/com.unity.collab-proxy/Editor/CodeEditor/Search
  artifactKey: Guid(93f1a63777a7b49e7a6bb3f2eb183b23) Importer(2089858483,b0f066a214c2f5e87bad3c948f4d605d)
Start importing Packages/com.unity.collab-proxy/Editor/CodeEditor/Search using Guid(93f1a63777a7b49e7a6bb3f2eb183b23) Importer(2089858483,b0f066a214c2f5e87bad3c948f4d605d) (ScriptedImporter) -> (artifact id: '93b26f94c94c21008bf41fa1b7b9b9e2') in 0.002795958 seconds
Number of updated asset objects reloaded before import = 0Number of asset objects unloaded after import = 1

========================================================================
Received Import Request.
  Time since last request: 0.000073 seconds.
  path: Packages/com.unity.render-pipelines.core/Runtime/Lighting
  artifactKey: Guid(c804d8f2c0c70d7409c1167fa78284f3) Importer(2089858483,b0f066a214c2f5e87bad3c948f4d605d)
Start importing Packages/com.unity.render-pipelines.core/Runtime/Lighting using Guid(c804d8f2c0c70d7409c1167fa78284f3) Importer(2089858483,b0f066a214c2f5e87bad3c948f4d605d) (ScriptedImporter) -> (artifact id: 'ec17b50f9e57976e93926287fae0f1bf') in 0.002065417 seconds
Number of updated asset objects reloaded before import = 0Number of asset objects unloaded after import = 1

========================================================================
Received Import Request.
  Time since last request: 0.000044 seconds.
  path: Packages/com.unity.render-pipelines.core/Tests/Editor/Volumes
  artifactKey: Guid(93ab3f290033d9a48b3cce3d26d93f89) Importer(2089858483,b0f066a214c2f5e87bad3c948f4d605d)
Start importing Packages/com.unity.render-pipelines.core/Tests/Editor/Volumes using Guid(93ab3f290033d9a48b3cce3d26d93f89) Importer(2089858483,b0f066a214c2f5e87bad3c948f4d605d) (ScriptedImporter) -> (artifact id: '3408dafbc56806fda5ecb73afb7f5338') in 0.00212225 seconds
Number of updated asset objects reloaded before import = 0Number of asset objects unloaded after import = 1

========================================================================
Received Import Request.
  Time since last request: 0.000061 seconds.
  path: Packages/com.unity.test-framework/UnityEditor.TestRunner/TestRun/Tasks/Platform
  artifactKey: Guid(d973b7805df545bdae3986ab72a6c2e8) Importer(2089858483,b0f066a214c2f5e87bad3c948f4d605d)
Start importing Packages/com.unity.test-framework/UnityEditor.TestRunner/TestRun/Tasks/Platform using Guid(d973b7805df545bdae3986ab72a6c2e8) Importer(2089858483,b0f066a214c2f5e87bad3c948f4d605d) (ScriptedImporter) -> (artifact id: '24889e4bf1b240176a42a02ff930688f') in 0.00224175 seconds
Number of updated asset objects reloaded before import = 0Number of asset objects unloaded after import = 1

========================================================================
Received Import Request.
  Time since last request: 0.000046 seconds.
  path: Packages/com.unity.render-pipelines.universal/Runtime/2D/Shadows/ShadowProvider/Providers
  artifactKey: Guid(b5fa04dc74317394bb31c148b76a585e) Importer(2089858483,b0f066a214c2f5e87bad3c948f4d605d)
Start importing Packages/com.unity.render-pipelines.universal/Runtime/2D/Shadows/ShadowProvider/Providers using Guid(b5fa04dc74317394bb31c148b76a585e) Importer(2089858483,b0f066a214c2f5e87bad3c948f4d605d) (ScriptedImporter) -> (artifact id: '465bdbbc10fe11db0bd5ee8f6900d28f') in 0.002182209 seconds
Number of updated asset objects reloaded before import = 0Number of asset objects unloaded after import = 1

========================================================================
Received Import Request.
  Time since last request: 0.000051 seconds.
  path: Packages/com.unity.2d.sprite/Editor/ObjectMenuCreation/DefaultAssets/Textures
  artifactKey: Guid(eb4d405ba54724ef89c2fce638946c5d) Importer(2089858483,b0f066a214c2f5e87bad3c948f4d605d)
Start importing Packages/com.unity.2d.sprite/Editor/ObjectMenuCreation/DefaultAssets/Textures using Guid(eb4d405ba54724ef89c2fce638946c5d) Importer(2089858483,b0f066a214c2f5e87bad3c948f4d605d) (ScriptedImporter) -> (artifact id: '86a8b2985fcb3f9b3fed409a01af6cf2') in 0.0018585 seconds
Number of updated asset objects reloaded before import = 0Number of asset objects unloaded after import = 1

========================================================================
Received Import Request.
  Time since last request: 0.000039 seconds.
  path: Packages/com.unity.collab-proxy/Editor/UnityInternals
  artifactKey: Guid(179c164d2bd086e478add6825f3b422d) Importer(2089858483,b0f066a214c2f5e87bad3c948f4d605d)
Start importing Packages/com.unity.collab-proxy/Editor/UnityInternals using Guid(179c164d2bd086e478add6825f3b422d) Importer(2089858483,b0f066a214c2f5e87bad3c948f4d605d) (ScriptedImporter) -> (artifact id: 'ac2a34200bee36e9b61b24cf08e00bae') in 0.002004917 seconds
Number of updated asset objects reloaded before import = 0Number of asset objects unloaded after import = 1

========================================================================
Received Import Request.
  Time since last request: 0.000039 seconds.
  path: Packages/com.unity.2d.animation/Editor/SkinningModule/Lib/x64
  artifactKey: Guid(3d7adf78a0bd60848be2470847fbf8ea) Importer(2089858483,b0f066a214c2f5e87bad3c948f4d605d)
Start importing Packages/com.unity.2d.animation/Editor/SkinningModule/Lib/x64 using Guid(3d7adf78a0bd60848be2470847fbf8ea) Importer(2089858483,b0f066a214c2f5e87bad3c948f4d605d) (ScriptedImporter) -> (artifact id: '5168ca2e3151e9f29b4c57e7f7f1b3fa') in 0.0038455 seconds
Number of updated asset objects reloaded before import = 0Number of asset objects unloaded after import = 1

========================================================================
Received Import Request.
  Time since last request: 0.000047 seconds.
  path: Packages/com.unity.inputsystem/InputSystem/Editor/Internal/AdvancedDropdown
  artifactKey: Guid(5cdea6ae28e4a4b6ca0bb7506f88764c) Importer(2089858483,b0f066a214c2f5e87bad3c948f4d605d)
Start importing Packages/com.unity.inputsystem/InputSystem/Editor/Internal/AdvancedDropdown using Guid(5cdea6ae28e4a4b6ca0bb7506f88764c) Importer(2089858483,b0f066a214c2f5e87bad3c948f4d605d) (ScriptedImporter) -> (artifact id: '38f276f6fc4d3512c7fabbfc20f5e9f9') in 0.001827667 seconds
Number of updated asset objects reloaded before import = 0Number of asset objects unloaded after import = 1

========================================================================
Received Import Request.
  Time since last request: 0.000050 seconds.
  path: Packages/com.unity.2d.tooling/Editor/Insider/SpriteAtlas/SpriteAtlasIssueReport/UIElement/OKCancel
  artifactKey: Guid(e94a342c322f34cf2ad9b943ec29af56) Importer(2089858483,b0f066a214c2f5e87bad3c948f4d605d)
Start importing Packages/com.unity.2d.tooling/Editor/Insider/SpriteAtlas/SpriteAtlasIssueReport/UIElement/OKCancel using Guid(e94a342c322f34cf2ad9b943ec29af56) Importer(2089858483,b0f066a214c2f5e87bad3c948f4d605d) (ScriptedImporter) -> (artifact id: 'ff81c599fb40658177b53efd10a845c0') in 0.00234 seconds
Number of updated asset objects reloaded before import = 0Number of asset objects unloaded after import = 1

========================================================================
Received Import Request.
  Time since last request: 0.000061 seconds.
  path: Packages/com.unity.2d.aseprite/Editor/Inspector
  artifactKey: Guid(b551fead29cf4e679da6d8068cc13d07) Importer(2089858483,b0f066a214c2f5e87bad3c948f4d605d)
Start importing Packages/com.unity.2d.aseprite/Editor/Inspector using Guid(b551fead29cf4e679da6d8068cc13d07) Importer(2089858483,b0f066a214c2f5e87bad3c948f4d605d) (ScriptedImporter) -> (artifact id: '60dbd5abbc39cb2023a94fd36fb321df') in 0.002303458 seconds
Number of updated asset objects reloaded before import = 0Number of asset objects unloaded after import = 1

========================================================================
Received Import Request.
  Time since last request: 0.000110 seconds.
  path: Packages/com.unity.render-pipelines.universal/Runtime/2D/Shadows
  artifactKey: Guid(5f7294749d1800e4daee980df3e624da) Importer(2089858483,b0f066a214c2f5e87bad3c948f4d605d)
Start importing Packages/com.unity.render-pipelines.universal/Runtime/2D/Shadows using Guid(5f7294749d1800e4daee980df3e624da) Importer(2089858483,b0f066a214c2f5e87bad3c948f4d605d) (ScriptedImporter) -> (artifact id: '00fbea89f52f8575d182e860cf2ee573') in 0.00610425 seconds
Number of updated asset objects reloaded before import = 0Number of asset objects unloaded after import = 1

========================================================================
Received Import Request.
  Time since last request: 0.000052 seconds.
  path: Packages/com.unity.collab-proxy/Lib/Editor/TextMateSharp/Onigwrap/libonigwrap/win-x64
  artifactKey: Guid(9315f038861f843d3894954f9be43296) Importer(2089858483,b0f066a214c2f5e87bad3c948f4d605d)
Start importing Packages/com.unity.collab-proxy/Lib/Editor/TextMateSharp/Onigwrap/libonigwrap/win-x64 using Guid(9315f038861f843d3894954f9be43296) Importer(2089858483,b0f066a214c2f5e87bad3c948f4d605d) (ScriptedImporter) -> (artifact id: 'c08cf2cf66d953bf460dd6528226b4e3') in 0.002505667 seconds
Number of updated asset objects reloaded before import = 0Number of asset objects unloaded after import = 1

========================================================================
Received Import Request.
  Time since last request: 0.000049 seconds.
  path: Packages/com.unity.test-framework/UnityEditor.TestRunner/TestLaunchers/PlatformSetup
  artifactKey: Guid(ebc4d20cc106cea49b1df1153f0b3b5e) Importer(2089858483,b0f066a214c2f5e87bad3c948f4d605d)
Start importing Packages/com.unity.test-framework/UnityEditor.TestRunner/TestLaunchers/PlatformSetup using Guid(ebc4d20cc106cea49b1df1153f0b3b5e) Importer(2089858483,b0f066a214c2f5e87bad3c948f4d605d) (ScriptedImporter) -> (artifact id: '56377526817e3385c337d8efb730bb9a') in 0.002917292 seconds
Number of updated asset objects reloaded before import = 0Number of asset objects unloaded after import = 1

========================================================================
Received Import Request.
  Time since last request: 0.000349 seconds.
  path: Packages/com.unity.render-pipelines.core/Editor/BuildProcessors
  artifactKey: Guid(d846ae44708583940a0e44aa66cff1c9) Importer(2089858483,b0f066a214c2f5e87bad3c948f4d605d)
Start importing Packages/com.unity.render-pipelines.core/Editor/BuildProcessors using Guid(d846ae44708583940a0e44aa66cff1c9) Importer(2089858483,b0f066a214c2f5e87bad3c948f4d605d) (ScriptedImporter) -> (artifact id: '6c94df7135eac3d0686989221f5954e6') in 0.003158417 seconds
Number of updated asset objects reloaded before import = 0Number of asset objects unloaded after import = 1

========================================================================
Received Import Request.
  Time since last request: 0.000043 seconds.
  path: Packages/com.unity.render-pipelines.universal/Editor/ShaderGraph/Includes/Terrain
  artifactKey: Guid(f4e1f16cd720fd149b53725287d528da) Importer(2089858483,b0f066a214c2f5e87bad3c948f4d605d)
Start importing Packages/com.unity.render-pipelines.universal/Editor/ShaderGraph/Includes/Terrain using Guid(f4e1f16cd720fd149b53725287d528da) Importer(2089858483,b0f066a214c2f5e87bad3c948f4d605d) (ScriptedImporter) -> (artifact id: '9307d32cb1872615520047442e591636') in 0.004034333 seconds
Number of updated asset objects reloaded before import = 0Number of asset objects unloaded after import = 1

========================================================================
Received Import Request.
  Time since last request: 0.000077 seconds.
  path: Packages/com.unity.visualscripting/Editor/VisualScripting.Flow/Options
  artifactKey: Guid(d8a0b4bfb0e5846738fef75f164079a6) Importer(2089858483,b0f066a214c2f5e87bad3c948f4d605d)
Start importing Packages/com.unity.visualscripting/Editor/VisualScripting.Flow/Options using Guid(d8a0b4bfb0e5846738fef75f164079a6) Importer(2089858483,b0f066a214c2f5e87bad3c948f4d605d) (ScriptedImporter) -> (artifact id: '0689f512be9cbd060366b8d0afb40005') in 0.001930709 seconds
Number of updated asset objects reloaded before import = 0Number of asset objects unloaded after import = 1

========================================================================
Received Import Request.
  Time since last request: 0.000059 seconds.
  path: Packages/com.unity.collab-proxy/Editor/Diff/Asset/Diff/Property
  artifactKey: Guid(c5fe7e62b877408882a2c7096800559b) Importer(2089858483,b0f066a214c2f5e87bad3c948f4d605d)
Start importing Packages/com.unity.collab-proxy/Editor/Diff/Asset/Diff/Property using Guid(c5fe7e62b877408882a2c7096800559b) Importer(2089858483,b0f066a214c2f5e87bad3c948f4d605d) (ScriptedImporter) -> (artifact id: '99f51cda949410f5c14016f90571ad2f') in 0.002386625 seconds
Number of updated asset objects reloaded before import = 0Number of asset objects unloaded after import = 1

========================================================================
Received Import Request.
  Time since last request: 0.000052 seconds.
  path: Packages/com.unity.2d.psdimporter/Editor/PSDPlugin/PsdFile
  artifactKey: Guid(e59e9fe7abf273d468dc9e55f8a8acaa) Importer(2089858483,b0f066a214c2f5e87bad3c948f4d605d)
Start importing Packages/com.unity.2d.psdimporter/Editor/PSDPlugin/PsdFile using Guid(e59e9fe7abf273d468dc9e55f8a8acaa) Importer(2089858483,b0f066a214c2f5e87bad3c948f4d605d) (ScriptedImporter) -> (artifact id: '819d2944ca2ef9f12f43433d5a73bfd9') in 0.002173417 seconds
Number of updated asset objects reloaded before import = 0Number of asset objects unloaded after import = 1

========================================================================
Received Import Request.
  Time since last request: 0.000071 seconds.
  path: Packages/com.unity.burst/Editor
  artifactKey: Guid(a6ca3ceb44ad3b13ad15d2de0caf14d0) Importer(2089858483,b0f066a214c2f5e87bad3c948f4d605d)
Start importing Packages/com.unity.burst/Editor using Guid(a6ca3ceb44ad3b13ad15d2de0caf14d0) Importer(2089858483,b0f066a214c2f5e87bad3c948f4d605d) (ScriptedImporter) -> (artifact id: 'c6935ea33f55813758b4f01d294d8907') in 0.003898125 seconds
Number of updated asset objects reloaded before import = 0Number of asset objects unloaded after import = 1

========================================================================
Received Import Request.
  Time since last request: 0.000051 seconds.
  path: Packages/com.unity.render-pipelines.core/Runtime/Upscaling
  artifactKey: Guid(eaa9f70ff0dbb864181af13946980fad) Importer(2089858483,b0f066a214c2f5e87bad3c948f4d605d)
Start importing Packages/com.unity.render-pipelines.core/Runtime/Upscaling using Guid(eaa9f70ff0dbb864181af13946980fad) Importer(2089858483,b0f066a214c2f5e87bad3c948f4d605d) (ScriptedImporter) -> (artifact id: 'f6062d7b15055d8d0a13b17bba70e82d') in 0.002507583 seconds
Number of updated asset objects reloaded before import = 0Number of asset objects unloaded after import = 1

========================================================================
Received Import Request.
  Time since last request: 0.000067 seconds.
  path: Packages/com.unity.test-framework/UnityEditor.TestRunner/GUI/TestListBuilder
  artifactKey: Guid(07ea0326ed848fb4489187cb58f96113) Importer(2089858483,b0f066a214c2f5e87bad3c948f4d605d)
Start importing Packages/com.unity.test-framework/UnityEditor.TestRunner/GUI/TestListBuilder using Guid(07ea0326ed848fb4489187cb58f96113) Importer(2089858483,b0f066a214c2f5e87bad3c948f4d605d) (ScriptedImporter) -> (artifact id: 'ad6e77c0b934da38765910e2b3e04f3d') in 0.002325958 seconds
Number of updated asset objects reloaded before import = 0Number of asset objects unloaded after import = 1

========================================================================
Received Import Request.
  Time since last request: 0.000055 seconds.
  path: Packages/com.unity.2d.spriteshape/Editor/Handles
  artifactKey: Guid(15cbf89e8ba92694cb870a55b60f1b81) Importer(2089858483,b0f066a214c2f5e87bad3c948f4d605d)
Start importing Packages/com.unity.2d.spriteshape/Editor/Handles using Guid(15cbf89e8ba92694cb870a55b60f1b81) Importer(2089858483,b0f066a214c2f5e87bad3c948f4d605d) (ScriptedImporter) -> (artifact id: 'f625e1cc5b3263a0f965f88aa689b889') in 0.002304875 seconds
Number of updated asset objects reloaded before import = 0Number of asset objects unloaded after import = 1

========================================================================
Received Import Request.
  Time since last request: 0.000059 seconds.
  path: Packages/com.unity.render-pipelines.universal/Editor/Volume
  artifactKey: Guid(a8fcc623db3029743a32fbab14c8dcbf) Importer(2089858483,b0f066a214c2f5e87bad3c948f4d605d)
Start importing Packages/com.unity.render-pipelines.universal/Editor/Volume using Guid(a8fcc623db3029743a32fbab14c8dcbf) Importer(2089858483,b0f066a214c2f5e87bad3c948f4d605d) (ScriptedImporter) -> (artifact id: 'f48eafb81c794deafe778c365358aa15') in 0.002380333 seconds
Number of updated asset objects reloaded before import = 0Number of asset objects unloaded after import = 1

========================================================================
Received Import Request.
  Time since last request: 0.000051 seconds.
  path: Packages/com.unity.2d.common/Editor/InternalBridge/Deprecated
  artifactKey: Guid(fefc1346845b43dea174260e066602f6) Importer(2089858483,b0f066a214c2f5e87bad3c948f4d605d)
Start importing Packages/com.unity.2d.common/Editor/InternalBridge/Deprecated using Guid(fefc1346845b43dea174260e066602f6) Importer(2089858483,b0f066a214c2f5e87bad3c948f4d605d) (ScriptedImporter) -> (artifact id: 'b7ae848145bfbe0fdd56b6093e11366a') in 0.002351541 seconds
Number of updated asset objects reloaded before import = 0Number of asset objects unloaded after import = 1

========================================================================
Received Import Request.
  Time since last request: 0.000098 seconds.
  path: Packages/com.unity.inputsystem/InputSystem/Runtime/Actions/Interactions
  artifactKey: Guid(b90e4423894dce34f83bb15a3ba411ba) Importer(2089858483,b0f066a214c2f5e87bad3c948f4d605d)
Start importing Packages/com.unity.inputsystem/InputSystem/Runtime/Actions/Interactions using Guid(b90e4423894dce34f83bb15a3ba411ba) Importer(2089858483,b0f066a214c2f5e87bad3c948f4d605d) (ScriptedImporter) -> (artifact id: 'c8cf584294833a3cd323483df4e941de') in 0.002257417 seconds
Number of updated asset objects reloaded before import = 0Number of asset objects unloaded after import = 1

========================================================================
Received Import Request.
  Time since last request: 0.000064 seconds.
  path: Packages/com.unity.visualscripting/Editor/VisualScripting.Core/Dependencies/Assemblies
  artifactKey: Guid(9c067f8a1273d414a81e4032509b0ae9) Importer(2089858483,b0f066a214c2f5e87bad3c948f4d605d)
Start importing Packages/com.unity.visualscripting/Editor/VisualScripting.Core/Dependencies/Assemblies using Guid(9c067f8a1273d414a81e4032509b0ae9) Importer(2089858483,b0f066a214c2f5e87bad3c948f4d605d) (ScriptedImporter) -> (artifact id: '239f757de3ece395ebd449fe98da6689') in 0.002387125 seconds
Number of updated asset objects reloaded before import = 0Number of asset objects unloaded after import = 1

========================================================================
Received Import Request.
  Time since last request: 0.000056 seconds.
  path: Packages/com.unity.2d.animation/Editor/SpriteLib/SpriteSwapOverlay
  artifactKey: Guid(260d767878e2440d8f0d1bcc48bfbf9e) Importer(2089858483,b0f066a214c2f5e87bad3c948f4d605d)
Start importing Packages/com.unity.2d.animation/Editor/SpriteLib/SpriteSwapOverlay using Guid(260d767878e2440d8f0d1bcc48bfbf9e) Importer(2089858483,b0f066a214c2f5e87bad3c948f4d605d) (ScriptedImporter) -> (artifact id: '42393bb6c6a8797b63d0703f020b8aa9') in 0.002239084 seconds
Number of updated asset objects reloaded before import = 0Number of asset objects unloaded after import = 1

========================================================================
Received Import Request.
  Time since last request: 0.000134 seconds.
  path: Packages/com.unity.render-pipelines.universal/Runtime/2D/Shadows/ShadowProvider
  artifactKey: Guid(ef3fc151f42f1ee4fba8b7729b3237c7) Importer(2089858483,b0f066a214c2f5e87bad3c948f4d605d)
Start importing Packages/com.unity.render-pipelines.universal/Runtime/2D/Shadows/ShadowProvider using Guid(ef3fc151f42f1ee4fba8b7729b3237c7) Importer(2089858483,b0f066a214c2f5e87bad3c948f4d605d) (ScriptedImporter) -> (artifact id: 'd9df7a1016fb2302281fb79be1f0f3b4') in 0.002244875 seconds
Number of updated asset objects reloaded before import = 0Number of asset objects unloaded after import = 1

========================================================================
Received Import Request.
  Time since last request: 0.000053 seconds.
  path: Packages/com.unity.collab-proxy/Editor/Diff/Image/Views/Swipe
  artifactKey: Guid(215b9f47294ba41a09021a89ed5f5dc1) Importer(2089858483,b0f066a214c2f5e87bad3c948f4d605d)
Start importing Packages/com.unity.collab-proxy/Editor/Diff/Image/Views/Swipe using Guid(215b9f47294ba41a09021a89ed5f5dc1) Importer(2089858483,b0f066a214c2f5e87bad3c948f4d605d) (ScriptedImporter) -> (artifact id: '56f05bb3ce6894150e50a2e03550ac43') in 0.002345834 seconds
Number of updated asset objects reloaded before import = 0Number of asset objects unloaded after import = 1

========================================================================
Received Import Request.
  Time since last request: 0.000048 seconds.
  path: Packages/com.unity.render-pipelines.core/ShaderLibrary/API
  artifactKey: Guid(6fa64bbd0ffaf8843b041c6e42bb5f82) Importer(2089858483,b0f066a214c2f5e87bad3c948f4d605d)
Start importing Packages/com.unity.render-pipelines.core/ShaderLibrary/API using Guid(6fa64bbd0ffaf8843b041c6e42bb5f82) Importer(2089858483,b0f066a214c2f5e87bad3c948f4d605d) (ScriptedImporter) -> (artifact id: '8a4c1185ed7c7738bdfc7e81881f048a') in 0.002266833 seconds
Number of updated asset objects reloaded before import = 0Number of asset objects unloaded after import = 1

========================================================================
Received Import Request.
  Time since last request: 0.000053 seconds.
  path: Packages/com.unity.2d.tooling/Editor/Insider/SpriteAtlas/SpriteAtlasIssueReport/UIElement/StyleSheet
  artifactKey: Guid(9aa2ec30f29a4d378d7124329768c22d) Importer(2089858483,b0f066a214c2f5e87bad3c948f4d605d)
Start importing Packages/com.unity.2d.tooling/Editor/Insider/SpriteAtlas/SpriteAtlasIssueReport/UIElement/StyleSheet using Guid(9aa2ec30f29a4d378d7124329768c22d) Importer(2089858483,b0f066a214c2f5e87bad3c948f4d605d) (ScriptedImporter) -> (artifact id: '29dbcd53e4a27571fdce9375f4321d51') in 0.002381375 seconds
Number of updated asset objects reloaded before import = 0Number of asset objects unloaded after import = 1

========================================================================
Received Import Request.
  Time since last request: 0.000053 seconds.
  path: Packages/com.unity.render-pipelines.core/Runtime/RenderPipeline
  artifactKey: Guid(18ccf971905222545a09cfda33385c7c) Importer(2089858483,b0f066a214c2f5e87bad3c948f4d605d)
Start importing Packages/com.unity.render-pipelines.core/Runtime/RenderPipeline using Guid(18ccf971905222545a09cfda33385c7c) Importer(2089858483,b0f066a214c2f5e87bad3c948f4d605d) (ScriptedImporter) -> (artifact id: '26421c6d97d0bb9ee515a69cb2813fcc') in 0.00235525 seconds
Number of updated asset objects reloaded before import = 0Number of asset objects unloaded after import = 1

========================================================================
Received Import Request.
  Time since last request: 0.000053 seconds.
  path: Packages/com.unity.visualscripting/Editor/VisualScripting.State/Analytics
  artifactKey: Guid(090e4bacbeacf4be78a0641c489864bf) Importer(2089858483,b0f066a214c2f5e87bad3c948f4d605d)
Start importing Packages/com.unity.visualscripting/Editor/VisualScripting.State/Analytics using Guid(090e4bacbeacf4be78a0641c489864bf) Importer(2089858483,b0f066a214c2f5e87bad3c948f4d605d) (ScriptedImporter) -> (artifact id: '6bf7dddb476e5f5612110c0e07ed44c6') in 0.002441333 seconds
Number of updated asset objects reloaded before import = 0Number of asset objects unloaded after import = 1

========================================================================
Received Import Request.
  Time since last request: 0.000059 seconds.
  path: Packages/com.unity.timeline/Editor/State
  artifactKey: Guid(5673d7b11cb9ad04eb2368068b720c17) Importer(2089858483,b0f066a214c2f5e87bad3c948f4d605d)
Start importing Packages/com.unity.timeline/Editor/State using Guid(5673d7b11cb9ad04eb2368068b720c17) Importer(2089858483,b0f066a214c2f5e87bad3c948f4d605d) (ScriptedImporter) -> (artifact id: '82f4153e2e1bfcf0b0e0e4ec5cd6f107') in 0.0024325 seconds
Number of updated asset objects reloaded before import = 0Number of asset objects unloaded after import = 1

========================================================================
Received Import Request.
  Time since last request: 0.000078 seconds.
  path: Packages/com.unity.timeline/Editor/Manipulators/Trim
  artifactKey: Guid(f6d64d8648793944dbadfd71f0f4b0a1) Importer(2089858483,b0f066a214c2f5e87bad3c948f4d605d)
Start importing Packages/com.unity.timeline/Editor/Manipulators/Trim using Guid(f6d64d8648793944dbadfd71f0f4b0a1) Importer(2089858483,b0f066a214c2f5e87bad3c948f4d605d) (ScriptedImporter) -> (artifact id: '5a68f9574e3597ff942d769eb27b882d') in 0.002330833 seconds
Number of updated asset objects reloaded before import = 0Number of asset objects unloaded after import = 1

========================================================================
Received Import Request.
  Time since last request: 0.000055 seconds.
  path: Packages/com.unity.shadergraph/Editor/Data/Nodes/Artistic
  artifactKey: Guid(8ee6f8ab31f6bf349a63fdd21fc88664) Importer(2089858483,b0f066a214c2f5e87bad3c948f4d605d)
Start importing Packages/com.unity.shadergraph/Editor/Data/Nodes/Artistic using Guid(8ee6f8ab31f6bf349a63fdd21fc88664) Importer(2089858483,b0f066a214c2f5e87bad3c948f4d605d) (ScriptedImporter) -> (artifact id: '78cdb9ffae1bd9188a40e74a2d6dbd16') in 0.00231425 seconds
Number of updated asset objects reloaded before import = 0Number of asset objects unloaded after import = 1

========================================================================
Received Import Request.
  Time since last request: 0.000063 seconds.
  path: Packages/com.unity.render-pipelines.core/Editor/Lighting
  artifactKey: Guid(a20277bec4b2cc14dbfbc6e401f1f8f1) Importer(2089858483,b0f066a214c2f5e87bad3c948f4d605d)
Start importing Packages/com.unity.render-pipelines.core/Editor/Lighting using Guid(a20277bec4b2cc14dbfbc6e401f1f8f1) Importer(2089858483,b0f066a214c2f5e87bad3c948f4d605d) (ScriptedImporter) -> (artifact id: '51233c670c17c57b6458aa7c156602fa') in 0.002416167 seconds
Number of updated asset objects reloaded before import = 0Number of asset objects unloaded after import = 1

========================================================================
Received Import Request.
  Time since last request: 0.001303 seconds.
  path: Packages/com.unity.render-pipelines.core/Runtime/UnifiedRayTracing/Compute
  artifactKey: Guid(4ecd3fe6796a2ca4aa0c3b180133d9d9) Importer(2089858483,b0f066a214c2f5e87bad3c948f4d605d)
Start importing Packages/com.unity.render-pipelines.core/Runtime/UnifiedRayTracing/Compute using Guid(4ecd3fe6796a2ca4aa0c3b180133d9d9) Importer(2089858483,b0f066a214c2f5e87bad3c948f4d605d) (ScriptedImporter) -> (artifact id: '13e135d8279dc5f7cf3ded6849140353') in 0.002525291 seconds
Number of updated asset objects reloaded before import = 0Number of asset objects unloaded after import = 1

========================================================================
Received Import Request.
  Time since last request: 0.000065 seconds.
  path: Packages/com.unity.timeline/Editor/StyleSheets
  artifactKey: Guid(ece36bb2bc4128d42911bbc757a56860) Importer(2089858483,b0f066a214c2f5e87bad3c948f4d605d)
Start importing Packages/com.unity.timeline/Editor/StyleSheets using Guid(ece36bb2bc4128d42911bbc757a56860) Importer(2089858483,b0f066a214c2f5e87bad3c948f4d605d) (ScriptedImporter) -> (artifact id: '1732619fa215bd8bf095e3210e720bf5') in 0.002485416 seconds
Number of updated asset objects reloaded before import = 0Number of asset objects unloaded after import = 1

========================================================================
Received Import Request.
  Time since last request: 0.000060 seconds.
  path: Packages/com.unity.visualscripting/Runtime/VisualScripting.Flow/Framework/Math/Vector3
  artifactKey: Guid(b8b94ff2cb93c4b64bd511710c7124a2) Importer(2089858483,b0f066a214c2f5e87bad3c948f4d605d)
Start importing Packages/com.unity.visualscripting/Runtime/VisualScripting.Flow/Framework/Math/Vector3 using Guid(b8b94ff2cb93c4b64bd511710c7124a2) Importer(2089858483,b0f066a214c2f5e87bad3c948f4d605d) (ScriptedImporter) -> (artifact id: '1a690d25a70a94be0e34b2e1e185870f') in 0.002287583 seconds
Number of updated asset objects reloaded before import = 0Number of asset objects unloaded after import = 1

========================================================================
Received Import Request.
  Time since last request: 0.000073 seconds.
  path: Packages/com.unity.visualscripting/Editor/VisualScripting.Flow/Properties
  artifactKey: Guid(b3e374229d49b431aadc90af8b9a6172) Importer(2089858483,b0f066a214c2f5e87bad3c948f4d605d)
Start importing Packages/com.unity.visualscripting/Editor/VisualScripting.Flow/Properties using Guid(b3e374229d49b431aadc90af8b9a6172) Importer(2089858483,b0f066a214c2f5e87bad3c948f4d605d) (ScriptedImporter) -> (artifact id: 'b39b9fc2920b42f703b41652bdff2643') in 0.002375458 seconds
Number of updated asset objects reloaded before import = 0Number of asset objects unloaded after import = 1

========================================================================
Received Import Request.
  Time since last request: 0.000089 seconds.
  path: Packages/com.unity.collab-proxy/Editor/UVCSToolbar/PopupWindow/BranchesList
  artifactKey: Guid(132f4852ac624340a1662611b86b2bf7) Importer(2089858483,b0f066a214c2f5e87bad3c948f4d605d)
Start importing Packages/com.unity.collab-proxy/Editor/UVCSToolbar/PopupWindow/BranchesList using Guid(132f4852ac624340a1662611b86b2bf7) Importer(2089858483,b0f066a214c2f5e87bad3c948f4d605d) (ScriptedImporter) -> (artifact id: 'f07a87e66f6095843ce6f9c3a4e8f445') in 0.002379917 seconds
Number of updated asset objects reloaded before import = 0Number of asset objects unloaded after import = 1

========================================================================
Received Import Request.
  Time since last request: 0.000132 seconds.
  path: Packages/com.unity.collab-proxy/Editor/Views/BranchExplorer/Options
  artifactKey: Guid(2776f6f742dcf4152961582e21e6dd88) Importer(2089858483,b0f066a214c2f5e87bad3c948f4d605d)
Start importing Packages/com.unity.collab-proxy/Editor/Views/BranchExplorer/Options using Guid(2776f6f742dcf4152961582e21e6dd88) Importer(2089858483,b0f066a214c2f5e87bad3c948f4d605d) (ScriptedImporter) -> (artifact id: 'd4ef7602c08259b67a6aa88944101af6') in 0.00240575 seconds
Number of updated asset objects reloaded before import = 0Number of asset objects unloaded after import = 1

========================================================================
Received Import Request.
  Time since last request: 0.000055 seconds.
  path: Packages/com.unity.collab-proxy/Editor/Inspector/Properties/Changeset
  artifactKey: Guid(95584824e8c94fafab24cbd922124aff) Importer(2089858483,b0f066a214c2f5e87bad3c948f4d605d)
Start importing Packages/com.unity.collab-proxy/Editor/Inspector/Properties/Changeset using Guid(95584824e8c94fafab24cbd922124aff) Importer(2089858483,b0f066a214c2f5e87bad3c948f4d605d) (ScriptedImporter) -> (artifact id: 'c64eb51f8d0728e58137ae9e343af609') in 0.00234325 seconds
Number of updated asset objects reloaded before import = 0Number of asset objects unloaded after import = 1

========================================================================
Received Import Request.
  Time since last request: 0.000050 seconds.
  path: Packages/com.unity.shadergraph/Tests/Editor/UnitTests
  artifactKey: Guid(7f85ac5340a5dff468e347347435cf68) Importer(2089858483,b0f066a214c2f5e87bad3c948f4d605d)
Start importing Packages/com.unity.shadergraph/Tests/Editor/UnitTests using Guid(7f85ac5340a5dff468e347347435cf68) Importer(2089858483,b0f066a214c2f5e87bad3c948f4d605d) (ScriptedImporter) -> (artifact id: 'd7d5be39cbb7805a8f6be4b2934762ee') in 0.002418292 seconds
Number of updated asset objects reloaded before import = 0Number of asset objects unloaded after import = 1

========================================================================
Received Import Request.
  Time since last request: 0.000074 seconds.
  path: Packages/com.unity.visualscripting/Editor/VisualScripting.Core/Canvases
  artifactKey: Guid(31d3bc055420f4ee59008eb8996d7df2) Importer(2089858483,b0f066a214c2f5e87bad3c948f4d605d)
Start importing Packages/com.unity.visualscripting/Editor/VisualScripting.Core/Canvases using Guid(31d3bc055420f4ee59008eb8996d7df2) Importer(2089858483,b0f066a214c2f5e87bad3c948f4d605d) (ScriptedImporter) -> (artifact id: '7dded96300ed51e1e1ac76d7d4ea12ed') in 0.002320667 seconds
Number of updated asset objects reloaded before import = 0Number of asset objects unloaded after import = 1

========================================================================
Received Import Request.
  Time since last request: 0.000058 seconds.
  path: Packages/com.unity.burst/Unity.Burst.CodeGen
  artifactKey: Guid(0025085fa936303aa05b328e44651f9c) Importer(2089858483,b0f066a214c2f5e87bad3c948f4d605d)
Start importing Packages/com.unity.burst/Unity.Burst.CodeGen using Guid(0025085fa936303aa05b328e44651f9c) Importer(2089858483,b0f066a214c2f5e87bad3c948f4d605d) (ScriptedImporter) -> (artifact id: '74e3320aa420f7fb5fc55423ebbee614') in 0.002281125 seconds
Number of updated asset objects reloaded before import = 0Number of asset objects unloaded after import = 1

========================================================================
Received Import Request.
  Time since last request: 0.000058 seconds.
  path: Packages/com.unity.visualscripting/Runtime/VisualScripting.Core
  artifactKey: Guid(260e630c5c1b1af42991291f6de23ede) Importer(2089858483,b0f066a214c2f5e87bad3c948f4d605d)
Start importing Packages/com.unity.visualscripting/Runtime/VisualScripting.Core using Guid(260e630c5c1b1af42991291f6de23ede) Importer(2089858483,b0f066a214c2f5e87bad3c948f4d605d) (ScriptedImporter) -> (artifact id: 'b8ac6476af309591c340b9bf09a8e82b') in 0.002271125 seconds
Number of updated asset objects reloaded before import = 0Number of asset objects unloaded after import = 1

========================================================================
Received Import Request.
  Time since last request: 0.000056 seconds.
  path: Packages/com.unity.ugui/Editor
  artifactKey: Guid(bee384ad5b4d1a843a018082e7db53cd) Importer(2089858483,b0f066a214c2f5e87bad3c948f4d605d)
Start importing Packages/com.unity.ugui/Editor using Guid(bee384ad5b4d1a843a018082e7db53cd) Importer(2089858483,b0f066a214c2f5e87bad3c948f4d605d) (ScriptedImporter) -> (artifact id: '5200fe81e0b947cbbca857e11d42b0c3') in 0.002429291 seconds
Number of updated asset objects reloaded before import = 0Number of asset objects unloaded after import = 1

========================================================================
Received Import Request.
  Time since last request: 0.000107 seconds.
  path: Packages/com.unity.render-pipelines.universal/Shaders/Debug
  artifactKey: Guid(83e12e3399064822abd3e69798ce3053) Importer(2089858483,b0f066a214c2f5e87bad3c948f4d605d)
Start importing Packages/com.unity.render-pipelines.universal/Shaders/Debug using Guid(83e12e3399064822abd3e69798ce3053) Importer(2089858483,b0f066a214c2f5e87bad3c948f4d605d) (ScriptedImporter) -> (artifact id: 'ef35ef012ede223f8590ba11214b0a87') in 0.002349459 seconds
Number of updated asset objects reloaded before import = 0Number of asset objects unloaded after import = 1

========================================================================
Received Import Request.
  Time since last request: 0.000059 seconds.
  path: Packages/com.unity.2d.animation/Editor/SpriteLib/SpriteLibraryEditor/UI
  artifactKey: Guid(202df544ad1a74ecaa0968d42c391430) Importer(2089858483,b0f066a214c2f5e87bad3c948f4d605d)
Start importing Packages/com.unity.2d.animation/Editor/SpriteLib/SpriteLibraryEditor/UI using Guid(202df544ad1a74ecaa0968d42c391430) Importer(2089858483,b0f066a214c2f5e87bad3c948f4d605d) (ScriptedImporter) -> (artifact id: '3889367d1696087f27bad3ad18ebe3eb') in 0.002411625 seconds
Number of updated asset objects reloaded before import = 0Number of asset objects unloaded after import = 1

========================================================================
Received Import Request.
  Time since last request: 0.000068 seconds.
  path: Packages/com.unity.collab-proxy/Editor/Views/BranchExplorer/Drawing/Shapes
  artifactKey: Guid(9a92ce7bfd964dae89e964f40874a3c2) Importer(2089858483,b0f066a214c2f5e87bad3c948f4d605d)
Start importing Packages/com.unity.collab-proxy/Editor/Views/BranchExplorer/Drawing/Shapes using Guid(9a92ce7bfd964dae89e964f40874a3c2) Importer(2089858483,b0f066a214c2f5e87bad3c948f4d605d) (ScriptedImporter) -> (artifact id: '6737beecce5fc4442451556b0f7102a8') in 0.002375375 seconds
Number of updated asset objects reloaded before import = 0Number of asset objects unloaded after import = 1

========================================================================
Received Import Request.
  Time since last request: 0.000076 seconds.
  path: Packages/com.unity.test-framework
  artifactKey: Guid(33265d99cc03f644590814fd7c9d9012) Importer(2089858483,b0f066a214c2f5e87bad3c948f4d605d)
Start importing Packages/com.unity.test-framework using Guid(33265d99cc03f644590814fd7c9d9012) Importer(2089858483,b0f066a214c2f5e87bad3c948f4d605d) (ScriptedImporter) -> (artifact id: '2f9b060eb0ee212f69c2125fc33b8d64') in 0.003731334 seconds
Number of updated asset objects reloaded before import = 0Number of asset objects unloaded after import = 1

========================================================================
Received Import Request.
  Time since last request: 0.000049 seconds.
  path: Packages/com.unity.visualscripting/Editor/VisualScripting.Flow/Connections
  artifactKey: Guid(84fc151c3c97446ff9c9993706319db4) Importer(2089858483,b0f066a214c2f5e87bad3c948f4d605d)
Start importing Packages/com.unity.visualscripting/Editor/VisualScripting.Flow/Connections using Guid(84fc151c3c97446ff9c9993706319db4) Importer(2089858483,b0f066a214c2f5e87bad3c948f4d605d) (ScriptedImporter) -> (artifact id: 'aa69768b8f84592f7d1d9b9763da52bc') in 0.002290083 seconds
Number of updated asset objects reloaded before import = 0Number of asset objects unloaded after import = 1

========================================================================
Received Import Request.
  Time since last request: 0.000065 seconds.
  path: Packages/com.unity.render-pipelines.core/Editor/SampleDependencyImportSystem
  artifactKey: Guid(6bdd8b5283cb4f24fbd34738bc35e74c) Importer(2089858483,b0f066a214c2f5e87bad3c948f4d605d)
Start importing Packages/com.unity.render-pipelines.core/Editor/SampleDependencyImportSystem using Guid(6bdd8b5283cb4f24fbd34738bc35e74c) Importer(2089858483,b0f066a214c2f5e87bad3c948f4d605d) (ScriptedImporter) -> (artifact id: 'dc901d0d55c12cb597af0724262dc3a6') in 0.002531292 seconds
Number of updated asset objects reloaded before import = 0Number of asset objects unloaded after import = 1

========================================================================
Received Import Request.
  Time since last request: 0.000059 seconds.
  path: Packages/com.unity.2d.tilemap.extras/Editor/Brushes/GroupBrush
  artifactKey: Guid(7780fefa5c524be4d9f1151a0cd89ae1) Importer(2089858483,b0f066a214c2f5e87bad3c948f4d605d)
Start importing Packages/com.unity.2d.tilemap.extras/Editor/Brushes/GroupBrush using Guid(7780fefa5c524be4d9f1151a0cd89ae1) Importer(2089858483,b0f066a214c2f5e87bad3c948f4d605d) (ScriptedImporter) -> (artifact id: 'b402d160334e203f4a24788aedb2ab8d') in 0.002301958 seconds
Number of updated asset objects reloaded before import = 0Number of asset objects unloaded after import = 1

========================================================================
Received Import Request.
  Time since last request: 0.000044 seconds.
  path: Packages/com.unity.collab-proxy/Editor/Diff/Image/Views/ImageViewer
  artifactKey: Guid(232fff0341b3476d9eae6e83059c7aa0) Importer(2089858483,b0f066a214c2f5e87bad3c948f4d605d)
Start importing Packages/com.unity.collab-proxy/Editor/Diff/Image/Views/ImageViewer using Guid(232fff0341b3476d9eae6e83059c7aa0) Importer(2089858483,b0f066a214c2f5e87bad3c948f4d605d) (ScriptedImporter) -> (artifact id: '274b0f1bc00216b400ada953bc03c5d8') in 0.002308959 seconds
Number of updated asset objects reloaded before import = 0Number of asset objects unloaded after import = 1

========================================================================
Received Import Request.
  Time since last request: 0.000060 seconds.
  path: Packages/com.unity.ugui
  artifactKey: Guid(ba45605b4ba0a2d742430311e4b195c0) Importer(2089858483,b0f066a214c2f5e87bad3c948f4d605d)
Start importing Packages/com.unity.ugui using Guid(ba45605b4ba0a2d742430311e4b195c0) Importer(2089858483,b0f066a214c2f5e87bad3c948f4d605d) (ScriptedImporter) -> (artifact id: 'eabcb5c0d18b55167e8723e0436cac7d') in 0.002220584 seconds
Number of updated asset objects reloaded before import = 0Number of asset objects unloaded after import = 1

========================================================================
Received Import Request.
  Time since last request: 0.000071 seconds.
  path: Packages/com.unity.render-pipelines.universal/Editor/2D/Resources/SceneViewIcons
  artifactKey: Guid(e5f7648dfb00c83428a633efe7759b19) Importer(2089858483,b0f066a214c2f5e87bad3c948f4d605d)
Start importing Packages/com.unity.render-pipelines.universal/Editor/2D/Resources/SceneViewIcons using Guid(e5f7648dfb00c83428a633efe7759b19) Importer(2089858483,b0f066a214c2f5e87bad3c948f4d605d) (ScriptedImporter) -> (artifact id: 'a086cab5363e81bbda7e67865220c0a5') in 0.002238042 seconds
Number of updated asset objects reloaded before import = 0Number of asset objects unloaded after import = 1

========================================================================
Received Import Request.
  Time since last request: 0.000058 seconds.
  path: Packages/com.unity.shadergraph/Editor/Data/Nodes
  artifactKey: Guid(0082d52fe349b94449238a3d0db01df0) Importer(2089858483,b0f066a214c2f5e87bad3c948f4d605d)
Start importing Packages/com.unity.shadergraph/Editor/Data/Nodes using Guid(0082d52fe349b94449238a3d0db01df0) Importer(2089858483,b0f066a214c2f5e87bad3c948f4d605d) (ScriptedImporter) -> (artifact id: '8d8a54b0fe2e0e1bbac7270f0cb6e68c') in 0.001990917 seconds
Number of updated asset objects reloaded before import = 0Number of asset objects unloaded after import = 1

========================================================================
Received Import Request.
  Time since last request: 0.000057 seconds.
  path: Packages/com.unity.visualscripting/Editor/VisualScripting.Core/Graph
  artifactKey: Guid(de04fa7f62af40742be666b67697746f) Importer(2089858483,b0f066a214c2f5e87bad3c948f4d605d)
Start importing Packages/com.unity.visualscripting/Editor/VisualScripting.Core/Graph using Guid(de04fa7f62af40742be666b67697746f) Importer(2089858483,b0f066a214c2f5e87bad3c948f4d605d) (ScriptedImporter) -> (artifact id: '554d61b3c100d18758f9495cdc37b262') in 0.011233666 seconds
Number of updated asset objects reloaded before import = 0Number of asset objects unloaded after import = 1

========================================================================
Received Import Request.
  Time since last request: 0.000046 seconds.
  path: Packages/com.unity.shadergraph/Tests
  artifactKey: Guid(b67edcfd84add6e4a97f27f155b61a7b) Importer(2089858483,b0f066a214c2f5e87bad3c948f4d605d)
Start importing Packages/com.unity.shadergraph/Tests using Guid(b67edcfd84add6e4a97f27f155b61a7b) Importer(2089858483,b0f066a214c2f5e87bad3c948f4d605d) (ScriptedImporter) -> (artifact id: '386245fe0960ae539b87ca108304e67b') in 0.002252666 seconds
Number of updated asset objects reloaded before import = 0Number of asset objects unloaded after import = 1

========================================================================
Received Import Request.
  Time since last request: 0.000049 seconds.
  path: Packages/com.unity.collab-proxy/Editor/Views/Merge/Developer
  artifactKey: Guid(97b1b110b0cf5ec428f9553e02bb7c03) Importer(2089858483,b0f066a214c2f5e87bad3c948f4d605d)
Start importing Packages/com.unity.collab-proxy/Editor/Views/Merge/Developer using Guid(97b1b110b0cf5ec428f9553e02bb7c03) Importer(2089858483,b0f066a214c2f5e87bad3c948f4d605d) (ScriptedImporter) -> (artifact id: '3a8c1d60ae0d1c66df6879d3d0374c72') in 0.002173541 seconds
Number of updated asset objects reloaded before import = 0Number of asset objects unloaded after import = 1

========================================================================
Received Import Request.
  Time since last request: 0.000051 seconds.
  path: Packages/com.unity.collab-proxy/Editor/Views/Merge/Gluon
  artifactKey: Guid(184012b39edc5c7468c23f916818433e) Importer(2089858483,b0f066a214c2f5e87bad3c948f4d605d)
Start importing Packages/com.unity.collab-proxy/Editor/Views/Merge/Gluon using Guid(184012b39edc5c7468c23f916818433e) Importer(2089858483,b0f066a214c2f5e87bad3c948f4d605d) (ScriptedImporter) -> (artifact id: '51fa74b6d5055bc9ebc166f58cdeb33c') in 0.002261625 seconds
Number of updated asset objects reloaded before import = 0Number of asset objects unloaded after import = 1

========================================================================
Received Import Request.
  Time since last request: 0.000055 seconds.
  path: Packages/com.unity.shadergraph/Editor/Data/Nodes/Utility
  artifactKey: Guid(f3d12703f494d7147b7874aabe94ab18) Importer(2089858483,b0f066a214c2f5e87bad3c948f4d605d)
Start importing Packages/com.unity.shadergraph/Editor/Data/Nodes/Utility using Guid(f3d12703f494d7147b7874aabe94ab18) Importer(2089858483,b0f066a214c2f5e87bad3c948f4d605d) (ScriptedImporter) -> (artifact id: '67f1e031eab34a2eb4f92bad503dd4b8') in 0.0021775 seconds
Number of updated asset objects reloaded before import = 0Number of asset objects unloaded after import = 1

========================================================================
Received Import Request.
  Time since last request: 0.000052 seconds.
  path: Packages/com.unity.collab-proxy/Editor/Views/PendingChanges/PendingMergeLinks
  artifactKey: Guid(e91cd01ab44d05b4fabcebe1e4ce2ebe) Importer(2089858483,b0f066a214c2f5e87bad3c948f4d605d)
Start importing Packages/com.unity.collab-proxy/Editor/Views/PendingChanges/PendingMergeLinks using Guid(e91cd01ab44d05b4fabcebe1e4ce2ebe) Importer(2089858483,b0f066a214c2f5e87bad3c948f4d605d) (ScriptedImporter) -> (artifact id: 'ae854b54b383f5725440ab330cd850b4') in 0.002457875 seconds
Number of updated asset objects reloaded before import = 0Number of asset objects unloaded after import = 1

========================================================================
Received Import Request.
  Time since last request: 0.000053 seconds.
  path: Packages/com.unity.render-pipelines.core/Runtime/PostProcessing/Shaders/ffx
  artifactKey: Guid(badda61a05436ff46bc63d5e3182a197) Importer(2089858483,b0f066a214c2f5e87bad3c948f4d605d)
Start importing Packages/com.unity.render-pipelines.core/Runtime/PostProcessing/Shaders/ffx using Guid(badda61a05436ff46bc63d5e3182a197) Importer(2089858483,b0f066a214c2f5e87bad3c948f4d605d) (ScriptedImporter) -> (artifact id: 'ba2f67a2180cf08ab9b42a9d4878451d') in 0.002283417 seconds
Number of updated asset objects reloaded before import = 0Number of asset objects unloaded after import = 1

========================================================================
Received Import Request.
  Time since last request: 0.000089 seconds.
  path: Packages/com.unity.2d.tooling/Editor/Insider/AnalyzerWindow/ReportListItem
  artifactKey: Guid(981b279d90564df0ab84fcdadaf0d3f4) Importer(2089858483,b0f066a214c2f5e87bad3c948f4d605d)
Start importing Packages/com.unity.2d.tooling/Editor/Insider/AnalyzerWindow/ReportListItem using Guid(981b279d90564df0ab84fcdadaf0d3f4) Importer(2089858483,b0f066a214c2f5e87bad3c948f4d605d) (ScriptedImporter) -> (artifact id: 'ea1f2e64d18319e2c4509b9dcf46818f') in 0.002290834 seconds
Number of updated asset objects reloaded before import = 0Number of asset objects unloaded after import = 1

========================================================================
Received Import Request.
  Time since last request: 0.000056 seconds.
  path: Packages/com.unity.render-pipelines.universal/Textures
  artifactKey: Guid(6970e3730c799f44ab472c8aa6c4b431) Importer(2089858483,b0f066a214c2f5e87bad3c948f4d605d)
Start importing Packages/com.unity.render-pipelines.universal/Textures using Guid(6970e3730c799f44ab472c8aa6c4b431) Importer(2089858483,b0f066a214c2f5e87bad3c948f4d605d) (ScriptedImporter) -> (artifact id: '7a846f40aa963821e167b307e46bbddc') in 0.002087291 seconds
Number of updated asset objects reloaded before import = 0Number of asset objects unloaded after import = 1

========================================================================
Received Import Request.
  Time since last request: 0.000059 seconds.
  path: Packages/com.unity.render-pipelines.universal/ShaderLibrary/LightCookie
  artifactKey: Guid(a648b46fb6b4749f589f22d9ef6e441a) Importer(2089858483,b0f066a214c2f5e87bad3c948f4d605d)
Start importing Packages/com.unity.render-pipelines.universal/ShaderLibrary/LightCookie using Guid(a648b46fb6b4749f589f22d9ef6e441a) Importer(2089858483,b0f066a214c2f5e87bad3c948f4d605d) (ScriptedImporter) -> (artifact id: '1ebdf3864d97237d343f7d2e609443f3') in 0.001965042 seconds
Number of updated asset objects reloaded before import = 0Number of asset objects unloaded after import = 1

========================================================================
Received Import Request.
  Time since last request: 0.000052 seconds.
  path: Packages/com.unity.shadergraph/Editor/Generation/Targets/BuiltIn/Editor/ShaderGraph/Templates
  artifactKey: Guid(e9e01eb1ed43ca346a8389fc15adb62d) Importer(2089858483,b0f066a214c2f5e87bad3c948f4d605d)
Start importing Packages/com.unity.shadergraph/Editor/Generation/Targets/BuiltIn/Editor/ShaderGraph/Templates using Guid(e9e01eb1ed43ca346a8389fc15adb62d) Importer(2089858483,b0f066a214c2f5e87bad3c948f4d605d) (ScriptedImporter) -> (artifact id: '256cc2f6d370dbcadcf808198e3c341f') in 0.003981667 seconds
Number of updated asset objects reloaded before import = 0Number of asset objects unloaded after import = 1

========================================================================
Received Import Request.
  Time since last request: 0.000046 seconds.
  path: Packages/com.unity.render-pipelines.core/Editor/Lighting/ProbeVolume/RenderingLayerMask
  artifactKey: Guid(6043c984fc486f646b6686af5208025b) Importer(2089858483,b0f066a214c2f5e87bad3c948f4d605d)
Start importing Packages/com.unity.render-pipelines.core/Editor/Lighting/ProbeVolume/RenderingLayerMask using Guid(6043c984fc486f646b6686af5208025b) Importer(2089858483,b0f066a214c2f5e87bad3c948f4d605d) (ScriptedImporter) -> (artifact id: 'fe08f47b2f8a63585fdad05fd64fa65c') in 0.002071084 seconds
Number of updated asset objects reloaded before import = 0Number of asset objects unloaded after import = 1

========================================================================
Received Import Request.
  Time since last request: 0.000054 seconds.
  path: Packages/com.unity.ugui/Tests/Runtime/UGUI/Slider
  artifactKey: Guid(850af9f3bf6d14143baf2ecfbf25db52) Importer(2089858483,b0f066a214c2f5e87bad3c948f4d605d)
Start importing Packages/com.unity.ugui/Tests/Runtime/UGUI/Slider using Guid(850af9f3bf6d14143baf2ecfbf25db52) Importer(2089858483,b0f066a214c2f5e87bad3c948f4d605d) (ScriptedImporter) -> (artifact id: '95efe6b527fe153e8efce588497011d5') in 0.003142958 seconds
Number of updated asset objects reloaded before import = 0Number of asset objects unloaded after import = 1

========================================================================
Received Import Request.
  Time since last request: 0.000058 seconds.
  path: Packages/com.unity.collab-proxy/Editor/Views/BranchExplorer/Zoom
  artifactKey: Guid(1857bdcfefb34a498e359de3fee84b3c) Importer(2089858483,b0f066a214c2f5e87bad3c948f4d605d)
Start importing Packages/com.unity.collab-proxy/Editor/Views/BranchExplorer/Zoom using Guid(1857bdcfefb34a498e359de3fee84b3c) Importer(2089858483,b0f066a214c2f5e87bad3c948f4d605d) (ScriptedImporter) -> (artifact id: '02af77b43d00f93ae8c6bef1c54acf4d') in 0.002659708 seconds
Number of updated asset objects reloaded before import = 0Number of asset objects unloaded after import = 1

========================================================================
Received Import Request.
  Time since last request: 0.000072 seconds.
  path: Packages/com.unity.shadergraph/Editor/Drawing/Interfaces
  artifactKey: Guid(58ecb05b886e4306918caed5d3178020) Importer(2089858483,b0f066a214c2f5e87bad3c948f4d605d)
Start importing Packages/com.unity.shadergraph/Editor/Drawing/Interfaces using Guid(58ecb05b886e4306918caed5d3178020) Importer(2089858483,b0f066a214c2f5e87bad3c948f4d605d) (ScriptedImporter) -> (artifact id: '9a5d6fb99096827c77efdc40b8ea06ab') in 0.002219334 seconds
Number of updated asset objects reloaded before import = 0Number of asset objects unloaded after import = 1

========================================================================
Received Import Request.
  Time since last request: 0.000056 seconds.
  path: Packages/com.unity.visualscripting/Editor/VisualScripting.Core/Dependencies/Assemblies/WINARM64
  artifactKey: Guid(4bc570abe77b73e429f529fb23f1b8d3) Importer(2089858483,b0f066a214c2f5e87bad3c948f4d605d)
Start importing Packages/com.unity.visualscripting/Editor/VisualScripting.Core/Dependencies/Assemblies/WINARM64 using Guid(4bc570abe77b73e429f529fb23f1b8d3) Importer(2089858483,b0f066a214c2f5e87bad3c948f4d605d) (ScriptedImporter) -> (artifact id: '4cfcf1da61ccf8607166a9abbe40b631') in 0.003767875 seconds
Number of updated asset objects reloaded before import = 0Number of asset objects unloaded after import = 1

========================================================================
Received Import Request.
  Time since last request: 0.000069 seconds.
  path: Packages/com.unity.inputsystem/InputSystem/Editor/ControlPicker/Layouts
  artifactKey: Guid(5b630b769a2a8aa499ce2d2093f40500) Importer(2089858483,b0f066a214c2f5e87bad3c948f4d605d)
Start importing Packages/com.unity.inputsystem/InputSystem/Editor/ControlPicker/Layouts using Guid(5b630b769a2a8aa499ce2d2093f40500) Importer(2089858483,b0f066a214c2f5e87bad3c948f4d605d) (ScriptedImporter) -> (artifact id: '8c2fcd5af226bd150541838b55726830') in 0.001912792 seconds
Number of updated asset objects reloaded before import = 0Number of asset objects unloaded after import = 1

========================================================================
Received Import Request.
  Time since last request: 0.000058 seconds.
  path: Packages/com.unity.2d.tilemap.extras/Editor/Tiles
  artifactKey: Guid(f03b3016bcc582043b27ae775025ef88) Importer(2089858483,b0f066a214c2f5e87bad3c948f4d605d)
Start importing Packages/com.unity.2d.tilemap.extras/Editor/Tiles using Guid(f03b3016bcc582043b27ae775025ef88) Importer(2089858483,b0f066a214c2f5e87bad3c948f4d605d) (ScriptedImporter) -> (artifact id: '11c85ab33c994651705e5929060e3b13') in 0.002373916 seconds
Number of updated asset objects reloaded before import = 0Number of asset objects unloaded after import = 1

========================================================================
Received Import Request.
  Time since last request: 0.000061 seconds.
  path: Packages/com.unity.render-pipelines.core/Runtime/GPUDriven/Debug
  artifactKey: Guid(e06600b8901fc6741a0d7f96ca9d7f0f) Importer(2089858483,b0f066a214c2f5e87bad3c948f4d605d)
Start importing Packages/com.unity.render-pipelines.core/Runtime/GPUDriven/Debug using Guid(e06600b8901fc6741a0d7f96ca9d7f0f) Importer(2089858483,b0f066a214c2f5e87bad3c948f4d605d) (ScriptedImporter) -> (artifact id: '270ab47a215148890a84d67d1af8aa1a') in 0.002284958 seconds
Number of updated asset objects reloaded before import = 0Number of asset objects unloaded after import = 1

========================================================================
Received Import Request.
  Time since last request: 0.000060 seconds.
  path: Packages/com.unity.collab-proxy/Editor/CodeEditor/Document
  artifactKey: Guid(046f41539da654ce3b0651f5979455af) Importer(2089858483,b0f066a214c2f5e87bad3c948f4d605d)
Start importing Packages/com.unity.collab-proxy/Editor/CodeEditor/Document using Guid(046f41539da654ce3b0651f5979455af) Importer(2089858483,b0f066a214c2f5e87bad3c948f4d605d) (ScriptedImporter) -> (artifact id: '7f78066e90a11600fc43deff32a46fdc') in 0.002197542 seconds
Number of updated asset objects reloaded before import = 0Number of asset objects unloaded after import = 1

========================================================================
Received Import Request.
  Time since last request: 0.000054 seconds.
  path: Packages/com.unity.visualscripting/Runtime/VisualScripting.Flow/Framework/Events/Animation
  artifactKey: Guid(76aa07459e97e401d8d9fb266cb41ff9) Importer(2089858483,b0f066a214c2f5e87bad3c948f4d605d)
Start importing Packages/com.unity.visualscripting/Runtime/VisualScripting.Flow/Framework/Events/Animation using Guid(76aa07459e97e401d8d9fb266cb41ff9) Importer(2089858483,b0f066a214c2f5e87bad3c948f4d605d) (ScriptedImporter) -> (artifact id: 'fa978dd4a307f970b5f7d4c77bf9f32a') in 0.002119375 seconds
Number of updated asset objects reloaded before import = 0Number of asset objects unloaded after import = 1

========================================================================
Received Import Request.
  Time since last request: 0.000047 seconds.
  path: Packages/com.unity.visualscripting/Editor/VisualScripting.Flow/Plugin
  artifactKey: Guid(fdd990452ab694aa89fff386af33e5d1) Importer(2089858483,b0f066a214c2f5e87bad3c948f4d605d)
Start importing Packages/com.unity.visualscripting/Editor/VisualScripting.Flow/Plugin using Guid(fdd990452ab694aa89fff386af33e5d1) Importer(2089858483,b0f066a214c2f5e87bad3c948f4d605d) (ScriptedImporter) -> (artifact id: 'd9a6d3b33e9690345d00eae972259b00') in 0.002291375 seconds
Number of updated asset objects reloaded before import = 0Number of asset objects unloaded after import = 1

========================================================================
Received Import Request.
  Time since last request: 0.000052 seconds.
  path: Packages/com.unity.shadergraph/Editor/Resources/Icons
  artifactKey: Guid(f4d6d4aaf7f25a14fb15dabc0b24d7ef) Importer(2089858483,b0f066a214c2f5e87bad3c948f4d605d)
Start importing Packages/com.unity.shadergraph/Editor/Resources/Icons using Guid(f4d6d4aaf7f25a14fb15dabc0b24d7ef) Importer(2089858483,b0f066a214c2f5e87bad3c948f4d605d) (ScriptedImporter) -> (artifact id: 'c9a63198a03cb2c19dc8831b57fe1bcb') in 0.00229575 seconds
Number of updated asset objects reloaded before import = 0Number of asset objects unloaded after import = 1

========================================================================
Received Import Request.
  Time since last request: 0.000063 seconds.
  path: Packages/com.unity.timeline/Editor/Audio
  artifactKey: Guid(e091bb444874ef244b1ba4a813fc1e34) Importer(2089858483,b0f066a214c2f5e87bad3c948f4d605d)
Start importing Packages/com.unity.timeline/Editor/Audio using Guid(e091bb444874ef244b1ba4a813fc1e34) Importer(2089858483,b0f066a214c2f5e87bad3c948f4d605d) (ScriptedImporter) -> (artifact id: '2a46dc6cac03920fd79f095cf1080355') in 0.002336541 seconds
Number of updated asset objects reloaded before import = 0Number of asset objects unloaded after import = 1

========================================================================
Received Import Request.
  Time since last request: 0.000044 seconds.
  path: Packages/com.unity.2d.common/Path/Editor/IMGUI/GUIFramework
  artifactKey: Guid(b902a1aa4448c4637aee2c49d17a13fb) Importer(2089858483,b0f066a214c2f5e87bad3c948f4d605d)
Start importing Packages/com.unity.2d.common/Path/Editor/IMGUI/GUIFramework using Guid(b902a1aa4448c4637aee2c49d17a13fb) Importer(2089858483,b0f066a214c2f5e87bad3c948f4d605d) (ScriptedImporter) -> (artifact id: '885dcd736137c2dc570f438002a9fcb9') in 0.002312583 seconds
Number of updated asset objects reloaded before import = 0Number of asset objects unloaded after import = 1

========================================================================
Received Import Request.
  Time since last request: 0.000050 seconds.
  path: Packages/com.unity.shadergraph/Editor/Drawing
  artifactKey: Guid(628a36608983fbe49bd5b01cc799f525) Importer(2089858483,b0f066a214c2f5e87bad3c948f4d605d)
Start importing Packages/com.unity.shadergraph/Editor/Drawing using Guid(628a36608983fbe49bd5b01cc799f525) Importer(2089858483,b0f066a214c2f5e87bad3c948f4d605d) (ScriptedImporter) -> (artifact id: '653b5d2528f699390939341be1e18719') in 0.002212667 seconds
Number of updated asset objects reloaded before import = 0Number of asset objects unloaded after import = 1

========================================================================
Received Import Request.
  Time since last request: 0.000065 seconds.
  path: Packages/com.unity.test-framework.performance/Runtime/Measurements
  artifactKey: Guid(c0c170ab616b34944bcd5e75cfcb9d06) Importer(2089858483,b0f066a214c2f5e87bad3c948f4d605d)
Start importing Packages/com.unity.test-framework.performance/Runtime/Measurements using Guid(c0c170ab616b34944bcd5e75cfcb9d06) Importer(2089858483,b0f066a214c2f5e87bad3c948f4d605d) (ScriptedImporter) -> (artifact id: 'ddf9e03e7dd0acf6e91e36904a750bfc') in 0.002323666 seconds
Number of updated asset objects reloaded before import = 0Number of asset objects unloaded after import = 1

========================================================================
Received Import Request.
  Time since last request: 0.000039 seconds.
  path: Packages/com.unity.collab-proxy/Editor/Diff/Purged
  artifactKey: Guid(49c274ec850242c88ad13ac57d6ff54c) Importer(2089858483,b0f066a214c2f5e87bad3c948f4d605d)
Start importing Packages/com.unity.collab-proxy/Editor/Diff/Purged using Guid(49c274ec850242c88ad13ac57d6ff54c) Importer(2089858483,b0f066a214c2f5e87bad3c948f4d605d) (ScriptedImporter) -> (artifact id: '64b46831d5f620ee0cdad12757c9e314') in 0.002290042 seconds
Number of updated asset objects reloaded before import = 0Number of asset objects unloaded after import = 1

========================================================================
Received Import Request.
  Time since last request: 0.000067 seconds.
  path: Packages/com.unity.render-pipelines.universal/Editor/Analytics
  artifactKey: Guid(7f30cfcca642c3443b4ccd31e9a872ca) Importer(2089858483,b0f066a214c2f5e87bad3c948f4d605d)
Start importing Packages/com.unity.render-pipelines.universal/Editor/Analytics using Guid(7f30cfcca642c3443b4ccd31e9a872ca) Importer(2089858483,b0f066a214c2f5e87bad3c948f4d605d) (ScriptedImporter) -> (artifact id: 'a8185eda5af0d8b4018cc20e4cae68f3') in 0.002329875 seconds
Number of updated asset objects reloaded before import = 0Number of asset objects unloaded after import = 1

========================================================================
Received Import Request.
  Time since last request: 0.000082 seconds.
  path: Packages/com.unity.shadergraph/Editor/Generation/Collections
  artifactKey: Guid(d6d4496479c324d29acc5c0d0a40d1b9) Importer(2089858483,b0f066a214c2f5e87bad3c948f4d605d)
Start importing Packages/com.unity.shadergraph/Editor/Generation/Collections using Guid(d6d4496479c324d29acc5c0d0a40d1b9) Importer(2089858483,b0f066a214c2f5e87bad3c948f4d605d) (ScriptedImporter) -> (artifact id: '6a37f8c183185e8b2d392e4703c91d08') in 0.002234083 seconds
Number of updated asset objects reloaded before import = 0Number of asset objects unloaded after import = 1

========================================================================
Received Import Request.
  Time since last request: 0.000054 seconds.
  path: Packages/com.unity.2d.common/Path/Editor/Handles/Path
  artifactKey: Guid(dacf17d0aeaf2425fa059e502832e81a) Importer(2089858483,b0f066a214c2f5e87bad3c948f4d605d)
Start importing Packages/com.unity.2d.common/Path/Editor/Handles/Path using Guid(dacf17d0aeaf2425fa059e502832e81a) Importer(2089858483,b0f066a214c2f5e87bad3c948f4d605d) (ScriptedImporter) -> (artifact id: '582ba41d8d35f62e6cd7d6aadc7c2a1c') in 0.002308 seconds
Number of updated asset objects reloaded before import = 0Number of asset objects unloaded after import = 1

========================================================================
Received Import Request.
  Time since last request: 0.000053 seconds.
  path: Packages/com.unity.shadergraph/Editor/Data/Nodes/Math/Range
  artifactKey: Guid(2018cd81f24ba46748d8b85c8f289f4f) Importer(2089858483,b0f066a214c2f5e87bad3c948f4d605d)
Start importing Packages/com.unity.shadergraph/Editor/Data/Nodes/Math/Range using Guid(2018cd81f24ba46748d8b85c8f289f4f) Importer(2089858483,b0f066a214c2f5e87bad3c948f4d605d) (ScriptedImporter) -> (artifact id: 'd67ac40ae5162be4172a67ef0f334f54') in 0.002379917 seconds
Number of updated asset objects reloaded before import = 0Number of asset objects unloaded after import = 1

========================================================================
Received Import Request.
  Time since last request: 0.000039 seconds.
  path: Packages/com.unity.2d.tilemap.extras/Editor/Tiles/HexagonalRuleTile
  artifactKey: Guid(3b68386deea7c2246bd5fe7bd6fa13c6) Importer(2089858483,b0f066a214c2f5e87bad3c948f4d605d)
Start importing Packages/com.unity.2d.tilemap.extras/Editor/Tiles/HexagonalRuleTile using Guid(3b68386deea7c2246bd5fe7bd6fa13c6) Importer(2089858483,b0f066a214c2f5e87bad3c948f4d605d) (ScriptedImporter) -> (artifact id: '89af35594c75206d721d5bb01e817c19') in 0.002317334 seconds
Number of updated asset objects reloaded before import = 0Number of asset objects unloaded after import = 1

========================================================================
Received Import Request.
  Time since last request: 0.000057 seconds.
  path: Packages/com.unity.collab-proxy/Editor/Views/Attributes
  artifactKey: Guid(51b7ec8ab0194da09e85cb9e71ebb449) Importer(2089858483,b0f066a214c2f5e87bad3c948f4d605d)
Start importing Packages/com.unity.collab-proxy/Editor/Views/Attributes using Guid(51b7ec8ab0194da09e85cb9e71ebb449) Importer(2089858483,b0f066a214c2f5e87bad3c948f4d605d) (ScriptedImporter) -> (artifact id: '991a871ec30f5a6074e12cc01206aed4') in 0.002280708 seconds
Number of updated asset objects reloaded before import = 0Number of asset objects unloaded after import = 1

========================================================================
Received Import Request.
  Time since last request: 0.000061 seconds.
  path: Packages/com.unity.visualscripting/Editor/VisualScripting.Core/Inspection/Primitives
  artifactKey: Guid(6a9fbaa15f2d040cc945c733922cb783) Importer(2089858483,b0f066a214c2f5e87bad3c948f4d605d)
Start importing Packages/com.unity.visualscripting/Editor/VisualScripting.Core/Inspection/Primitives using Guid(6a9fbaa15f2d040cc945c733922cb783) Importer(2089858483,b0f066a214c2f5e87bad3c948f4d605d) (ScriptedImporter) -> (artifact id: '345f28bafa7aea686c1963520803b419') in 0.002294417 seconds
Number of updated asset objects reloaded before import = 0Number of asset objects unloaded after import = 1

========================================================================
Received Import Request.
  Time since last request: 0.000059 seconds.
  path: Packages/com.unity.inputsystem/InputSystem/Runtime/Plugins/WebGL
  artifactKey: Guid(d4077c3b095df48b798c97c694ffd684) Importer(2089858483,b0f066a214c2f5e87bad3c948f4d605d)
Start importing Packages/com.unity.inputsystem/InputSystem/Runtime/Plugins/WebGL using Guid(d4077c3b095df48b798c97c694ffd684) Importer(2089858483,b0f066a214c2f5e87bad3c948f4d605d) (ScriptedImporter) -> (artifact id: '62bc84911f9de8d02219c3be6bb0e705') in 0.002252417 seconds
Number of updated asset objects reloaded before import = 0Number of asset objects unloaded after import = 1

========================================================================
Received Import Request.
  Time since last request: 0.000052 seconds.
  path: Packages/com.unity.render-pipelines.core/Runtime/Utilities/GPUPrefixSum
  artifactKey: Guid(4fd6fd0a85444385a35a13e9adbcb49d) Importer(2089858483,b0f066a214c2f5e87bad3c948f4d605d)
Start importing Packages/com.unity.render-pipelines.core/Runtime/Utilities/GPUPrefixSum using Guid(4fd6fd0a85444385a35a13e9adbcb49d) Importer(2089858483,b0f066a214c2f5e87bad3c948f4d605d) (ScriptedImporter) -> (artifact id: '159e33cc088ce916a6600bbbb61031c4') in 0.002244458 seconds
Number of updated asset objects reloaded before import = 0Number of asset objects unloaded after import = 1

========================================================================
Received Import Request.
  Time since last request: 0.000075 seconds.
  path: Packages/com.unity.inputsystem/InputSystem/Editor/Devices/Remote
  artifactKey: Guid(4ea5bd36bf3924ec18c263bbdb10e425) Importer(2089858483,b0f066a214c2f5e87bad3c948f4d605d)
Start importing Packages/com.unity.inputsystem/InputSystem/Editor/Devices/Remote using Guid(4ea5bd36bf3924ec18c263bbdb10e425) Importer(2089858483,b0f066a214c2f5e87bad3c948f4d605d) (ScriptedImporter) -> (artifact id: '3ee36d31d451a063a2a72671e8b270da') in 0.002397625 seconds
Number of updated asset objects reloaded before import = 0Number of asset objects unloaded after import = 1

========================================================================
Received Import Request.
  Time since last request: 0.000074 seconds.
  path: Packages/com.unity.2d.animation/Editor/Assets/SpriteSwap
  artifactKey: Guid(31446e0d27784fbf8f53515dd380ca16) Importer(2089858483,b0f066a214c2f5e87bad3c948f4d605d)
Start importing Packages/com.unity.2d.animation/Editor/Assets/SpriteSwap using Guid(31446e0d27784fbf8f53515dd380ca16) Importer(2089858483,b0f066a214c2f5e87bad3c948f4d605d) (ScriptedImporter) -> (artifact id: 'd1b39027ed3beb5d0db9c993fa0f2769') in 0.002305166 seconds
Number of updated asset objects reloaded before import = 0Number of asset objects unloaded after import = 1

========================================================================
Received Import Request.
  Time since last request: 0.000058 seconds.
  path: Packages/com.unity.2d.spriteshape/Editor
  artifactKey: Guid(4103ad8b83780496d93e0fabf89b806e) Importer(2089858483,b0f066a214c2f5e87bad3c948f4d605d)
Start importing Packages/com.unity.2d.spriteshape/Editor using Guid(4103ad8b83780496d93e0fabf89b806e) Importer(2089858483,b0f066a214c2f5e87bad3c948f4d605d) (ScriptedImporter) -> (artifact id: 'a9b69d10ca49e2fadf575cec9c8438d9') in 0.002290958 seconds
Number of updated asset objects reloaded before import = 0Number of asset objects unloaded after import = 1

========================================================================
Received Import Request.
  Time since last request: 0.000063 seconds.
  path: Packages/com.unity.visualscripting/Editor/VisualScripting.Core/Windows/Sidebars
  artifactKey: Guid(dea5b0eb666584f3382f80a2a824f446) Importer(2089858483,b0f066a214c2f5e87bad3c948f4d605d)
Start importing Packages/com.unity.visualscripting/Editor/VisualScripting.Core/Windows/Sidebars using Guid(dea5b0eb666584f3382f80a2a824f446) Importer(2089858483,b0f066a214c2f5e87bad3c948f4d605d) (ScriptedImporter) -> (artifact id: '180b98aa35896ad27a866740331ac8d6') in 0.002335292 seconds
Number of updated asset objects reloaded before import = 0Number of asset objects unloaded after import = 1

========================================================================
Received Import Request.
  Time since last request: 0.000063 seconds.
  path: Packages/com.unity.2d.animation/Editor/SkinningModule/IMGUI
  artifactKey: Guid(9b92febd89128554b8579633a112c844) Importer(2089858483,b0f066a214c2f5e87bad3c948f4d605d)
Start importing Packages/com.unity.2d.animation/Editor/SkinningModule/IMGUI using Guid(9b92febd89128554b8579633a112c844) Importer(2089858483,b0f066a214c2f5e87bad3c948f4d605d) (ScriptedImporter) -> (artifact id: 'f65d7973cd954b24548a7ad08e00450f') in 0.002353417 seconds
Number of updated asset objects reloaded before import = 0Number of asset objects unloaded after import = 1

========================================================================
Received Import Request.
  Time since last request: 0.000058 seconds.
  path: Packages/com.unity.render-pipelines.core/Editor-PrivateShared
  artifactKey: Guid(50e0a64c6fdb90f48a1dbcfa7af69056) Importer(2089858483,b0f066a214c2f5e87bad3c948f4d605d)
Start importing Packages/com.unity.render-pipelines.core/Editor-PrivateShared using Guid(50e0a64c6fdb90f48a1dbcfa7af69056) Importer(2089858483,b0f066a214c2f5e87bad3c948f4d605d) (ScriptedImporter) -> (artifact id: 'cd4bad600e1e08729707df783dd20a4b') in 0.002329084 seconds
Number of updated asset objects reloaded before import = 0Number of asset objects unloaded after import = 1

========================================================================
Received Import Request.
  Time since last request: 0.000063 seconds.
  path: Packages/com.unity.collab-proxy/Editor/Views/BranchExplorer/Drawing/Shapes/Connections
  artifactKey: Guid(a7816f8f0b844c4faf3b7c5f4a231f0d) Importer(2089858483,b0f066a214c2f5e87bad3c948f4d605d)
Start importing Packages/com.unity.collab-proxy/Editor/Views/BranchExplorer/Drawing/Shapes/Connections using Guid(a7816f8f0b844c4faf3b7c5f4a231f0d) Importer(2089858483,b0f066a214c2f5e87bad3c948f4d605d) (ScriptedImporter) -> (artifact id: 'b54fdc9b5563d59fc2dfc8d861a2d290') in 0.002278584 seconds
Number of updated asset objects reloaded before import = 0Number of asset objects unloaded after import = 1

========================================================================
Received Import Request.
  Time since last request: 0.000080 seconds.
  path: Packages/com.unity.shadergraph/Editor/Data/Nodes/Math
  artifactKey: Guid(e63f07e66d070412bb6e9582ca1eba72) Importer(2089858483,b0f066a214c2f5e87bad3c948f4d605d)
Start importing Packages/com.unity.shadergraph/Editor/Data/Nodes/Math using Guid(e63f07e66d070412bb6e9582ca1eba72) Importer(2089858483,b0f066a214c2f5e87bad3c948f4d605d) (ScriptedImporter) -> (artifact id: 'b06ef52a8df71142090be710a9604a23') in 0.003392166 seconds
Number of updated asset objects reloaded before import = 0Number of asset objects unloaded after import = 1

========================================================================
Received Import Request.
  Time since last request: 0.000053 seconds.
  path: Packages/com.unity.collab-proxy/Editor/AssetMenu
  artifactKey: Guid(d3f8e034331c39c4f823ac31228dc4d9) Importer(2089858483,b0f066a214c2f5e87bad3c948f4d605d)
Start importing Packages/com.unity.collab-proxy/Editor/AssetMenu using Guid(d3f8e034331c39c4f823ac31228dc4d9) Importer(2089858483,b0f066a214c2f5e87bad3c948f4d605d) (ScriptedImporter) -> (artifact id: 'def553d20a8e1140ea27ccf25e0e339f') in 0.002118375 seconds
Number of updated asset objects reloaded before import = 0Number of asset objects unloaded after import = 1

========================================================================
Received Import Request.
  Time since last request: 0.000072 seconds.
  path: Packages/com.unity.render-pipelines.core/Tests/Editor
  artifactKey: Guid(278a7d565ddb1e840ac57ad1bb121e56) Importer(2089858483,b0f066a214c2f5e87bad3c948f4d605d)
Start importing Packages/com.unity.render-pipelines.core/Tests/Editor using Guid(278a7d565ddb1e840ac57ad1bb121e56) Importer(2089858483,b0f066a214c2f5e87bad3c948f4d605d) (ScriptedImporter) -> (artifact id: 'ab295645b22730e8d915d04eb895978d') in 0.008445708 seconds
Number of updated asset objects reloaded before import = 0Number of asset objects unloaded after import = 1

========================================================================
Received Import Request.
  Time since last request: 0.000064 seconds.
  path: Packages/com.unity.render-pipelines.universal/Editor/ShaderGraph/Targets
  artifactKey: Guid(d27a56a5783f89e409983f9a35efe7cc) Importer(2089858483,b0f066a214c2f5e87bad3c948f4d605d)
Start importing Packages/com.unity.render-pipelines.universal/Editor/ShaderGraph/Targets using Guid(d27a56a5783f89e409983f9a35efe7cc) Importer(2089858483,b0f066a214c2f5e87bad3c948f4d605d) (ScriptedImporter) -> (artifact id: 'e8aaf2dd4f187c478a5d61176c5367f3') in 0.002451166 seconds
Number of updated asset objects reloaded before import = 0Number of asset objects unloaded after import = 1

========================================================================
Received Import Request.
  Time since last request: 0.000062 seconds.
  path: Packages/com.unity.render-pipelines.universal/Editor/BuildProcessors/GraphicsSettingsStrippers
  artifactKey: Guid(2f3616b2dfb87f24b87d934d1c8ea882) Importer(2089858483,b0f066a214c2f5e87bad3c948f4d605d)
Start importing Packages/com.unity.render-pipelines.universal/Editor/BuildProcessors/GraphicsSettingsStrippers using Guid(2f3616b2dfb87f24b87d934d1c8ea882) Importer(2089858483,b0f066a214c2f5e87bad3c948f4d605d) (ScriptedImporter) -> (artifact id: '3d24ac7d22301600ae81f0782716e8ff') in 0.002335792 seconds
Number of updated asset objects reloaded before import = 0Number of asset objects unloaded after import = 1

========================================================================
Received Import Request.
  Time since last request: 0.000043 seconds.
  path: Packages/com.unity.2d.aseprite/Editor
  artifactKey: Guid(d7e20c8f03944404a87c428f52d6d3e0) Importer(2089858483,b0f066a214c2f5e87bad3c948f4d605d)
Start importing Packages/com.unity.2d.aseprite/Editor using Guid(d7e20c8f03944404a87c428f52d6d3e0) Importer(2089858483,b0f066a214c2f5e87bad3c948f4d605d) (ScriptedImporter) -> (artifact id: 'babf361d9ab9dbd93f2f6cf632eee98d') in 0.003346916 seconds
Number of updated asset objects reloaded before import = 0Number of asset objects unloaded after import = 1

========================================================================
Received Import Request.
  Time since last request: 0.000057 seconds.
  path: Packages/com.unity.visualscripting/Runtime/VisualScripting.State/Framework/Graph
  artifactKey: Guid(80d5cd46de8ca404692849f4a46c2306) Importer(2089858483,b0f066a214c2f5e87bad3c948f4d605d)
Start importing Packages/com.unity.visualscripting/Runtime/VisualScripting.State/Framework/Graph using Guid(80d5cd46de8ca404692849f4a46c2306) Importer(2089858483,b0f066a214c2f5e87bad3c948f4d605d) (ScriptedImporter) -> (artifact id: 'df0318ee5cccfb0f4b8673beb6c206b7') in 0.001987958 seconds
Number of updated asset objects reloaded before import = 0Number of asset objects unloaded after import = 1

========================================================================
Received Import Request.
  Time since last request: 0.000063 seconds.
  path: Packages/com.unity.collab-proxy/Editor/CodeEditor/TextMate
  artifactKey: Guid(d6205f80604d49e9878743cfaff171c2) Importer(2089858483,b0f066a214c2f5e87bad3c948f4d605d)
Start importing Packages/com.unity.collab-proxy/Editor/CodeEditor/TextMate using Guid(d6205f80604d49e9878743cfaff171c2) Importer(2089858483,b0f066a214c2f5e87bad3c948f4d605d) (ScriptedImporter) -> (artifact id: 'a8d58dae11c9ef1bcd489c60f80eff10') in 0.003938541 seconds
Number of updated asset objects reloaded before import = 0Number of asset objects unloaded after import = 1

========================================================================
Received Import Request.
  Time since last request: 0.000056 seconds.
  path: Packages/com.unity.test-framework/UnityEngine.TestRunner/Assertions
  artifactKey: Guid(1ad55f5ad04d1d045a1f287409c650dd) Importer(2089858483,b0f066a214c2f5e87bad3c948f4d605d)
Start importing Packages/com.unity.test-framework/UnityEngine.TestRunner/Assertions using Guid(1ad55f5ad04d1d045a1f287409c650dd) Importer(2089858483,b0f066a214c2f5e87bad3c948f4d605d) (ScriptedImporter) -> (artifact id: '684071a292df503a008779b5c1e77a74') in 0.001996875 seconds
Number of updated asset objects reloaded before import = 0Number of asset objects unloaded after import = 1

========================================================================
Received Import Request.
  Time since last request: 0.000041 seconds.
  path: Packages/com.unity.visualscripting/Editor/VisualScripting.Core/Properties
  artifactKey: Guid(f0e7e49d11cc84ef2a635f90042b839a) Importer(2089858483,b0f066a214c2f5e87bad3c948f4d605d)
Start importing Packages/com.unity.visualscripting/Editor/VisualScripting.Core/Properties using Guid(f0e7e49d11cc84ef2a635f90042b839a) Importer(2089858483,b0f066a214c2f5e87bad3c948f4d605d) (ScriptedImporter) -> (artifact id: '2b78f0c7ae7ecbe88fbeee1ef2b5eefa') in 0.00181925 seconds
Number of updated asset objects reloaded before import = 0Number of asset objects unloaded after import = 1

========================================================================
Received Import Request.
  Time since last request: 0.000070 seconds.
  path: Packages/com.unity.ide.visualstudio/Editor
  artifactKey: Guid(4a707af59e3522d43afe34dfc4429b86) Importer(2089858483,b0f066a214c2f5e87bad3c948f4d605d)
Start importing Packages/com.unity.ide.visualstudio/Editor using Guid(4a707af59e3522d43afe34dfc4429b86) Importer(2089858483,b0f066a214c2f5e87bad3c948f4d605d) (ScriptedImporter) -> (artifact id: 'c14b25765d8e5e6881f0d264cb1ed793') in 0.00188025 seconds
Number of updated asset objects reloaded before import = 0Number of asset objects unloaded after import = 1

========================================================================
Received Import Request.
  Time since last request: 0.000182 seconds.
  path: Packages/com.unity.visualscripting/Editor/VisualScripting.Core/Plugin/Migrations
  artifactKey: Guid(938d43d9c30404060a9a8135d66467aa) Importer(2089858483,b0f066a214c2f5e87bad3c948f4d605d)
Start importing Packages/com.unity.visualscripting/Editor/VisualScripting.Core/Plugin/Migrations using Guid(938d43d9c30404060a9a8135d66467aa) Importer(2089858483,b0f066a214c2f5e87bad3c948f4d605d) (ScriptedImporter) -> (artifact id: 'd0214a9321cf5a83db04c742cd7e8d3f') in 0.002097917 seconds
Number of updated asset objects reloaded before import = 0Number of asset objects unloaded after import = 1

========================================================================
Received Import Request.
  Time since last request: 0.000047 seconds.
  path: Packages/com.unity.visualscripting/Runtime/VisualScripting.Core/SerializedProperties
  artifactKey: Guid(44583e23afb864117a0b27750581d61a) Importer(2089858483,b0f066a214c2f5e87bad3c948f4d605d)
Start importing Packages/com.unity.visualscripting/Runtime/VisualScripting.Core/SerializedProperties using Guid(44583e23afb864117a0b27750581d61a) Importer(2089858483,b0f066a214c2f5e87bad3c948f4d605d) (ScriptedImporter) -> (artifact id: '774810acc04ce5bffab0407a226cb6fb') in 0.001983708 seconds
Number of updated asset objects reloaded before import = 0Number of asset objects unloaded after import = 1

========================================================================
Received Import Request.
  Time since last request: 0.000147 seconds.
  path: Packages/com.unity.timeline/Editor/Manipulators/Cursors
  artifactKey: Guid(4ad09461bf994e54da846f726a23118e) Importer(2089858483,b0f066a214c2f5e87bad3c948f4d605d)
Start importing Packages/com.unity.timeline/Editor/Manipulators/Cursors using Guid(4ad09461bf994e54da846f726a23118e) Importer(2089858483,b0f066a214c2f5e87bad3c948f4d605d) (ScriptedImporter) -> (artifact id: 'b00a13c4da88cd238e41974d7e32685f') in 0.0022875 seconds
Number of updated asset objects reloaded before import = 0Number of asset objects unloaded after import = 1

========================================================================
Received Import Request.
  Time since last request: 0.000039 seconds.
  path: Packages/com.unity.ugui/Tests/Runtime/UGUI/EventSystem/InputModuleTests
  artifactKey: Guid(7a892c920c8ad2848b469ec9579c5219) Importer(2089858483,b0f066a214c2f5e87bad3c948f4d605d)
Start importing Packages/com.unity.ugui/Tests/Runtime/UGUI/EventSystem/InputModuleTests using Guid(7a892c920c8ad2848b469ec9579c5219) Importer(2089858483,b0f066a214c2f5e87bad3c948f4d605d) (ScriptedImporter) -> (artifact id: '9787e19dc9429a4f812a9d9d7c2e3241') in 0.002308666 seconds
Number of updated asset objects reloaded before import = 0Number of asset objects unloaded after import = 1

========================================================================
Received Import Request.
  Time since last request: 0.000042 seconds.
  path: Packages/com.unity.collab-proxy/Editor/Assistant/Tools
  artifactKey: Guid(c216a661aa5746b19c689c48a2f4d091) Importer(2089858483,b0f066a214c2f5e87bad3c948f4d605d)
Start importing Packages/com.unity.collab-proxy/Editor/Assistant/Tools using Guid(c216a661aa5746b19c689c48a2f4d091) Importer(2089858483,b0f066a214c2f5e87bad3c948f4d605d) (ScriptedImporter) -> (artifact id: 'b6ff3bc137681c002c8576dbd63cd980') in 0.002337 seconds
Number of updated asset objects reloaded before import = 0Number of asset objects unloaded after import = 1

========================================================================
Received Import Request.
  Time since last request: 0.000070 seconds.
  path: Packages/com.unity.visualscripting/Editor/VisualScripting.Core/Interface/Colors
  artifactKey: Guid(6e961785e582b4915986db20c2c596ea) Importer(2089858483,b0f066a214c2f5e87bad3c948f4d605d)
Start importing Packages/com.unity.visualscripting/Editor/VisualScripting.Core/Interface/Colors using Guid(6e961785e582b4915986db20c2c596ea) Importer(2089858483,b0f066a214c2f5e87bad3c948f4d605d) (ScriptedImporter) -> (artifact id: 'b88cc65b52e9af4646f922865659e0d9') in 0.002264542 seconds
Number of updated asset objects reloaded before import = 0Number of asset objects unloaded after import = 1

========================================================================
Received Import Request.
  Time since last request: 0.000076 seconds.
  path: Packages/com.unity.burst/Runtime/Intrinsics
  artifactKey: Guid(6fbd9c5e397237e28650cb957742c782) Importer(2089858483,b0f066a214c2f5e87bad3c948f4d605d)
Start importing Packages/com.unity.burst/Runtime/Intrinsics using Guid(6fbd9c5e397237e28650cb957742c782) Importer(2089858483,b0f066a214c2f5e87bad3c948f4d605d) (ScriptedImporter) -> (artifact id: '3b1dc21abbd776f66316b5a1cd4b989f') in 0.002232834 seconds
Number of updated asset objects reloaded before import = 0Number of asset objects unloaded after import = 1

========================================================================
Received Import Request.
  Time since last request: 0.000089 seconds.
  path: Packages/com.unity.timeline/Editor/inspectors
  artifactKey: Guid(2d8485e4e3a2bcb429fc32900ca26d9e) Importer(2089858483,b0f066a214c2f5e87bad3c948f4d605d)
Start importing Packages/com.unity.timeline/Editor/inspectors using Guid(2d8485e4e3a2bcb429fc32900ca26d9e) Importer(2089858483,b0f066a214c2f5e87bad3c948f4d605d) (ScriptedImporter) -> (artifact id: '9d2cf0818b3280dc846f9bc44d03160b') in 0.002986125 seconds
Number of updated asset objects reloaded before import = 0Number of asset objects unloaded after import = 1

========================================================================
Received Import Request.
  Time since last request: 0.000056 seconds.
  path: Packages/com.unity.render-pipelines.universal/Textures/BlueNoise64/L
  artifactKey: Guid(185beacae6c1ae444bf82919f9550d1a) Importer(2089858483,b0f066a214c2f5e87bad3c948f4d605d)
Start importing Packages/com.unity.render-pipelines.universal/Textures/BlueNoise64/L using Guid(185beacae6c1ae444bf82919f9550d1a) Importer(2089858483,b0f066a214c2f5e87bad3c948f4d605d) (ScriptedImporter) -> (artifact id: 'c5890b85e3c16f86badd25a4b08fd6dc') in 0.002276041 seconds
Number of updated asset objects reloaded before import = 0Number of asset objects unloaded after import = 1

========================================================================
Received Import Request.
  Time since last request: 0.000071 seconds.
  path: Packages/com.unity.2d.spriteshape/Runtime/External
  artifactKey: Guid(30fdb7163494e28429d56613fe407bf4) Importer(2089858483,b0f066a214c2f5e87bad3c948f4d605d)
Start importing Packages/com.unity.2d.spriteshape/Runtime/External using Guid(30fdb7163494e28429d56613fe407bf4) Importer(2089858483,b0f066a214c2f5e87bad3c948f4d605d) (ScriptedImporter) -> (artifact id: 'ca40f38b57edc7ca303246a0bd6ad049') in 0.003002708 seconds
Number of updated asset objects reloaded before import = 0Number of asset objects unloaded after import = 1

========================================================================
Received Import Request.
  Time since last request: 0.000068 seconds.
  path: Packages/com.unity.render-pipelines.core/Editor/ShaderStripping
  artifactKey: Guid(61ff35fb502752843acbefd0946f06f6) Importer(2089858483,b0f066a214c2f5e87bad3c948f4d605d)
Start importing Packages/com.unity.render-pipelines.core/Editor/ShaderStripping using Guid(61ff35fb502752843acbefd0946f06f6) Importer(2089858483,b0f066a214c2f5e87bad3c948f4d605d) (ScriptedImporter) -> (artifact id: '71aad5ac40bd2500378aecfb884f3175') in 0.002239 seconds
Number of updated asset objects reloaded before import = 0Number of asset objects unloaded after import = 1

========================================================================
Received Import Request.
  Time since last request: 0.000058 seconds.
  path: Packages/com.unity.render-pipelines.core/Runtime/GPUDriven/InstanceData
  artifactKey: Guid(b5f7bf756dcca7044ace748986382c79) Importer(2089858483,b0f066a214c2f5e87bad3c948f4d605d)
Start importing Packages/com.unity.render-pipelines.core/Runtime/GPUDriven/InstanceData using Guid(b5f7bf756dcca7044ace748986382c79) Importer(2089858483,b0f066a214c2f5e87bad3c948f4d605d) (ScriptedImporter) -> (artifact id: '99e8f46d568a931f46035145781eddc9') in 0.010992792 seconds
Number of updated asset objects reloaded before import = 0Number of asset objects unloaded after import = 1

========================================================================
Received Import Request.
  Time since last request: 0.000061 seconds.
  path: Packages/com.unity.ugui/Runtime/UGUI/EventSystem/UIElements
  artifactKey: Guid(5dc64c943466a44498be3b620c743b45) Importer(2089858483,b0f066a214c2f5e87bad3c948f4d605d)
Start importing Packages/com.unity.ugui/Runtime/UGUI/EventSystem/UIElements using Guid(5dc64c943466a44498be3b620c743b45) Importer(2089858483,b0f066a214c2f5e87bad3c948f4d605d) (ScriptedImporter) -> (artifact id: '63a558d85d278676e8d999804bf9bfe7') in 0.002325708 seconds
Number of updated asset objects reloaded before import = 0Number of asset objects unloaded after import = 1

========================================================================
Received Import Request.
  Time since last request: 0.000127 seconds.
  path: Packages/com.unity.shadergraph/Editor/Data/Nodes/Procedural/Shape
  artifactKey: Guid(74f319061d92c11439d4f7e87c991e89) Importer(2089858483,b0f066a214c2f5e87bad3c948f4d605d)
Start importing Packages/com.unity.shadergraph/Editor/Data/Nodes/Procedural/Shape using Guid(74f319061d92c11439d4f7e87c991e89) Importer(2089858483,b0f066a214c2f5e87bad3c948f4d605d) (ScriptedImporter) -> (artifact id: '298f03a4afc5e6ecf3060887fc7624cc') in 0.002417625 seconds
Number of updated asset objects reloaded before import = 0Number of asset objects unloaded after import = 1

========================================================================
Received Import Request.
  Time since last request: 0.000083 seconds.
  path: Packages/com.unity.2d.tilemap/Editor/EditorTools
  artifactKey: Guid(495418ee53486f643b24accccc9269f1) Importer(2089858483,b0f066a214c2f5e87bad3c948f4d605d)
Start importing Packages/com.unity.2d.tilemap/Editor/EditorTools using Guid(495418ee53486f643b24accccc9269f1) Importer(2089858483,b0f066a214c2f5e87bad3c948f4d605d) (ScriptedImporter) -> (artifact id: '10c4c9fdd5bea2567a0c6302004ea85a') in 0.001991917 seconds
Number of updated asset objects reloaded before import = 0Number of asset objects unloaded after import = 1

========================================================================
Received Import Request.
  Time since last request: 0.000045 seconds.
  path: Packages/com.unity.timeline/Editor/Attributes
  artifactKey: Guid(919d97c1a707113409177d498d31cf51) Importer(2089858483,b0f066a214c2f5e87bad3c948f4d605d)
Start importing Packages/com.unity.timeline/Editor/Attributes using Guid(919d97c1a707113409177d498d31cf51) Importer(2089858483,b0f066a214c2f5e87bad3c948f4d605d) (ScriptedImporter) -> (artifact id: 'edd203c2468b64763daaffb0970c2d53') in 0.015079292 seconds
Number of updated asset objects reloaded before import = 0Number of asset objects unloaded after import = 1

========================================================================
Received Import Request.
  Time since last request: 0.000052 seconds.
  path: Packages/com.unity.visualscripting/Runtime/VisualScripting.Flow/Framework/Math/Vector2
  artifactKey: Guid(50e5988621f6449898f4d88ce6841c21) Importer(2089858483,b0f066a214c2f5e87bad3c948f4d605d)
Start importing Packages/com.unity.visualscripting/Runtime/VisualScripting.Flow/Framework/Math/Vector2 using Guid(50e5988621f6449898f4d88ce6841c21) Importer(2089858483,b0f066a214c2f5e87bad3c948f4d605d) (ScriptedImporter) -> (artifact id: 'a78bfe9c66c26802b96c8b3d5a87abad') in 0.002352833 seconds
Number of updated asset objects reloaded before import = 0Number of asset objects unloaded after import = 1

========================================================================
Received Import Request.
  Time since last request: 0.000085 seconds.
  path: Packages/com.unity.collab-proxy/Editor/AssetOverlays
  artifactKey: Guid(491c192b16f732b4983b4a539908ad32) Importer(2089858483,b0f066a214c2f5e87bad3c948f4d605d)
Start importing Packages/com.unity.collab-proxy/Editor/AssetOverlays using Guid(491c192b16f732b4983b4a539908ad32) Importer(2089858483,b0f066a214c2f5e87bad3c948f4d605d) (ScriptedImporter) -> (artifact id: '4ff7ad7b401898fc3f165f6b3742daae') in 0.002346 seconds
Number of updated asset objects reloaded before import = 0Number of asset objects unloaded after import = 1

========================================================================
Received Import Request.
  Time since last request: 0.000055 seconds.
  path: Packages/com.unity.collab-proxy/Editor/UVCSToolbar
  artifactKey: Guid(590a4d4bb9095e44fa44bee78b9ba17d) Importer(2089858483,b0f066a214c2f5e87bad3c948f4d605d)
Start importing Packages/com.unity.collab-proxy/Editor/UVCSToolbar using Guid(590a4d4bb9095e44fa44bee78b9ba17d) Importer(2089858483,b0f066a214c2f5e87bad3c948f4d605d) (ScriptedImporter) -> (artifact id: '29eed3cd813a1b6b1d5ed5b7d4901485') in 0.002286 seconds
Number of updated asset objects reloaded before import = 0Number of asset objects unloaded after import = 1

========================================================================
Received Import Request.
  Time since last request: 0.000059 seconds.
  path: Packages/com.unity.render-pipelines.core/Editor/PostProcessing/LensFlareResource
  artifactKey: Guid(60a1717848495ca41888e02864f0f645) Importer(2089858483,b0f066a214c2f5e87bad3c948f4d605d)
Start importing Packages/com.unity.render-pipelines.core/Editor/PostProcessing/LensFlareResource using Guid(60a1717848495ca41888e02864f0f645) Importer(2089858483,b0f066a214c2f5e87bad3c948f4d605d) (ScriptedImporter) -> (artifact id: 'da1c8416baa32b9eb2cb30a8c76254d1') in 0.002428542 seconds
Number of updated asset objects reloaded before import = 0Number of asset objects unloaded after import = 1

========================================================================
Received Import Request.
  Time since last request: 0.000138 seconds.
  path: Packages/com.unity.test-framework/UnityEditor.TestRunner/TestRun/Tasks/Events
  artifactKey: Guid(cca5935142d6c754f9ecdce1294f7079) Importer(2089858483,b0f066a214c2f5e87bad3c948f4d605d)
Start importing Packages/com.unity.test-framework/UnityEditor.TestRunner/TestRun/Tasks/Events using Guid(cca5935142d6c754f9ecdce1294f7079) Importer(2089858483,b0f066a214c2f5e87bad3c948f4d605d) (ScriptedImporter) -> (artifact id: '7d7df75280cb39bfaaa3fa48423c50ef') in 0.002489333 seconds
Number of updated asset objects reloaded before import = 0Number of asset objects unloaded after import = 1

========================================================================
Received Import Request.
  Time since last request: 0.000063 seconds.
  path: Packages/com.unity.collab-proxy/Editor/Views/Properties
  artifactKey: Guid(21e141260b3a4d67acebf527db3ddd56) Importer(2089858483,b0f066a214c2f5e87bad3c948f4d605d)
Start importing Packages/com.unity.collab-proxy/Editor/Views/Properties using Guid(21e141260b3a4d67acebf527db3ddd56) Importer(2089858483,b0f066a214c2f5e87bad3c948f4d605d) (ScriptedImporter) -> (artifact id: '43daf48ae23d28f071ada24854609fc7') in 0.002413792 seconds
Number of updated asset objects reloaded before import = 0Number of asset objects unloaded after import = 1

========================================================================
Received Import Request.
  Time since last request: 0.000063 seconds.
  path: Packages/com.unity.render-pipelines.core/Editor/StyleSheets
  artifactKey: Guid(fcf236256e326ca478a79ea0558da45d) Importer(2089858483,b0f066a214c2f5e87bad3c948f4d605d)
Start importing Packages/com.unity.render-pipelines.core/Editor/StyleSheets using Guid(fcf236256e326ca478a79ea0558da45d) Importer(2089858483,b0f066a214c2f5e87bad3c948f4d605d) (ScriptedImporter) -> (artifact id: 'f1ab0628d51a3b13a38448aa07f7e1f9') in 0.002422 seconds
Number of updated asset objects reloaded before import = 0Number of asset objects unloaded after import = 1

========================================================================
Received Import Request.
  Time since last request: 0.000070 seconds.
  path: Packages/com.unity.ugui/Tests/Editor/UGUI/InputField
  artifactKey: Guid(c16c54fe03afb5740bcc0a2a295cb79d) Importer(2089858483,b0f066a214c2f5e87bad3c948f4d605d)
Start importing Packages/com.unity.ugui/Tests/Editor/UGUI/InputField using Guid(c16c54fe03afb5740bcc0a2a295cb79d) Importer(2089858483,b0f066a214c2f5e87bad3c948f4d605d) (ScriptedImporter) -> (artifact id: '3656bae03a66da21434c6829a19dff95') in 0.002353417 seconds
Number of updated asset objects reloaded before import = 0Number of asset objects unloaded after import = 1

========================================================================
Received Import Request.
  Time since last request: 0.000070 seconds.
  path: Packages/com.unity.shadergraph/Editor/Drawing/Manipulators
  artifactKey: Guid(abc41fae76b14617ae2f7d38d3ebef3a) Importer(2089858483,b0f066a214c2f5e87bad3c948f4d605d)
Start importing Packages/com.unity.shadergraph/Editor/Drawing/Manipulators using Guid(abc41fae76b14617ae2f7d38d3ebef3a) Importer(2089858483,b0f066a214c2f5e87bad3c948f4d605d) (ScriptedImporter) -> (artifact id: 'ac87685f13bdaa2667a52c0187463157') in 0.002397584 seconds
Number of updated asset objects reloaded before import = 0Number of asset objects unloaded after import = 1

========================================================================
Received Import Request.
  Time since last request: 0.000060 seconds.
  path: Packages/com.unity.inputsystem/InputSystem/Editor/Plugins
  artifactKey: Guid(9264bbaac8fbe403b987d9584bb1ffc5) Importer(2089858483,b0f066a214c2f5e87bad3c948f4d605d)
Start importing Packages/com.unity.inputsystem/InputSystem/Editor/Plugins using Guid(9264bbaac8fbe403b987d9584bb1ffc5) Importer(2089858483,b0f066a214c2f5e87bad3c948f4d605d) (ScriptedImporter) -> (artifact id: 'eb23626f4210e8275c7a7bc71400f939') in 0.002293375 seconds
Number of updated asset objects reloaded before import = 0Number of asset objects unloaded after import = 1

========================================================================
Received Import Request.
  Time since last request: 0.000051 seconds.
  path: Packages/com.unity.visualscripting/Editor/VisualScripting.Core/Plugin/Changelogs
  artifactKey: Guid(e99ef42f2dc664abaa33403d1979699a) Importer(2089858483,b0f066a214c2f5e87bad3c948f4d605d)
Start importing Packages/com.unity.visualscripting/Editor/VisualScripting.Core/Plugin/Changelogs using Guid(e99ef42f2dc664abaa33403d1979699a) Importer(2089858483,b0f066a214c2f5e87bad3c948f4d605d) (ScriptedImporter) -> (artifact id: 'bd00784eb0823d70f46bfa399f8c02c9') in 0.002195167 seconds
Number of updated asset objects reloaded before import = 0Number of asset objects unloaded after import = 1

========================================================================
Received Import Request.
  Time since last request: 0.000071 seconds.
  path: Packages/com.unity.render-pipelines.universal/Tests/Editor/Tools/Converters
  artifactKey: Guid(4b117ddec9feb0445a5b1ff958fd1399) Importer(2089858483,b0f066a214c2f5e87bad3c948f4d605d)
Start importing Packages/com.unity.render-pipelines.universal/Tests/Editor/Tools/Converters using Guid(4b117ddec9feb0445a5b1ff958fd1399) Importer(2089858483,b0f066a214c2f5e87bad3c948f4d605d) (ScriptedImporter) -> (artifact id: '41baca20a7bd0ddaa069a934b87b44bd') in 0.002405208 seconds
Number of updated asset objects reloaded before import = 0Number of asset objects unloaded after import = 1

========================================================================
Received Import Request.
  Time since last request: 0.000064 seconds.
  path: Packages/com.unity.collab-proxy/Editor/Views/BranchExplorer/Menu
  artifactKey: Guid(4198868b7a6f4b29aee31bc2cd593c1e) Importer(2089858483,b0f066a214c2f5e87bad3c948f4d605d)
Start importing Packages/com.unity.collab-proxy/Editor/Views/BranchExplorer/Menu using Guid(4198868b7a6f4b29aee31bc2cd593c1e) Importer(2089858483,b0f066a214c2f5e87bad3c948f4d605d) (ScriptedImporter) -> (artifact id: '50b1ee533c08e49ffab27a1a9c81d168') in 0.00206225 seconds
Number of updated asset objects reloaded before import = 0Number of asset objects unloaded after import = 1

========================================================================
Received Import Request.
  Time since last request: 0.000442 seconds.
  path: Packages/com.unity.2d.tooling/Editor/Insider/Interface
  artifactKey: Guid(ab05c3c3115344159b0092fc15154cbb) Importer(2089858483,b0f066a214c2f5e87bad3c948f4d605d)
Start importing Packages/com.unity.2d.tooling/Editor/Insider/Interface using Guid(ab05c3c3115344159b0092fc15154cbb) Importer(2089858483,b0f066a214c2f5e87bad3c948f4d605d) (ScriptedImporter) -> (artifact id: '8a9d9a25fe2f485b9ebb92e783d778f8') in 0.002409125 seconds
Number of updated asset objects reloaded before import = 0Number of asset objects unloaded after import = 1

========================================================================
Received Import Request.
  Time since last request: 0.000055 seconds.
  path: Packages/com.unity.shadergraph/Editor/Generation/Templates
  artifactKey: Guid(52f964a4069524b47bd98441cad69cd3) Importer(2089858483,b0f066a214c2f5e87bad3c948f4d605d)
Start importing Packages/com.unity.shadergraph/Editor/Generation/Templates using Guid(52f964a4069524b47bd98441cad69cd3) Importer(2089858483,b0f066a214c2f5e87bad3c948f4d605d) (ScriptedImporter) -> (artifact id: '4ebf16224c52e91f3d67bbd4945278bf') in 0.002302917 seconds
Number of updated asset objects reloaded before import = 0Number of asset objects unloaded after import = 1

========================================================================
Received Import Request.
  Time since last request: 0.000044 seconds.
  path: Packages/com.unity.timeline/Editor
  artifactKey: Guid(9b4f21acd14fdd445b37b76f6587539e) Importer(2089858483,b0f066a214c2f5e87bad3c948f4d605d)
Start importing Packages/com.unity.timeline/Editor using Guid(9b4f21acd14fdd445b37b76f6587539e) Importer(2089858483,b0f066a214c2f5e87bad3c948f4d605d) (ScriptedImporter) -> (artifact id: '16eae3a974ac23490f140a3c3500d37a') in 0.002189958 seconds
Number of updated asset objects reloaded before import = 0Number of asset objects unloaded after import = 1

========================================================================
Received Import Request.
  Time since last request: 0.000054 seconds.
  path: Packages/com.unity.ugui/Tests/Runtime/UGUI/Dropdown
  artifactKey: Guid(bae197be297529d4fa735fbe7c91828d) Importer(2089858483,b0f066a214c2f5e87bad3c948f4d605d)
Start importing Packages/com.unity.ugui/Tests/Runtime/UGUI/Dropdown using Guid(bae197be297529d4fa735fbe7c91828d) Importer(2089858483,b0f066a214c2f5e87bad3c948f4d605d) (ScriptedImporter) -> (artifact id: '7b998b37513a4c751e39f29c915fa3f7') in 0.00229925 seconds
Number of updated asset objects reloaded before import = 0Number of asset objects unloaded after import = 1

========================================================================
Received Import Request.
  Time since last request: 0.000062 seconds.
  path: Packages/com.unity.2d.tilemap/Editor/Icons
  artifactKey: Guid(0c19e7bd28bccf048b5791c40449c452) Importer(2089858483,b0f066a214c2f5e87bad3c948f4d605d)
Start importing Packages/com.unity.2d.tilemap/Editor/Icons using Guid(0c19e7bd28bccf048b5791c40449c452) Importer(2089858483,b0f066a214c2f5e87bad3c948f4d605d) (ScriptedImporter) -> (artifact id: 'a844ebb44fdd97776a907a91c39435b6') in 0.002251834 seconds
Number of updated asset objects reloaded before import = 0Number of asset objects unloaded after import = 1

========================================================================
Received Import Request.
  Time since last request: 0.000048 seconds.
  path: Packages/com.unity.collab-proxy/Editor/Inspector/Properties
  artifactKey: Guid(f48aeec177c14cf185016d8add57e69f) Importer(2089858483,b0f066a214c2f5e87bad3c948f4d605d)
Start importing Packages/com.unity.collab-proxy/Editor/Inspector/Properties using Guid(f48aeec177c14cf185016d8add57e69f) Importer(2089858483,b0f066a214c2f5e87bad3c948f4d605d) (ScriptedImporter) -> (artifact id: '18f507d49355c8a57dec1a629f6678a2') in 0.002114209 seconds
Number of updated asset objects reloaded before import = 0Number of asset objects unloaded after import = 1

========================================================================
Received Import Request.
  Time since last request: 0.000060 seconds.
  path: Packages/com.unity.2d.spriteshape
  artifactKey: Guid(3c67305ad98f5e77357abcfe9a3ad0bf) Importer(2089858483,b0f066a214c2f5e87bad3c948f4d605d)
Start importing Packages/com.unity.2d.spriteshape using Guid(3c67305ad98f5e77357abcfe9a3ad0bf) Importer(2089858483,b0f066a214c2f5e87bad3c948f4d605d) (ScriptedImporter) -> (artifact id: 'fe2bc123163ba3dd069ee0da67381206') in 0.002026875 seconds
Number of updated asset objects reloaded before import = 0Number of asset objects unloaded after import = 1

========================================================================
Received Import Request.
  Time since last request: 0.000048 seconds.
  path: Packages/com.unity.visualscripting/Runtime/VisualScripting.Flow/Framework/Events/Application
  artifactKey: Guid(cd8236ae45f864b36b81fcc375c82fd6) Importer(2089858483,b0f066a214c2f5e87bad3c948f4d605d)
Start importing Packages/com.unity.visualscripting/Runtime/VisualScripting.Flow/Framework/Events/Application using Guid(cd8236ae45f864b36b81fcc375c82fd6) Importer(2089858483,b0f066a214c2f5e87bad3c948f4d605d) (ScriptedImporter) -> (artifact id: 'f15193d0724fa7bd3fb44db358df2f6c') in 0.002181417 seconds
Number of updated asset objects reloaded before import = 0Number of asset objects unloaded after import = 1

========================================================================
Received Import Request.
  Time since last request: 0.000058 seconds.
  path: Packages/com.unity.collab-proxy/Editor/Views/BranchExplorer
  artifactKey: Guid(96fe449559fb4e1995ab8503958a61ed) Importer(2089858483,b0f066a214c2f5e87bad3c948f4d605d)
Start importing Packages/com.unity.collab-proxy/Editor/Views/BranchExplorer using Guid(96fe449559fb4e1995ab8503958a61ed) Importer(2089858483,b0f066a214c2f5e87bad3c948f4d605d) (ScriptedImporter) -> (artifact id: '3ce3d800e2af0e3fb0e70fb3a26f4dee') in 0.002252833 seconds
Number of updated asset objects reloaded before import = 0Number of asset objects unloaded after import = 1

========================================================================
Received Import Request.
  Time since last request: 0.000054 seconds.
  path: Packages/com.unity.render-pipelines.universal/Runtime/RendererFeatures
  artifactKey: Guid(59f4a1dd196fd452b987160cea576038) Importer(2089858483,b0f066a214c2f5e87bad3c948f4d605d)
Start importing Packages/com.unity.render-pipelines.universal/Runtime/RendererFeatures using Guid(59f4a1dd196fd452b987160cea576038) Importer(2089858483,b0f066a214c2f5e87bad3c948f4d605d) (ScriptedImporter) -> (artifact id: '3688b79ac34f3781f7cb61d175cbd8f7') in 0.00223025 seconds
Number of updated asset objects reloaded before import = 0Number of asset objects unloaded after import = 1

========================================================================
Received Import Request.
  Time since last request: 0.000097 seconds.
  path: Packages/com.unity.burst
  artifactKey: Guid(2db9b03aaf3d8754fea6aa2648512f8c) Importer(2089858483,b0f066a214c2f5e87bad3c948f4d605d)
Start importing Packages/com.unity.burst using Guid(2db9b03aaf3d8754fea6aa2648512f8c) Importer(2089858483,b0f066a214c2f5e87bad3c948f4d605d) (ScriptedImporter) -> (artifact id: 'f62a7ec4baa696c9f162509506a337d0') in 0.002154666 seconds
Number of updated asset objects reloaded before import = 0Number of asset objects unloaded after import = 1

========================================================================
Received Import Request.
  Time since last request: 0.000056 seconds.
  path: Packages/com.unity.collab-proxy/Editor/Views/BranchExplorer/Game
  artifactKey: Guid(55c9ef176d464ba492d271e2b2c6cef1) Importer(2089858483,b0f066a214c2f5e87bad3c948f4d605d)
Start importing Packages/com.unity.collab-proxy/Editor/Views/BranchExplorer/Game using Guid(55c9ef176d464ba492d271e2b2c6cef1) Importer(2089858483,b0f066a214c2f5e87bad3c948f4d605d) (ScriptedImporter) -> (artifact id: 'de69d9721b598dce737c1acf15773e49') in 0.002258958 seconds
Number of updated asset objects reloaded before import = 0Number of asset objects unloaded after import = 1

========================================================================
Received Import Request.
  Time since last request: 0.000049 seconds.
  path: Packages/com.unity.render-pipelines.universal/Editor/Decal
  artifactKey: Guid(9637be18b7c929f40911e6e4371a8218) Importer(2089858483,b0f066a214c2f5e87bad3c948f4d605d)
Start importing Packages/com.unity.render-pipelines.universal/Editor/Decal using Guid(9637be18b7c929f40911e6e4371a8218) Importer(2089858483,b0f066a214c2f5e87bad3c948f4d605d) (ScriptedImporter) -> (artifact id: 'a66f1b84019492884aa372e889b02af0') in 0.00260425 seconds
Number of updated asset objects reloaded before import = 0Number of asset objects unloaded after import = 1

========================================================================
Received Import Request.
  Time since last request: 0.000075 seconds.
  path: Packages/com.unity.collab-proxy/Editor/UI/UIElements
  artifactKey: Guid(2e69b76b513515641800b4ffad031ae8) Importer(2089858483,b0f066a214c2f5e87bad3c948f4d605d)
Start importing Packages/com.unity.collab-proxy/Editor/UI/UIElements using Guid(2e69b76b513515641800b4ffad031ae8) Importer(2089858483,b0f066a214c2f5e87bad3c948f4d605d) (ScriptedImporter) -> (artifact id: '7922b1fb74ea9e9a94ba1122e81e52a2') in 0.001865708 seconds
Number of updated asset objects reloaded before import = 0Number of asset objects unloaded after import = 1

========================================================================
Received Import Request.
  Time since last request: 0.000156 seconds.
  path: Packages/com.unity.render-pipelines.core/Editor/Tools
  artifactKey: Guid(983c27c4e607ff143aea413ddb18548f) Importer(2089858483,b0f066a214c2f5e87bad3c948f4d605d)
Start importing Packages/com.unity.render-pipelines.core/Editor/Tools using Guid(983c27c4e607ff143aea413ddb18548f) Importer(2089858483,b0f066a214c2f5e87bad3c948f4d605d) (ScriptedImporter) -> (artifact id: '2cb6683f174a6636fb1dad61d6b857cb') in 0.002602041 seconds
Number of updated asset objects reloaded before import = 0Number of asset objects unloaded after import = 1

========================================================================
Received Import Request.
  Time since last request: 0.000052 seconds.
  path: Packages/com.unity.shadergraph/Editor/Generation/Targets/Fullscreen
  artifactKey: Guid(b08719eeefb3f464f9c08fa512667b40) Importer(2089858483,b0f066a214c2f5e87bad3c948f4d605d)
Start importing Packages/com.unity.shadergraph/Editor/Generation/Targets/Fullscreen using Guid(b08719eeefb3f464f9c08fa512667b40) Importer(2089858483,b0f066a214c2f5e87bad3c948f4d605d) (ScriptedImporter) -> (artifact id: 'dc9a23ad5fccd60d7556b211a4d4b98a') in 0.002401125 seconds
Number of updated asset objects reloaded before import = 0Number of asset objects unloaded after import = 1

========================================================================
Received Import Request.
  Time since last request: 0.000078 seconds.
  path: Packages/com.unity.visualscripting/Editor/VisualScripting.State/Plugin/Changelogs
  artifactKey: Guid(ac1f64ab829894a92a9a4727bbee1721) Importer(2089858483,b0f066a214c2f5e87bad3c948f4d605d)
Start importing Packages/com.unity.visualscripting/Editor/VisualScripting.State/Plugin/Changelogs using Guid(ac1f64ab829894a92a9a4727bbee1721) Importer(2089858483,b0f066a214c2f5e87bad3c948f4d605d) (ScriptedImporter) -> (artifact id: '0c3dc84add90fa765e660d7f691ce7f0') in 0.002220833 seconds
Number of updated asset objects reloaded before import = 0Number of asset objects unloaded after import = 1

========================================================================
Received Import Request.
  Time since last request: 0.000057 seconds.
  path: Packages/com.unity.2d.animation/Editor/LayoutOverlay
  artifactKey: Guid(5806d81149b303c46b440badec89bf56) Importer(2089858483,b0f066a214c2f5e87bad3c948f4d605d)
Start importing Packages/com.unity.2d.animation/Editor/LayoutOverlay using Guid(5806d81149b303c46b440badec89bf56) Importer(2089858483,b0f066a214c2f5e87bad3c948f4d605d) (ScriptedImporter) -> (artifact id: '26f1a554fd97197857d58383a6575ca2') in 0.00250025 seconds
Number of updated asset objects reloaded before import = 0Number of asset objects unloaded after import = 1

========================================================================
Received Import Request.
  Time since last request: 0.000043 seconds.
  path: Packages/com.unity.visualscripting/Runtime/VisualScripting.Core/Reflection/Operators
  artifactKey: Guid(752758c2ce0fa4f74b80a07dc04cf745) Importer(2089858483,b0f066a214c2f5e87bad3c948f4d605d)
Start importing Packages/com.unity.visualscripting/Runtime/VisualScripting.Core/Reflection/Operators using Guid(752758c2ce0fa4f74b80a07dc04cf745) Importer(2089858483,b0f066a214c2f5e87bad3c948f4d605d) (ScriptedImporter) -> (artifact id: '8012493764dad54fef70629785f1b75c') in 0.003925333 seconds
Number of updated asset objects reloaded before import = 0Number of asset objects unloaded after import = 1

========================================================================
Received Import Request.
  Time since last request: 0.000041 seconds.
  path: Packages/com.unity.2d.aseprite/Editor/AssetGeneration
  artifactKey: Guid(1daa661d81a949cba846ca6b20d4bdbb) Importer(2089858483,b0f066a214c2f5e87bad3c948f4d605d)
Start importing Packages/com.unity.2d.aseprite/Editor/AssetGeneration using Guid(1daa661d81a949cba846ca6b20d4bdbb) Importer(2089858483,b0f066a214c2f5e87bad3c948f4d605d) (ScriptedImporter) -> (artifact id: 'c3b49d0d606124edbd3f47d80c69bc0d') in 0.001808542 seconds
Number of updated asset objects reloaded before import = 0Number of asset objects unloaded after import = 1

========================================================================
Received Import Request.
  Time since last request: 0.000061 seconds.
  path: Packages/com.unity.visualscripting/Runtime/VisualScripting.Flow/Properties
  artifactKey: Guid(ef5697524b86f4f7f8c36bbf4a83d9db) Importer(2089858483,b0f066a214c2f5e87bad3c948f4d605d)
Start importing Packages/com.unity.visualscripting/Runtime/VisualScripting.Flow/Properties using Guid(ef5697524b86f4f7f8c36bbf4a83d9db) Importer(2089858483,b0f066a214c2f5e87bad3c948f4d605d) (ScriptedImporter) -> (artifact id: '8544f0f2fc380c676c2af571f317c0cc') in 0.002312 seconds
Number of updated asset objects reloaded before import = 0Number of asset objects unloaded after import = 1

========================================================================
Received Import Request.
  Time since last request: 0.000063 seconds.
  path: Packages/com.unity.shadergraph/Editor/Data/Nodes/Input/Lighting
  artifactKey: Guid(401863ee77eb66240b3581283427644d) Importer(2089858483,b0f066a214c2f5e87bad3c948f4d605d)
Start importing Packages/com.unity.shadergraph/Editor/Data/Nodes/Input/Lighting using Guid(401863ee77eb66240b3581283427644d) Importer(2089858483,b0f066a214c2f5e87bad3c948f4d605d) (ScriptedImporter) -> (artifact id: 'cb557aa8a74c527dd2cf4027f0dc5e69') in 0.002343875 seconds
Number of updated asset objects reloaded before import = 0Number of asset objects unloaded after import = 1

========================================================================
Received Import Request.
  Time since last request: 0.000052 seconds.
  path: Packages/com.unity.ugui/Runtime/UGUI/EventSystem/Raycasters
  artifactKey: Guid(46646a5562f14984690c85ee7b946bc9) Importer(2089858483,b0f066a214c2f5e87bad3c948f4d605d)
Start importing Packages/com.unity.ugui/Runtime/UGUI/EventSystem/Raycasters using Guid(46646a5562f14984690c85ee7b946bc9) Importer(2089858483,b0f066a214c2f5e87bad3c948f4d605d) (ScriptedImporter) -> (artifact id: '7a4be30d61ef4ff97bc13212e9a1dea7') in 0.00219325 seconds
Number of updated asset objects reloaded before import = 0Number of asset objects unloaded after import = 1

========================================================================
Received Import Request.
  Time since last request: 0.000045 seconds.
  path: Packages/com.unity.timeline/Runtime
  artifactKey: Guid(efcf753a96a07b24dbe5f23a8ad5963d) Importer(2089858483,b0f066a214c2f5e87bad3c948f4d605d)
Start importing Packages/com.unity.timeline/Runtime using Guid(efcf753a96a07b24dbe5f23a8ad5963d) Importer(2089858483,b0f066a214c2f5e87bad3c948f4d605d) (ScriptedImporter) -> (artifact id: '9ad69a05e1e73fa1f94d9a1003143d54') in 0.00217725 seconds
Number of updated asset objects reloaded before import = 0Number of asset objects unloaded after import = 1

========================================================================
Received Import Request.
  Time since last request: 0.000047 seconds.
  path: Packages/com.unity.collab-proxy/Editor/_Deprecated/UI
  artifactKey: Guid(ba39339000b3414c8fd14964ae548fc6) Importer(2089858483,b0f066a214c2f5e87bad3c948f4d605d)
Start importing Packages/com.unity.collab-proxy/Editor/_Deprecated/UI using Guid(ba39339000b3414c8fd14964ae548fc6) Importer(2089858483,b0f066a214c2f5e87bad3c948f4d605d) (ScriptedImporter) -> (artifact id: '68e0df739c48ac944e27ec31d71717bd') in 0.002388958 seconds
Number of updated asset objects reloaded before import = 0Number of asset objects unloaded after import = 1

========================================================================
Received Import Request.
  Time since last request: 0.000094 seconds.
  path: Packages/com.unity.render-pipelines.universal/Editor/2D/Overrides
  artifactKey: Guid(c96a8adc325df8544ae548396468a961) Importer(2089858483,b0f066a214c2f5e87bad3c948f4d605d)
Start importing Packages/com.unity.render-pipelines.universal/Editor/2D/Overrides using Guid(c96a8adc325df8544ae548396468a961) Importer(2089858483,b0f066a214c2f5e87bad3c948f4d605d) (ScriptedImporter) -> (artifact id: '1d0d6ab8266f5a074d51546d3e935986') in 0.002357791 seconds
Number of updated asset objects reloaded before import = 0Number of asset objects unloaded after import = 1

========================================================================
Received Import Request.
  Time since last request: 0.000049 seconds.
  path: Packages/com.unity.render-pipelines.core/ShaderLibrary/Shadow
  artifactKey: Guid(d52d6e1ad3dca474ebd73d054d17fb2e) Importer(2089858483,b0f066a214c2f5e87bad3c948f4d605d)
Start importing Packages/com.unity.render-pipelines.core/ShaderLibrary/Shadow using Guid(d52d6e1ad3dca474ebd73d054d17fb2e) Importer(2089858483,b0f066a214c2f5e87bad3c948f4d605d) (ScriptedImporter) -> (artifact id: '00194ba6aeca7087a1875068845b533d') in 0.002295792 seconds
Number of updated asset objects reloaded before import = 0Number of asset objects unloaded after import = 1

========================================================================
Received Import Request.
  Time since last request: 0.000046 seconds.
  path: Packages/com.unity.collab-proxy/Editor/CodeEditor/Platform
  artifactKey: Guid(d49c3524d0bc49cd9c3b7c051262d302) Importer(2089858483,b0f066a214c2f5e87bad3c948f4d605d)
Start importing Packages/com.unity.collab-proxy/Editor/CodeEditor/Platform using Guid(d49c3524d0bc49cd9c3b7c051262d302) Importer(2089858483,b0f066a214c2f5e87bad3c948f4d605d) (ScriptedImporter) -> (artifact id: '250b85f75533a4e12ade5f177cf42dc7') in 0.003737791 seconds
Number of updated asset objects reloaded before import = 0Number of asset objects unloaded after import = 1

========================================================================
Received Import Request.
  Time since last request: 0.000055 seconds.
  path: Packages/com.unity.2d.psdimporter/Editor/Assets/Icons/Selected
  artifactKey: Guid(de89e38f975b648ee8a3157737d2e442) Importer(2089858483,b0f066a214c2f5e87bad3c948f4d605d)
Start importing Packages/com.unity.2d.psdimporter/Editor/Assets/Icons/Selected using Guid(de89e38f975b648ee8a3157737d2e442) Importer(2089858483,b0f066a214c2f5e87bad3c948f4d605d) (ScriptedImporter) -> (artifact id: '989873cd012a4e386b1c23bda529e2aa') in 0.001960625 seconds
Number of updated asset objects reloaded before import = 0Number of asset objects unloaded after import = 1

========================================================================
Received Import Request.
  Time since last request: 0.000056 seconds.
  path: Packages/com.unity.visualscripting/Runtime/VisualScripting.Core/Graphs
  artifactKey: Guid(9abfb8ae46ac648828db54fc974422c4) Importer(2089858483,b0f066a214c2f5e87bad3c948f4d605d)
Start importing Packages/com.unity.visualscripting/Runtime/VisualScripting.Core/Graphs using Guid(9abfb8ae46ac648828db54fc974422c4) Importer(2089858483,b0f066a214c2f5e87bad3c948f4d605d) (ScriptedImporter) -> (artifact id: '1f8101eaf0ed8d8420ae7a50059975b8') in 0.007600708 seconds
Number of updated asset objects reloaded before import = 0Number of asset objects unloaded after import = 1

========================================================================
Received Import Request.
  Time since last request: 0.000059 seconds.
  path: Packages/com.unity.collab-proxy/Editor/CloudDrive/Workspaces/Tree
  artifactKey: Guid(4bf7a307054547ce958185ee96f94aed) Importer(2089858483,b0f066a214c2f5e87bad3c948f4d605d)
Start importing Packages/com.unity.collab-proxy/Editor/CloudDrive/Workspaces/Tree using Guid(4bf7a307054547ce958185ee96f94aed) Importer(2089858483,b0f066a214c2f5e87bad3c948f4d605d) (ScriptedImporter) -> (artifact id: 'f5f32afea39248abe2bb371cc044e269') in 0.002557709 seconds
Number of updated asset objects reloaded before import = 0Number of asset objects unloaded after import = 1

========================================================================
Received Import Request.
  Time since last request: 0.000081 seconds.
  path: Packages/com.unity.collab-proxy/Editor/CodeEditor/Indentation
  artifactKey: Guid(f89400ea8aa3d44cda6b09aa0518a1eb) Importer(2089858483,b0f066a214c2f5e87bad3c948f4d605d)
Start importing Packages/com.unity.collab-proxy/Editor/CodeEditor/Indentation using Guid(f89400ea8aa3d44cda6b09aa0518a1eb) Importer(2089858483,b0f066a214c2f5e87bad3c948f4d605d) (ScriptedImporter) -> (artifact id: '76605729fa021d94f6b4d56c9e7c6bfa') in 0.002353625 seconds
Number of updated asset objects reloaded before import = 0Number of asset objects unloaded after import = 1

========================================================================
Received Import Request.
  Time since last request: 0.000059 seconds.
  path: Packages/com.unity.visualscripting/Runtime/VisualScripting.Core/EditorBinding
  artifactKey: Guid(1a7b8e58e4e8f4db380c43b8f05eb2f9) Importer(2089858483,b0f066a214c2f5e87bad3c948f4d605d)
Start importing Packages/com.unity.visualscripting/Runtime/VisualScripting.Core/EditorBinding using Guid(1a7b8e58e4e8f4db380c43b8f05eb2f9) Importer(2089858483,b0f066a214c2f5e87bad3c948f4d605d) (ScriptedImporter) -> (artifact id: '5cbc0dc9f0574753e7f8ba11e5949416') in 0.002230625 seconds
Number of updated asset objects reloaded before import = 0Number of asset objects unloaded after import = 1

========================================================================
Received Import Request.
  Time since last request: 0.000038 seconds.
  path: Packages/com.unity.test-framework/UnityEditor.TestRunner/Api/Analytics
  artifactKey: Guid(891bb6b9f5094c36b59c3788e21c8213) Importer(2089858483,b0f066a214c2f5e87bad3c948f4d605d)
Start importing Packages/com.unity.test-framework/UnityEditor.TestRunner/Api/Analytics using Guid(891bb6b9f5094c36b59c3788e21c8213) Importer(2089858483,b0f066a214c2f5e87bad3c948f4d605d) (ScriptedImporter) -> (artifact id: 'b175d72ac82030cc873e5b825b4f8a23') in 0.002400917 seconds
Number of updated asset objects reloaded before import = 0Number of asset objects unloaded after import = 1

========================================================================
Received Import Request.
  Time since last request: 0.000111 seconds.
  path: Packages/com.unity.test-framework/UnityEngine.TestRunner/Utils/AssemblyProvider
  artifactKey: Guid(51557afa652635743b264a309f0a5c60) Importer(2089858483,b0f066a214c2f5e87bad3c948f4d605d)
Start importing Packages/com.unity.test-framework/UnityEngine.TestRunner/Utils/AssemblyProvider using Guid(51557afa652635743b264a309f0a5c60) Importer(2089858483,b0f066a214c2f5e87bad3c948f4d605d) (ScriptedImporter) -> (artifact id: 'd85c6ec88a4c4a2b971906b0a9817a14') in 0.002244083 seconds
Number of updated asset objects reloaded before import = 0Number of asset objects unloaded after import = 1

========================================================================
Received Import Request.
  Time since last request: 0.000042 seconds.
  path: Packages/com.unity.2d.tooling
  artifactKey: Guid(8c8b455382cbafee75649b39385e4b42) Importer(2089858483,b0f066a214c2f5e87bad3c948f4d605d)
Start importing Packages/com.unity.2d.tooling using Guid(8c8b455382cbafee75649b39385e4b42) Importer(2089858483,b0f066a214c2f5e87bad3c948f4d605d) (ScriptedImporter) -> (artifact id: 'f6eaab8c91e32d7f30b81bea6aa21d7e') in 0.002156 seconds
Number of updated asset objects reloaded before import = 0Number of asset objects unloaded after import = 1

========================================================================
Received Import Request.
  Time since last request: 0.000045 seconds.
  path: Packages/com.unity.render-pipelines.universal/Runtime/VFXGraph/Shaders
  artifactKey: Guid(424d16c89244f3e4685b81926e90cb4b) Importer(2089858483,b0f066a214c2f5e87bad3c948f4d605d)
Start importing Packages/com.unity.render-pipelines.universal/Runtime/VFXGraph/Shaders using Guid(424d16c89244f3e4685b81926e90cb4b) Importer(2089858483,b0f066a214c2f5e87bad3c948f4d605d) (ScriptedImporter) -> (artifact id: 'c7f0c9a198169828528d9fc21ecc8a71') in 0.002517375 seconds
Number of updated asset objects reloaded before import = 0Number of asset objects unloaded after import = 1

========================================================================
Received Import Request.
  Time since last request: 0.000045 seconds.
  path: Packages/com.unity.timeline/Editor/inspectors/ClipInspector
  artifactKey: Guid(f68c7f7359094f045930a108c444e7a4) Importer(2089858483,b0f066a214c2f5e87bad3c948f4d605d)
Start importing Packages/com.unity.timeline/Editor/inspectors/ClipInspector using Guid(f68c7f7359094f045930a108c444e7a4) Importer(2089858483,b0f066a214c2f5e87bad3c948f4d605d) (ScriptedImporter) -> (artifact id: '2539c479723d40d26dc76599caef171c') in 0.002339917 seconds
Number of updated asset objects reloaded before import = 0Number of asset objects unloaded after import = 1

========================================================================
Received Import Request.
  Time since last request: 0.000093 seconds.
  path: Packages/com.unity.inputsystem/InputSystem/Runtime/Actions/Composites
  artifactKey: Guid(6adbf65a53ff9b04990c2116b3e4d5b7) Importer(2089858483,b0f066a214c2f5e87bad3c948f4d605d)
Start importing Packages/com.unity.inputsystem/InputSystem/Runtime/Actions/Composites using Guid(6adbf65a53ff9b04990c2116b3e4d5b7) Importer(2089858483,b0f066a214c2f5e87bad3c948f4d605d) (ScriptedImporter) -> (artifact id: '4d555b9bae7a40084e30f27670737a81') in 0.002359125 seconds
Number of updated asset objects reloaded before import = 0Number of asset objects unloaded after import = 1

========================================================================
Received Import Request.
  Time since last request: 0.000089 seconds.
  path: Packages/com.unity.test-framework/UnityEditor.TestRunner/TestRunner
  artifactKey: Guid(49d4c2ab7ff0f4442af256bad7c9d57c) Importer(2089858483,b0f066a214c2f5e87bad3c948f4d605d)
Start importing Packages/com.unity.test-framework/UnityEditor.TestRunner/TestRunner using Guid(49d4c2ab7ff0f4442af256bad7c9d57c) Importer(2089858483,b0f066a214c2f5e87bad3c948f4d605d) (ScriptedImporter) -> (artifact id: 'af1456d53ad8c82102e123919b19a739') in 0.002731084 seconds
Number of updated asset objects reloaded before import = 0Number of asset objects unloaded after import = 1

========================================================================
Received Import Request.
  Time since last request: 0.000184 seconds.
  path: Packages/com.unity.inputsystem/InputSystem/Runtime/Devices
  artifactKey: Guid(abbbcd5cf6184b818eaa56c5778a4110) Importer(2089858483,b0f066a214c2f5e87bad3c948f4d605d)
Start importing Packages/com.unity.inputsystem/InputSystem/Runtime/Devices using Guid(abbbcd5cf6184b818eaa56c5778a4110) Importer(2089858483,b0f066a214c2f5e87bad3c948f4d605d) (ScriptedImporter) -> (artifact id: '73dd661bdd5638e99d1901fa8d03ea22') in 0.002367416 seconds
Number of updated asset objects reloaded before import = 0Number of asset objects unloaded after import = 1

========================================================================
Received Import Request.
  Time since last request: 0.000049 seconds.
  path: Packages/com.unity.shadergraph/Editor/Generation/Targets/Canvas/AssetCallbacks
  artifactKey: Guid(094f15b4a6654154bb5755294694cb46) Importer(2089858483,b0f066a214c2f5e87bad3c948f4d605d)
Start importing Packages/com.unity.shadergraph/Editor/Generation/Targets/Canvas/AssetCallbacks using Guid(094f15b4a6654154bb5755294694cb46) Importer(2089858483,b0f066a214c2f5e87bad3c948f4d605d) (ScriptedImporter) -> (artifact id: '1ebe00fe944b6b30efe45753243beb50') in 0.003559208 seconds
Number of updated asset objects reloaded before import = 0Number of asset objects unloaded after import = 1

========================================================================
Received Import Request.
  Time since last request: 0.000053 seconds.
  path: Packages/com.unity.visualscripting/Runtime/VisualScripting.State/Framework
  artifactKey: Guid(e7f4f3642c70f4650b86c2d023e47c3b) Importer(2089858483,b0f066a214c2f5e87bad3c948f4d605d)
Start importing Packages/com.unity.visualscripting/Runtime/VisualScripting.State/Framework using Guid(e7f4f3642c70f4650b86c2d023e47c3b) Importer(2089858483,b0f066a214c2f5e87bad3c948f4d605d) (ScriptedImporter) -> (artifact id: '15976ce09cbc684b6fb0e17485710da1') in 0.002359167 seconds
Number of updated asset objects reloaded before import = 0Number of asset objects unloaded after import = 1

========================================================================
Received Import Request.
  Time since last request: 0.000059 seconds.
  path: Packages/com.unity.2d.animation/Editor/LayoutOverlay/Manipulators
  artifactKey: Guid(8356cf4cb497279418c30e5fcdfe82b8) Importer(2089858483,b0f066a214c2f5e87bad3c948f4d605d)
Start importing Packages/com.unity.2d.animation/Editor/LayoutOverlay/Manipulators using Guid(8356cf4cb497279418c30e5fcdfe82b8) Importer(2089858483,b0f066a214c2f5e87bad3c948f4d605d) (ScriptedImporter) -> (artifact id: 'b35c71270cac3dbb7f6eede2a1f9949e') in 0.0022065 seconds
Number of updated asset objects reloaded before import = 0Number of asset objects unloaded after import = 1

========================================================================
Received Import Request.
  Time since last request: 0.000077 seconds.
  path: Packages/com.unity.visualscripting/Runtime/VisualScripting.Flow/Framework/Events/Lifecycle
  artifactKey: Guid(4ea96049b8b3649878bcff741aada9df) Importer(2089858483,b0f066a214c2f5e87bad3c948f4d605d)
Start importing Packages/com.unity.visualscripting/Runtime/VisualScripting.Flow/Framework/Events/Lifecycle using Guid(4ea96049b8b3649878bcff741aada9df) Importer(2089858483,b0f066a214c2f5e87bad3c948f4d605d) (ScriptedImporter) -> (artifact id: '92521031e2bcdce736780bc1c891e958') in 0.00236025 seconds
Number of updated asset objects reloaded before import = 0Number of asset objects unloaded after import = 1

========================================================================
Received Import Request.
  Time since last request: 0.000062 seconds.
  path: Packages/com.unity.2d.tooling/Editor/Insider/SpriteAtlas/SpriteAtlasIssueReport/SpriteWithSecondaryTextureIssue
  artifactKey: Guid(780611c6697e4f4f9df4c2880d8ec610) Importer(2089858483,b0f066a214c2f5e87bad3c948f4d605d)
Start importing Packages/com.unity.2d.tooling/Editor/Insider/SpriteAtlas/SpriteAtlasIssueReport/SpriteWithSecondaryTextureIssue using Guid(780611c6697e4f4f9df4c2880d8ec610) Importer(2089858483,b0f066a214c2f5e87bad3c948f4d605d) (ScriptedImporter) -> (artifact id: '901934c5919563f0656a6e0a622e1967') in 0.002392542 seconds
Number of updated asset objects reloaded before import = 0Number of asset objects unloaded after import = 1

========================================================================
Received Import Request.
  Time since last request: 0.000058 seconds.
  path: Packages/com.unity.timeline/Runtime/Evaluation
  artifactKey: Guid(4c6f60d349ea37048af03504fc872f33) Importer(2089858483,b0f066a214c2f5e87bad3c948f4d605d)
Start importing Packages/com.unity.timeline/Runtime/Evaluation using Guid(4c6f60d349ea37048af03504fc872f33) Importer(2089858483,b0f066a214c2f5e87bad3c948f4d605d) (ScriptedImporter) -> (artifact id: '046ca77495ed07ed097d361fd0a3238f') in 0.002276875 seconds
Number of updated asset objects reloaded before import = 0Number of asset objects unloaded after import = 1

========================================================================
Received Import Request.
  Time since last request: 0.000068 seconds.
  path: Packages/com.unity.ugui/Runtime
  artifactKey: Guid(aa14b70e6a58c5b4fa6663623e3dca91) Importer(2089858483,b0f066a214c2f5e87bad3c948f4d605d)
Start importing Packages/com.unity.ugui/Runtime using Guid(aa14b70e6a58c5b4fa6663623e3dca91) Importer(2089858483,b0f066a214c2f5e87bad3c948f4d605d) (ScriptedImporter) -> (artifact id: '90787a341ab41f61155f0f813579f6bc') in 0.002292917 seconds
Number of updated asset objects reloaded before import = 0Number of asset objects unloaded after import = 1

========================================================================
Received Import Request.
  Time since last request: 0.000144 seconds.
  path: Packages/com.unity.render-pipelines.universal/Editor/VFXGraph
  artifactKey: Guid(44a46d70e436db941b2b861eaebed089) Importer(2089858483,b0f066a214c2f5e87bad3c948f4d605d)
Start importing Packages/com.unity.render-pipelines.universal/Editor/VFXGraph using Guid(44a46d70e436db941b2b861eaebed089) Importer(2089858483,b0f066a214c2f5e87bad3c948f4d605d) (ScriptedImporter) -> (artifact id: 'ad74c1d0f0347994a6bfdb533d0e748f') in 0.003119917 seconds
Number of updated asset objects reloaded before import = 0Number of asset objects unloaded after import = 1

========================================================================
Received Import Request.
  Time since last request: 0.000134 seconds.
  path: Packages/com.unity.test-framework/UnityEngine.TestRunner/TestRunner/Messages
  artifactKey: Guid(256a0ca37fa972840bce7fca446e75e7) Importer(2089858483,b0f066a214c2f5e87bad3c948f4d605d)
Start importing Packages/com.unity.test-framework/UnityEngine.TestRunner/TestRunner/Messages using Guid(256a0ca37fa972840bce7fca446e75e7) Importer(2089858483,b0f066a214c2f5e87bad3c948f4d605d) (ScriptedImporter) -> (artifact id: '4581dfbf8ca1d2d8e41cc6adb2f7d7da') in 0.003133 seconds
Number of updated asset objects reloaded before import = 0Number of asset objects unloaded after import = 1

========================================================================
Received Import Request.
  Time since last request: 0.000065 seconds.
  path: Packages/com.unity.shadergraph/Editor/Data
  artifactKey: Guid(f56929b05da66c942ad2e3fe376346fa) Importer(2089858483,b0f066a214c2f5e87bad3c948f4d605d)
Start importing Packages/com.unity.shadergraph/Editor/Data using Guid(f56929b05da66c942ad2e3fe376346fa) Importer(2089858483,b0f066a214c2f5e87bad3c948f4d605d) (ScriptedImporter) -> (artifact id: '63179f787816409672a7947f9e838fd2') in 0.002237208 seconds
Number of updated asset objects reloaded before import = 0Number of asset objects unloaded after import = 1

========================================================================
Received Import Request.
  Time since last request: 0.000051 seconds.
  path: Packages/com.unity.inputsystem/InputSystem/Editor/Utilities
  artifactKey: Guid(cbd7102e0064b4e64be5ff61a77aba3a) Importer(2089858483,b0f066a214c2f5e87bad3c948f4d605d)
Start importing Packages/com.unity.inputsystem/InputSystem/Editor/Utilities using Guid(cbd7102e0064b4e64be5ff61a77aba3a) Importer(2089858483,b0f066a214c2f5e87bad3c948f4d605d) (ScriptedImporter) -> (artifact id: 'eba8debd45c93bafd1e2c9a8ef007e3e') in 0.002287708 seconds
Number of updated asset objects reloaded before import = 0Number of asset objects unloaded after import = 1

========================================================================
Received Import Request.
  Time since last request: 0.000043 seconds.
  path: Packages/com.unity.collab-proxy/Editor/Views/Branch/Dialogs
  artifactKey: Guid(16e16045695760047a9bd172458c5d6b) Importer(2089858483,b0f066a214c2f5e87bad3c948f4d605d)
Start importing Packages/com.unity.collab-proxy/Editor/Views/Branch/Dialogs using Guid(16e16045695760047a9bd172458c5d6b) Importer(2089858483,b0f066a214c2f5e87bad3c948f4d605d) (ScriptedImporter) -> (artifact id: '7d42415dde46da4c31a209caadd05f9e') in 0.002349083 seconds
Number of updated asset objects reloaded before import = 0Number of asset objects unloaded after import = 1

========================================================================
Received Import Request.
  Time since last request: 0.000058 seconds.
  path: Packages/com.unity.collab-proxy/Editor/Views/Diff
  artifactKey: Guid(37b5532626676e045a3b172c915e5d79) Importer(2089858483,b0f066a214c2f5e87bad3c948f4d605d)
Start importing Packages/com.unity.collab-proxy/Editor/Views/Diff using Guid(37b5532626676e045a3b172c915e5d79) Importer(2089858483,b0f066a214c2f5e87bad3c948f4d605d) (ScriptedImporter) -> (artifact id: '9280b9084d8df39cca0ba72d5c1db2f3') in 0.002245625 seconds
Number of updated asset objects reloaded before import = 0Number of asset objects unloaded after import = 1

========================================================================
Received Import Request.
  Time since last request: 0.000062 seconds.
  path: Packages/com.unity.shadergraph/ShaderGraphLibrary/Nature
  artifactKey: Guid(4cc7da0ede79c9248a9e2e96a546813d) Importer(2089858483,b0f066a214c2f5e87bad3c948f4d605d)
Start importing Packages/com.unity.shadergraph/ShaderGraphLibrary/Nature using Guid(4cc7da0ede79c9248a9e2e96a546813d) Importer(2089858483,b0f066a214c2f5e87bad3c948f4d605d) (ScriptedImporter) -> (artifact id: '35fa98f663e4a22a15a758e96cb279f1') in 0.002296791 seconds
Number of updated asset objects reloaded before import = 0Number of asset objects unloaded after import = 1

========================================================================
Received Import Request.
  Time since last request: 0.000044 seconds.
  path: Packages/com.unity.shadergraph/Editor
  artifactKey: Guid(af35822cb60c9a44cba3e3f0317ac0ac) Importer(2089858483,b0f066a214c2f5e87bad3c948f4d605d)
Start importing Packages/com.unity.shadergraph/Editor using Guid(af35822cb60c9a44cba3e3f0317ac0ac) Importer(2089858483,b0f066a214c2f5e87bad3c948f4d605d) (ScriptedImporter) -> (artifact id: 'a1cbaf3c98ef55569d9bd28a820efdff') in 0.002267334 seconds
Number of updated asset objects reloaded before import = 0Number of asset objects unloaded after import = 1

========================================================================
Received Import Request.
  Time since last request: 0.000067 seconds.
  path: Packages/com.unity.visualscripting/Runtime/VisualScripting.Flow/Framework/Events/Editor
  artifactKey: Guid(38164072c56204142abecaf906e1fad4) Importer(2089858483,b0f066a214c2f5e87bad3c948f4d605d)
Start importing Packages/com.unity.visualscripting/Runtime/VisualScripting.Flow/Framework/Events/Editor using Guid(38164072c56204142abecaf906e1fad4) Importer(2089858483,b0f066a214c2f5e87bad3c948f4d605d) (ScriptedImporter) -> (artifact id: '37f9a3002b59c31bebe98cd7aabbb01d') in 0.006265958 seconds
Number of updated asset objects reloaded before import = 0Number of asset objects unloaded after import = 1

========================================================================
Received Import Request.
  Time since last request: 0.000067 seconds.
  path: Packages/com.unity.2d.tilemap.extras/Editor/Tiles/AutoTile
  artifactKey: Guid(594c7a7a7a9e4eae9e1a36856ab03a56) Importer(2089858483,b0f066a214c2f5e87bad3c948f4d605d)
Start importing Packages/com.unity.2d.tilemap.extras/Editor/Tiles/AutoTile using Guid(594c7a7a7a9e4eae9e1a36856ab03a56) Importer(2089858483,b0f066a214c2f5e87bad3c948f4d605d) (ScriptedImporter) -> (artifact id: '077e474e88bdd6a2ffbf4c2ea7e1a8aa') in 0.00216325 seconds
Number of updated asset objects reloaded before import = 0Number of asset objects unloaded after import = 1

========================================================================
Received Import Request.
  Time since last request: 0.000056 seconds.
  path: Packages/com.unity.visualscripting/Editor/VisualScripting.Core/Serialization
  artifactKey: Guid(f7986e1ec3964280a81d0cdc0c04017b) Importer(2089858483,b0f066a214c2f5e87bad3c948f4d605d)
Start importing Packages/com.unity.visualscripting/Editor/VisualScripting.Core/Serialization using Guid(f7986e1ec3964280a81d0cdc0c04017b) Importer(2089858483,b0f066a214c2f5e87bad3c948f4d605d) (ScriptedImporter) -> (artifact id: '6d0ffc36b63636b1ab48738dc1be1f8f') in 0.0022705 seconds
Number of updated asset objects reloaded before import = 0Number of asset objects unloaded after import = 1

========================================================================
Received Import Request.
  Time since last request: 0.000043 seconds.
  path: Packages/com.unity.test-framework.performance/Editor/UIElements
  artifactKey: Guid(b6a3ada20a8c4030907eb96c0cb331bc) Importer(2089858483,b0f066a214c2f5e87bad3c948f4d605d)
Start importing Packages/com.unity.test-framework.performance/Editor/UIElements using Guid(b6a3ada20a8c4030907eb96c0cb331bc) Importer(2089858483,b0f066a214c2f5e87bad3c948f4d605d) (ScriptedImporter) -> (artifact id: '106240420943b345d57fc59e4933d4bb') in 0.002191375 seconds
Number of updated asset objects reloaded before import = 0Number of asset objects unloaded after import = 1

========================================================================
Received Import Request.
  Time since last request: 0.000054 seconds.
  path: Packages/com.unity.2d.tilemap.extras/Editor/Tiles/AutoTile/UI
  artifactKey: Guid(dd8ea16f74da4134a300805c33773d3e) Importer(2089858483,b0f066a214c2f5e87bad3c948f4d605d)
Start importing Packages/com.unity.2d.tilemap.extras/Editor/Tiles/AutoTile/UI using Guid(dd8ea16f74da4134a300805c33773d3e) Importer(2089858483,b0f066a214c2f5e87bad3c948f4d605d) (ScriptedImporter) -> (artifact id: 'e6cdf9b0cd24bb477765a5e82c291da9') in 0.00233775 seconds
Number of updated asset objects reloaded before import = 0Number of asset objects unloaded after import = 1

========================================================================
Received Import Request.
  Time since last request: 0.000066 seconds.
  path: Packages/com.unity.collab-proxy/Editor/Views/Labels/Dialogs
  artifactKey: Guid(aaf37a5e30fbb9e4096ba67f72a4b8f1) Importer(2089858483,b0f066a214c2f5e87bad3c948f4d605d)
Start importing Packages/com.unity.collab-proxy/Editor/Views/Labels/Dialogs using Guid(aaf37a5e30fbb9e4096ba67f72a4b8f1) Importer(2089858483,b0f066a214c2f5e87bad3c948f4d605d) (ScriptedImporter) -> (artifact id: '8d01cafe375021e1966f1e3c7a7e95dd') in 0.002273791 seconds
Number of updated asset objects reloaded before import = 0Number of asset objects unloaded after import = 1

========================================================================
Received Import Request.
  Time since last request: 0.000062 seconds.
  path: Packages/com.unity.inputsystem/InputSystem/Runtime/Plugins/HID
  artifactKey: Guid(a71161af1440e4b1fbbefefb3aaffce0) Importer(2089858483,b0f066a214c2f5e87bad3c948f4d605d)
Start importing Packages/com.unity.inputsystem/InputSystem/Runtime/Plugins/HID using Guid(a71161af1440e4b1fbbefefb3aaffce0) Importer(2089858483,b0f066a214c2f5e87bad3c948f4d605d) (ScriptedImporter) -> (artifact id: '8307386b47adb05bf5d73576759e083d') in 0.002090042 seconds
Number of updated asset objects reloaded before import = 0Number of asset objects unloaded after import = 1

========================================================================
Received Import Request.
  Time since last request: 0.000056 seconds.
  path: Packages/com.unity.visualscripting/Runtime/VisualScripting.Flow/Ports
  artifactKey: Guid(b09642748cb2346e2aa47f92a03b8e62) Importer(2089858483,b0f066a214c2f5e87bad3c948f4d605d)
Start importing Packages/com.unity.visualscripting/Runtime/VisualScripting.Flow/Ports using Guid(b09642748cb2346e2aa47f92a03b8e62) Importer(2089858483,b0f066a214c2f5e87bad3c948f4d605d) (ScriptedImporter) -> (artifact id: '203c7f51f7a831201b4c952552458ab1') in 0.002521125 seconds
Number of updated asset objects reloaded before import = 0Number of asset objects unloaded after import = 1

========================================================================
Received Import Request.
  Time since last request: 0.000066 seconds.
  path: Packages/com.unity.visualscripting/Runtime/VisualScripting.Core/Pooling
  artifactKey: Guid(55d5918a213bb4ff4938d7043a1f8612) Importer(2089858483,b0f066a214c2f5e87bad3c948f4d605d)
Start importing Packages/com.unity.visualscripting/Runtime/VisualScripting.Core/Pooling using Guid(55d5918a213bb4ff4938d7043a1f8612) Importer(2089858483,b0f066a214c2f5e87bad3c948f4d605d) (ScriptedImporter) -> (artifact id: '616f8a7a1107fd81a4b441b99531ea02') in 0.0022725 seconds
Number of updated asset objects reloaded before import = 0Number of asset objects unloaded after import = 1

========================================================================
Received Import Request.
  Time since last request: 0.000051 seconds.
  path: Packages/com.unity.render-pipelines.core/Runtime/LookDev
  artifactKey: Guid(fa0af16f5dba2d8439e1211f262257a8) Importer(2089858483,b0f066a214c2f5e87bad3c948f4d605d)
Start importing Packages/com.unity.render-pipelines.core/Runtime/LookDev using Guid(fa0af16f5dba2d8439e1211f262257a8) Importer(2089858483,b0f066a214c2f5e87bad3c948f4d605d) (ScriptedImporter) -> (artifact id: 'f78df0a82ea82b55ca9501169114951f') in 0.002368 seconds
Number of updated asset objects reloaded before import = 0Number of asset objects unloaded after import = 1

========================================================================
Received Import Request.
  Time since last request: 0.000045 seconds.
  path: Packages/com.unity.2d.tooling/Editor/Insider/AnalyzerWindow/DataSourceListItem
  artifactKey: Guid(968bc2d2d52a4e58a4ad798c61d9e195) Importer(2089858483,b0f066a214c2f5e87bad3c948f4d605d)
Start importing Packages/com.unity.2d.tooling/Editor/Insider/AnalyzerWindow/DataSourceListItem using Guid(968bc2d2d52a4e58a4ad798c61d9e195) Importer(2089858483,b0f066a214c2f5e87bad3c948f4d605d) (ScriptedImporter) -> (artifact id: '762c392aa339a42ac27fe1bb37bf7be7') in 0.002397333 seconds
Number of updated asset objects reloaded before import = 0Number of asset objects unloaded after import = 1

========================================================================
Received Import Request.
  Time since last request: 0.000059 seconds.
  path: Packages/com.unity.collab-proxy/Editor/SceneView
  artifactKey: Guid(5e02ca917a3c4d14db3ecac0711ef066) Importer(2089858483,b0f066a214c2f5e87bad3c948f4d605d)
Start importing Packages/com.unity.collab-proxy/Editor/SceneView using Guid(5e02ca917a3c4d14db3ecac0711ef066) Importer(2089858483,b0f066a214c2f5e87bad3c948f4d605d) (ScriptedImporter) -> (artifact id: 'd240ff14d3fb6b756424e1830a9870cf') in 0.002489375 seconds
Number of updated asset objects reloaded before import = 0Number of asset objects unloaded after import = 1

========================================================================
Received Import Request.
  Time since last request: 0.000061 seconds.
  path: Packages/com.unity.inputsystem/InputSystem/Runtime/Plugins
  artifactKey: Guid(bcb3dcdfe51084a038a04105cfbc70aa) Importer(2089858483,b0f066a214c2f5e87bad3c948f4d605d)
Start importing Packages/com.unity.inputsystem/InputSystem/Runtime/Plugins using Guid(bcb3dcdfe51084a038a04105cfbc70aa) Importer(2089858483,b0f066a214c2f5e87bad3c948f4d605d) (ScriptedImporter) -> (artifact id: 'b9dcddd17348569634ac682892027a2e') in 0.003414375 seconds
Number of updated asset objects reloaded before import = 0Number of asset objects unloaded after import = 1

========================================================================
Received Import Request.
  Time since last request: 0.000100 seconds.
  path: Packages/com.unity.render-pipelines.universal/Editor/Gizmos
  artifactKey: Guid(f5e37a0064cfb07429ae6ca5b82debc2) Importer(2089858483,b0f066a214c2f5e87bad3c948f4d605d)
Start importing Packages/com.unity.render-pipelines.universal/Editor/Gizmos using Guid(f5e37a0064cfb07429ae6ca5b82debc2) Importer(2089858483,b0f066a214c2f5e87bad3c948f4d605d) (ScriptedImporter) -> (artifact id: '8fc6f69a720641b10913737676103415') in 0.002447958 seconds
Number of updated asset objects reloaded before import = 0Number of asset objects unloaded after import = 1

========================================================================
Received Import Request.
  Time since last request: 0.000047 seconds.
  path: Packages/com.unity.collab-proxy/Editor/Gluon
  artifactKey: Guid(247bccd1e820aae42b0c93b3f77ce6e8) Importer(2089858483,b0f066a214c2f5e87bad3c948f4d605d)
Start importing Packages/com.unity.collab-proxy/Editor/Gluon using Guid(247bccd1e820aae42b0c93b3f77ce6e8) Importer(2089858483,b0f066a214c2f5e87bad3c948f4d605d) (ScriptedImporter) -> (artifact id: 'd252a777225af6c9ccee38dcd8516861') in 0.00220525 seconds
Number of updated asset objects reloaded before import = 0Number of asset objects unloaded after import = 1

========================================================================
Received Import Request.
  Time since last request: 0.000055 seconds.
  path: Packages/com.unity.visualscripting/Editor/VisualScripting.Shared/EditorAssetResources
  artifactKey: Guid(0e79ab44f7a224723ba9b3d9943eb9de) Importer(2089858483,b0f066a214c2f5e87bad3c948f4d605d)
Start importing Packages/com.unity.visualscripting/Editor/VisualScripting.Shared/EditorAssetResources using Guid(0e79ab44f7a224723ba9b3d9943eb9de) Importer(2089858483,b0f066a214c2f5e87bad3c948f4d605d) (ScriptedImporter) -> (artifact id: 'e60c8348c82040138f2de28321636cfe') in 0.002369375 seconds
Number of updated asset objects reloaded before import = 0Number of asset objects unloaded after import = 1

========================================================================
Received Import Request.
  Time since last request: 0.000053 seconds.
  path: Packages/com.unity.2d.tooling/Editor/Insider/AnalyzerWindow/ReportListView
  artifactKey: Guid(7e1ff932625f477cbe5f9904f99d9df0) Importer(2089858483,b0f066a214c2f5e87bad3c948f4d605d)
Start importing Packages/com.unity.2d.tooling/Editor/Insider/AnalyzerWindow/ReportListView using Guid(7e1ff932625f477cbe5f9904f99d9df0) Importer(2089858483,b0f066a214c2f5e87bad3c948f4d605d) (ScriptedImporter) -> (artifact id: '778458a4b2e6124cdcf364a46bf95f36') in 0.002035666 seconds
Number of updated asset objects reloaded before import = 0Number of asset objects unloaded after import = 1

========================================================================
Received Import Request.
  Time since last request: 0.000087 seconds.
  path: Packages/com.unity.visualscripting/Runtime/VisualScripting.Flow/Framework/Math/Scalar
  artifactKey: Guid(f38e841c0fbf340d2a3cc021bf487c71) Importer(2089858483,b0f066a214c2f5e87bad3c948f4d605d)
Start importing Packages/com.unity.visualscripting/Runtime/VisualScripting.Flow/Framework/Math/Scalar using Guid(f38e841c0fbf340d2a3cc021bf487c71) Importer(2089858483,b0f066a214c2f5e87bad3c948f4d605d) (ScriptedImporter) -> (artifact id: '83b7e4a1ef626a941367e50dbf9a6a79') in 0.00230525 seconds
Number of updated asset objects reloaded before import = 0Number of asset objects unloaded after import = 1

========================================================================
Received Import Request.
  Time since last request: 0.000067 seconds.
  path: Packages/com.unity.render-pipelines.universal/Runtime/FrameData
  artifactKey: Guid(6c79cfa3e6744da6a1beee27a0d73155) Importer(2089858483,b0f066a214c2f5e87bad3c948f4d605d)
Start importing Packages/com.unity.render-pipelines.universal/Runtime/FrameData using Guid(6c79cfa3e6744da6a1beee27a0d73155) Importer(2089858483,b0f066a214c2f5e87bad3c948f4d605d) (ScriptedImporter) -> (artifact id: '44b1522ff5d042d94d4bcd2c30589517') in 0.002952208 seconds
Number of updated asset objects reloaded before import = 0Number of asset objects unloaded after import = 1

========================================================================
Received Import Request.
  Time since last request: 0.000059 seconds.
  path: Packages/com.unity.visualscripting/Graphics
  artifactKey: Guid(621017bdb841c324f8035d3bab2bc445) Importer(2089858483,b0f066a214c2f5e87bad3c948f4d605d)
Start importing Packages/com.unity.visualscripting/Graphics using Guid(621017bdb841c324f8035d3bab2bc445) Importer(2089858483,b0f066a214c2f5e87bad3c948f4d605d) (ScriptedImporter) -> (artifact id: '39cd3dc03a1d74856a69e9bb58f43182') in 0.002596709 seconds
Number of updated asset objects reloaded before import = 0Number of asset objects unloaded after import = 1

========================================================================
Received Import Request.
  Time since last request: 0.000067 seconds.
  path: Packages/com.unity.shadergraph/Editor/Resources/Styles/Controls
  artifactKey: Guid(e4de09b690b402c4bab6110751305df5) Importer(2089858483,b0f066a214c2f5e87bad3c948f4d605d)
Start importing Packages/com.unity.shadergraph/Editor/Resources/Styles/Controls using Guid(e4de09b690b402c4bab6110751305df5) Importer(2089858483,b0f066a214c2f5e87bad3c948f4d605d) (ScriptedImporter) -> (artifact id: '67ed14d3b28bbbaadb5e5404d6a3dba1') in 0.003864708 seconds
Number of updated asset objects reloaded before import = 0Number of asset objects unloaded after import = 1

========================================================================
Received Import Request.
  Time since last request: 0.000073 seconds.
  path: Packages/com.unity.test-framework/UnityEditor.TestRunner/TestLaunchers
  artifactKey: Guid(d64d92e4f04a13e4b99ea8d48e9e8ae9) Importer(2089858483,b0f066a214c2f5e87bad3c948f4d605d)
Start importing Packages/com.unity.test-framework/UnityEditor.TestRunner/TestLaunchers using Guid(d64d92e4f04a13e4b99ea8d48e9e8ae9) Importer(2089858483,b0f066a214c2f5e87bad3c948f4d605d) (ScriptedImporter) -> (artifact id: 'ede63b2a2ed67a2ee073c4465cb09b89') in 0.001873833 seconds
Number of updated asset objects reloaded before import = 0Number of asset objects unloaded after import = 1

========================================================================
Received Import Request.
  Time since last request: 0.000043 seconds.
  path: Packages/com.unity.ide.visualstudio
  artifactKey: Guid(0fd4e399f8f08ad7d825c8afb134f255) Importer(2089858483,b0f066a214c2f5e87bad3c948f4d605d)
Start importing Packages/com.unity.ide.visualstudio using Guid(0fd4e399f8f08ad7d825c8afb134f255) Importer(2089858483,b0f066a214c2f5e87bad3c948f4d605d) (ScriptedImporter) -> (artifact id: '63ff0ef4710369334f8399c8c1346f55') in 0.002100458 seconds
Number of updated asset objects reloaded before import = 0Number of asset objects unloaded after import = 1

========================================================================
Received Import Request.
  Time since last request: 0.000097 seconds.
  path: Packages/com.unity.render-pipelines.universal/Runtime/2D/UTess2D
  artifactKey: Guid(78adb7be6764d484eaae877fcfac7bd4) Importer(2089858483,b0f066a214c2f5e87bad3c948f4d605d)
Start importing Packages/com.unity.render-pipelines.universal/Runtime/2D/UTess2D using Guid(78adb7be6764d484eaae877fcfac7bd4) Importer(2089858483,b0f066a214c2f5e87bad3c948f4d605d) (ScriptedImporter) -> (artifact id: 'c379d1adea938029b312ab3652c0e0e6') in 0.002594875 seconds
Number of updated asset objects reloaded before import = 0Number of asset objects unloaded after import = 1

========================================================================
Received Import Request.
  Time since last request: 0.000049 seconds.
  path: Packages/com.unity.2d.tilemap/Editor/UI/External
  artifactKey: Guid(c3d98d7d00da4fcc9ee2300bf0bd2749) Importer(2089858483,b0f066a214c2f5e87bad3c948f4d605d)
Start importing Packages/com.unity.2d.tilemap/Editor/UI/External using Guid(c3d98d7d00da4fcc9ee2300bf0bd2749) Importer(2089858483,b0f066a214c2f5e87bad3c948f4d605d) (ScriptedImporter) -> (artifact id: '467e881b078978c0e39f679c60f6a8a8') in 0.00231 seconds
Number of updated asset objects reloaded before import = 0Number of asset objects unloaded after import = 1

========================================================================
Received Import Request.
  Time since last request: 0.000056 seconds.
  path: Packages/com.unity.visualscripting/Runtime/VisualScripting.Flow/Framework/Graph
  artifactKey: Guid(98334bb8cc7445e29e30f5b50c9fe53a) Importer(2089858483,b0f066a214c2f5e87bad3c948f4d605d)
Start importing Packages/com.unity.visualscripting/Runtime/VisualScripting.Flow/Framework/Graph using Guid(98334bb8cc7445e29e30f5b50c9fe53a) Importer(2089858483,b0f066a214c2f5e87bad3c948f4d605d) (ScriptedImporter) -> (artifact id: '0188adae149600fa679f156cf657e5ca') in 0.002347916 seconds
Number of updated asset objects reloaded before import = 0Number of asset objects unloaded after import = 1

========================================================================
Received Import Request.
  Time since last request: 0.000032 seconds.
  path: Packages/com.unity.shadergraph/Editor/Generation/Descriptors
  artifactKey: Guid(e5779cc2c32bb4c90b671ed2e6629e3d) Importer(2089858483,b0f066a214c2f5e87bad3c948f4d605d)
Start importing Packages/com.unity.shadergraph/Editor/Generation/Descriptors using Guid(e5779cc2c32bb4c90b671ed2e6629e3d) Importer(2089858483,b0f066a214c2f5e87bad3c948f4d605d) (ScriptedImporter) -> (artifact id: 'e3480d8f82cd39b8879df5711a15ad82') in 0.002975208 seconds
Number of updated asset objects reloaded before import = 0Number of asset objects unloaded after import = 1

========================================================================
Received Import Request.
  Time since last request: 0.000053 seconds.
  path: Packages/com.unity.shadergraph/Editor/Data/Implementation
  artifactKey: Guid(931ad3a4d181270419aa65ff77b3ec16) Importer(2089858483,b0f066a214c2f5e87bad3c948f4d605d)
Start importing Packages/com.unity.shadergraph/Editor/Data/Implementation using Guid(931ad3a4d181270419aa65ff77b3ec16) Importer(2089858483,b0f066a214c2f5e87bad3c948f4d605d) (ScriptedImporter) -> (artifact id: '75c0b2cdc6d392e532b7a702fd1f29b6') in 0.002236792 seconds
Number of updated asset objects reloaded before import = 0Number of asset objects unloaded after import = 1

========================================================================
Received Import Request.
  Time since last request: 0.000053 seconds.
  path: Packages/com.unity.ext.nunit/net40/unity-custom
  artifactKey: Guid(c0673f99c7a5d42e081a6f88c5a37862) Importer(2089858483,b0f066a214c2f5e87bad3c948f4d605d)
Start importing Packages/com.unity.ext.nunit/net40/unity-custom using Guid(c0673f99c7a5d42e081a6f88c5a37862) Importer(2089858483,b0f066a214c2f5e87bad3c948f4d605d) (ScriptedImporter) -> (artifact id: '98daa3cd1439d6062ecd20186ea8904c') in 0.002362208 seconds
Number of updated asset objects reloaded before import = 0Number of asset objects unloaded after import = 1

========================================================================
Received Import Request.
  Time since last request: 0.000065 seconds.
  path: Packages/com.unity.timeline/Editor/Window
  artifactKey: Guid(28e8b16370ff78c4faca58757271619f) Importer(2089858483,b0f066a214c2f5e87bad3c948f4d605d)
Start importing Packages/com.unity.timeline/Editor/Window using Guid(28e8b16370ff78c4faca58757271619f) Importer(2089858483,b0f066a214c2f5e87bad3c948f4d605d) (ScriptedImporter) -> (artifact id: '5349f672a28115cfe8a9b514bdc5b2e4') in 0.002294333 seconds
Number of updated asset objects reloaded before import = 0Number of asset objects unloaded after import = 1

========================================================================
Received Import Request.
  Time since last request: 0.000067 seconds.
  path: Packages/com.unity.visualscripting/Runtime/VisualScripting.Core/Reflection/Optimization
  artifactKey: Guid(a5260e1cbe5b7460198b99b38fd2739e) Importer(2089858483,b0f066a214c2f5e87bad3c948f4d605d)
Start importing Packages/com.unity.visualscripting/Runtime/VisualScripting.Core/Reflection/Optimization using Guid(a5260e1cbe5b7460198b99b38fd2739e) Importer(2089858483,b0f066a214c2f5e87bad3c948f4d605d) (ScriptedImporter) -> (artifact id: 'c4a4121da3c8be6708def30852f6f4bf') in 0.001984333 seconds
Number of updated asset objects reloaded before import = 0Number of asset objects unloaded after import = 1

========================================================================
Received Import Request.
  Time since last request: 0.000057 seconds.
  path: Packages/com.unity.visualscripting/Editor/VisualScripting.Flow/Invocations
  artifactKey: Guid(82f1ccf44942f4be097eded75ac1e24c) Importer(2089858483,b0f066a214c2f5e87bad3c948f4d605d)
Start importing Packages/com.unity.visualscripting/Editor/VisualScripting.Flow/Invocations using Guid(82f1ccf44942f4be097eded75ac1e24c) Importer(2089858483,b0f066a214c2f5e87bad3c948f4d605d) (ScriptedImporter) -> (artifact id: '91ed682a03db631ee69ecce2f704885a') in 0.00220675 seconds
Number of updated asset objects reloaded before import = 0Number of asset objects unloaded after import = 1

========================================================================
Received Import Request.
  Time since last request: 0.000053 seconds.
  path: Packages/com.unity.visualscripting/Runtime/VisualScripting.Flow/Framework/Codebase
  artifactKey: Guid(61c823205c2384c13b4d38c05194c1df) Importer(2089858483,b0f066a214c2f5e87bad3c948f4d605d)
Start importing Packages/com.unity.visualscripting/Runtime/VisualScripting.Flow/Framework/Codebase using Guid(61c823205c2384c13b4d38c05194c1df) Importer(2089858483,b0f066a214c2f5e87bad3c948f4d605d) (ScriptedImporter) -> (artifact id: '6daf7c57af2f63cde88fcb351b6862c6') in 0.002316333 seconds
Number of updated asset objects reloaded before import = 0Number of asset objects unloaded after import = 1

========================================================================
Received Import Request.
  Time since last request: 0.000053 seconds.
  path: Packages/com.unity.2d.aseprite/Editor/Aseprite/Chunks
  artifactKey: Guid(3062f6580ab646bcb173708c0b5e52c3) Importer(2089858483,b0f066a214c2f5e87bad3c948f4d605d)
Start importing Packages/com.unity.2d.aseprite/Editor/Aseprite/Chunks using Guid(3062f6580ab646bcb173708c0b5e52c3) Importer(2089858483,b0f066a214c2f5e87bad3c948f4d605d) (ScriptedImporter) -> (artifact id: '6f06a59413d0f13a7e175732a27ca806') in 0.002265167 seconds
Number of updated asset objects reloaded before import = 0Number of asset objects unloaded after import = 1

========================================================================
Received Import Request.
  Time since last request: 0.000046 seconds.
  path: Packages/com.unity.burst/Runtime/Editor
  artifactKey: Guid(c433e85ffb033bc99961d95aba84d010) Importer(2089858483,b0f066a214c2f5e87bad3c948f4d605d)
Start importing Packages/com.unity.burst/Runtime/Editor using Guid(c433e85ffb033bc99961d95aba84d010) Importer(2089858483,b0f066a214c2f5e87bad3c948f4d605d) (ScriptedImporter) -> (artifact id: '267da3cec4291a5ddf38f2c636fd49cc') in 0.002119792 seconds
Number of updated asset objects reloaded before import = 0Number of asset objects unloaded after import = 1

========================================================================
Received Import Request.
  Time since last request: 0.000049 seconds.
  path: Packages/com.unity.render-pipelines.core/Runtime/Debug
  artifactKey: Guid(c09a0a5d80ce97c43b5ad0099fdc8bca) Importer(2089858483,b0f066a214c2f5e87bad3c948f4d605d)
Start importing Packages/com.unity.render-pipelines.core/Runtime/Debug using Guid(c09a0a5d80ce97c43b5ad0099fdc8bca) Importer(2089858483,b0f066a214c2f5e87bad3c948f4d605d) (ScriptedImporter) -> (artifact id: '3c609c0fbe67b775aac76533a9a7da00') in 0.002272958 seconds
Number of updated asset objects reloaded before import = 0Number of asset objects unloaded after import = 1

========================================================================
Received Import Request.
  Time since last request: 0.000054 seconds.
  path: Packages/com.unity.render-pipelines.core/Runtime/UnifiedRayTracing/Hardware
  artifactKey: Guid(de0ed5319362ff5418fb5d16977e9463) Importer(2089858483,b0f066a214c2f5e87bad3c948f4d605d)
Start importing Packages/com.unity.render-pipelines.core/Runtime/UnifiedRayTracing/Hardware using Guid(de0ed5319362ff5418fb5d16977e9463) Importer(2089858483,b0f066a214c2f5e87bad3c948f4d605d) (ScriptedImporter) -> (artifact id: 'e63e7f34ba344700661635f0ee7a5ad6') in 0.002240709 seconds
Number of updated asset objects reloaded before import = 0Number of asset objects unloaded after import = 1

========================================================================
Received Import Request.
  Time since last request: 0.000050 seconds.
  path: Packages/com.unity.visualscripting/Editor/VisualScripting.Core/Meta
  artifactKey: Guid(780f505ad2cd745a0a8cacf6a6eaa78e) Importer(2089858483,b0f066a214c2f5e87bad3c948f4d605d)
Start importing Packages/com.unity.visualscripting/Editor/VisualScripting.Core/Meta using Guid(780f505ad2cd745a0a8cacf6a6eaa78e) Importer(2089858483,b0f066a214c2f5e87bad3c948f4d605d) (ScriptedImporter) -> (artifact id: 'ed39b52d2960514198c128f5650441ec') in 0.002340917 seconds
Number of updated asset objects reloaded before import = 0Number of asset objects unloaded after import = 1

========================================================================
Received Import Request.
  Time since last request: 0.000067 seconds.
  path: Packages/com.unity.shadergraph/Editor/Data/Nodes/Input/Scene
  artifactKey: Guid(ad6f48f5ba4c9a24ab7b9df345b45d6f) Importer(2089858483,b0f066a214c2f5e87bad3c948f4d605d)
Start importing Packages/com.unity.shadergraph/Editor/Data/Nodes/Input/Scene using Guid(ad6f48f5ba4c9a24ab7b9df345b45d6f) Importer(2089858483,b0f066a214c2f5e87bad3c948f4d605d) (ScriptedImporter) -> (artifact id: 'e56a206d745cb95a904118a3688bb89b') in 0.002301125 seconds
Number of updated asset objects reloaded before import = 0Number of asset objects unloaded after import = 1

========================================================================
Received Import Request.
  Time since last request: 0.000051 seconds.
  path: Packages/com.unity.2d.animation/Runtime
  artifactKey: Guid(b5e13ffaa298c414091b9cdb6e0c2b9c) Importer(2089858483,b0f066a214c2f5e87bad3c948f4d605d)
Start importing Packages/com.unity.2d.animation/Runtime using Guid(b5e13ffaa298c414091b9cdb6e0c2b9c) Importer(2089858483,b0f066a214c2f5e87bad3c948f4d605d) (ScriptedImporter) -> (artifact id: '90ee8fdb9859e1be40bc3ce364e3918c') in 0.002462 seconds
Number of updated asset objects reloaded before import = 0Number of asset objects unloaded after import = 1

========================================================================
Received Import Request.
  Time since last request: 0.000060 seconds.
  path: Packages/com.unity.collab-proxy/Editor/UI/Progress
  artifactKey: Guid(be4a999efc9d629458e92bbcbe233d1d) Importer(2089858483,b0f066a214c2f5e87bad3c948f4d605d)
Start importing Packages/com.unity.collab-proxy/Editor/UI/Progress using Guid(be4a999efc9d629458e92bbcbe233d1d) Importer(2089858483,b0f066a214c2f5e87bad3c948f4d605d) (ScriptedImporter) -> (artifact id: 'a1f6406f4f527a0708d14d8dca0a4366') in 0.002406583 seconds
Number of updated asset objects reloaded before import = 0Number of asset objects unloaded after import = 1

========================================================================
Received Import Request.
  Time since last request: 0.000057 seconds.
  path: Packages/com.unity.ugui/Editor/Analytics/IAnalytic
  artifactKey: Guid(77417b0f4cf6d334f916c64448d24133) Importer(2089858483,b0f066a214c2f5e87bad3c948f4d605d)
Start importing Packages/com.unity.ugui/Editor/Analytics/IAnalytic using Guid(77417b0f4cf6d334f916c64448d24133) Importer(2089858483,b0f066a214c2f5e87bad3c948f4d605d) (ScriptedImporter) -> (artifact id: '0850e4d37cb17419e03c1ffc02d5dbae') in 0.002445167 seconds
Number of updated asset objects reloaded before import = 0Number of asset objects unloaded after import = 1

========================================================================
Received Import Request.
  Time since last request: 0.000051 seconds.
  path: Packages/com.unity.shadergraph/Editor/Generation/Targets/Canvas
  artifactKey: Guid(ba9455849cd06164791e7dde58b74d24) Importer(2089858483,b0f066a214c2f5e87bad3c948f4d605d)
Start importing Packages/com.unity.shadergraph/Editor/Generation/Targets/Canvas using Guid(ba9455849cd06164791e7dde58b74d24) Importer(2089858483,b0f066a214c2f5e87bad3c948f4d605d) (ScriptedImporter) -> (artifact id: '529de5a5dc589216b97e3567b359ac1a') in 0.002429583 seconds
Number of updated asset objects reloaded before import = 0Number of asset objects unloaded after import = 1

========================================================================
Received Import Request.
  Time since last request: 0.000061 seconds.
  path: Packages/com.unity.ugui/Editor/UGUI/UI/PropertyDrawers
  artifactKey: Guid(bc9aa6d5a7945f34882c442e9e201537) Importer(2089858483,b0f066a214c2f5e87bad3c948f4d605d)
Start importing Packages/com.unity.ugui/Editor/UGUI/UI/PropertyDrawers using Guid(bc9aa6d5a7945f34882c442e9e201537) Importer(2089858483,b0f066a214c2f5e87bad3c948f4d605d) (ScriptedImporter) -> (artifact id: '7bd24c7b742dda9d9b29b8fafd7aa8c6') in 0.006001083 seconds
Number of updated asset objects reloaded before import = 0Number of asset objects unloaded after import = 1

========================================================================
Received Import Request.
  Time since last request: 0.000054 seconds.
  path: Packages/com.unity.collab-proxy/Editor/AssetOverlays/Cache
  artifactKey: Guid(6a94a55dca335c547ac65bd4b85d2a55) Importer(2089858483,b0f066a214c2f5e87bad3c948f4d605d)
Start importing Packages/com.unity.collab-proxy/Editor/AssetOverlays/Cache using Guid(6a94a55dca335c547ac65bd4b85d2a55) Importer(2089858483,b0f066a214c2f5e87bad3c948f4d605d) (ScriptedImporter) -> (artifact id: '7025a82f4c515503c3c21d669745c311') in 0.00233025 seconds
Number of updated asset objects reloaded before import = 0Number of asset objects unloaded after import = 1

========================================================================
Received Import Request.
  Time since last request: 0.000089 seconds.
  path: Packages/com.unity.shadergraph/GraphTemplates/Subgraphs/Terrain
  artifactKey: Guid(843eba6e16ab9034aaacf0d768c274b6) Importer(2089858483,b0f066a214c2f5e87bad3c948f4d605d)
Start importing Packages/com.unity.shadergraph/GraphTemplates/Subgraphs/Terrain using Guid(843eba6e16ab9034aaacf0d768c274b6) Importer(2089858483,b0f066a214c2f5e87bad3c948f4d605d) (ScriptedImporter) -> (artifact id: 'e111da43fd2d570a6c26e5174259df67') in 0.002445667 seconds
Number of updated asset objects reloaded before import = 0Number of asset objects unloaded after import = 1

========================================================================
Received Import Request.
  Time since last request: 0.000103 seconds.
  path: Packages/com.unity.render-pipelines.core/Editor/Lighting/LightUnit
  artifactKey: Guid(942737965ad5c034997de550e1c26ff1) Importer(2089858483,b0f066a214c2f5e87bad3c948f4d605d)
Start importing Packages/com.unity.render-pipelines.core/Editor/Lighting/LightUnit using Guid(942737965ad5c034997de550e1c26ff1) Importer(2089858483,b0f066a214c2f5e87bad3c948f4d605d) (ScriptedImporter) -> (artifact id: 'e585521ae0676e9163551a320d617b26') in 0.010180084 seconds
Number of updated asset objects reloaded before import = 0Number of asset objects unloaded after import = 1

========================================================================
Received Import Request.
  Time since last request: 0.000043 seconds.
  path: Packages/com.unity.2d.psdimporter/Editor/PSDPlugin/PsdFile/Layers
  artifactKey: Guid(a2b81847c6b672747861b07e47320717) Importer(2089858483,b0f066a214c2f5e87bad3c948f4d605d)
Start importing Packages/com.unity.2d.psdimporter/Editor/PSDPlugin/PsdFile/Layers using Guid(a2b81847c6b672747861b07e47320717) Importer(2089858483,b0f066a214c2f5e87bad3c948f4d605d) (ScriptedImporter) -> (artifact id: 'd16f2d4b61bcce28d3679b7488964fda') in 0.0024285 seconds
Number of updated asset objects reloaded before import = 0Number of asset objects unloaded after import = 1

========================================================================
Received Import Request.
  Time since last request: 0.000074 seconds.
  path: Packages/com.unity.ugui/Tests/Editor/UGUI/EventSystem
  artifactKey: Guid(98d14ab1acf42df4f88a0561822ac807) Importer(2089858483,b0f066a214c2f5e87bad3c948f4d605d)
Start importing Packages/com.unity.ugui/Tests/Editor/UGUI/EventSystem using Guid(98d14ab1acf42df4f88a0561822ac807) Importer(2089858483,b0f066a214c2f5e87bad3c948f4d605d) (ScriptedImporter) -> (artifact id: '6d1bdaa4ee8d491194f2dad6b80eca0f') in 0.002798625 seconds
Number of updated asset objects reloaded before import = 0Number of asset objects unloaded after import = 1

========================================================================
Received Import Request.
  Time since last request: 0.000048 seconds.
  path: Packages/com.unity.visualscripting/Editor/VisualScripting.Core/Reflection
  artifactKey: Guid(e19fc62cec16f496f9395c76d8f7cc30) Importer(2089858483,b0f066a214c2f5e87bad3c948f4d605d)
Start importing Packages/com.unity.visualscripting/Editor/VisualScripting.Core/Reflection using Guid(e19fc62cec16f496f9395c76d8f7cc30) Importer(2089858483,b0f066a214c2f5e87bad3c948f4d605d) (ScriptedImporter) -> (artifact id: '6f3672c01d3a57fbbea9f97a53b8f34b') in 0.003430125 seconds
Number of updated asset objects reloaded before import = 0Number of asset objects unloaded after import = 1

========================================================================
Received Import Request.
  Time since last request: 0.000066 seconds.
  path: Packages/com.unity.2d.common/Editor/DebugTools
  artifactKey: Guid(a02323b0227f4b858e3f9bf63620ee12) Importer(2089858483,b0f066a214c2f5e87bad3c948f4d605d)
Start importing Packages/com.unity.2d.common/Editor/DebugTools using Guid(a02323b0227f4b858e3f9bf63620ee12) Importer(2089858483,b0f066a214c2f5e87bad3c948f4d605d) (ScriptedImporter) -> (artifact id: 'e46576f371cba2c753d99a1855108730') in 0.002051917 seconds
Number of updated asset objects reloaded before import = 0Number of asset objects unloaded after import = 1

========================================================================
Received Import Request.
  Time since last request: 0.000044 seconds.
  path: Packages/com.unity.shadergraph/Editor/AssetCallbacks
  artifactKey: Guid(4d0b60652dca71b49a137663137e38ea) Importer(2089858483,b0f066a214c2f5e87bad3c948f4d605d)
Start importing Packages/com.unity.shadergraph/Editor/AssetCallbacks using Guid(4d0b60652dca71b49a137663137e38ea) Importer(2089858483,b0f066a214c2f5e87bad3c948f4d605d) (ScriptedImporter) -> (artifact id: '51edb200cd61761c745759cc95cd3c24') in 0.002115375 seconds
Number of updated asset objects reloaded before import = 0Number of asset objects unloaded after import = 1

========================================================================
Received Import Request.
  Time since last request: 0.000054 seconds.
  path: Packages/com.unity.2d.sprite/Editor/SpriteEditorModule/SpriteFrameModule/Overlay
  artifactKey: Guid(108014601e234997bd271b3b9a1991d0) Importer(2089858483,b0f066a214c2f5e87bad3c948f4d605d)
Start importing Packages/com.unity.2d.sprite/Editor/SpriteEditorModule/SpriteFrameModule/Overlay using Guid(108014601e234997bd271b3b9a1991d0) Importer(2089858483,b0f066a214c2f5e87bad3c948f4d605d) (ScriptedImporter) -> (artifact id: '0f987827c2863bad34f7215d47a72a2f') in 0.002244875 seconds
Number of updated asset objects reloaded before import = 0Number of asset objects unloaded after import = 1

========================================================================
Received Import Request.
  Time since last request: 0.000717 seconds.
  path: Packages/com.unity.ugui/Tests/Runtime/UGUI/NestedLayout
  artifactKey: Guid(efad3ddb7270ac241b9b1357ec5ee2f2) Importer(2089858483,b0f066a214c2f5e87bad3c948f4d605d)
Start importing Packages/com.unity.ugui/Tests/Runtime/UGUI/NestedLayout using Guid(efad3ddb7270ac241b9b1357ec5ee2f2) Importer(2089858483,b0f066a214c2f5e87bad3c948f4d605d) (ScriptedImporter) -> (artifact id: '7aaa07e7e4cb9d5b44d7760869eb57bb') in 0.002389167 seconds
Number of updated asset objects reloaded before import = 0Number of asset objects unloaded after import = 1

========================================================================
Received Import Request.
  Time since last request: 0.000301 seconds.
  path: Packages/com.unity.collab-proxy/Editor/Diff/Asset/Common
  artifactKey: Guid(83dbde7dc514d4e839b561f0df9bcad3) Importer(2089858483,b0f066a214c2f5e87bad3c948f4d605d)
Start importing Packages/com.unity.collab-proxy/Editor/Diff/Asset/Common using Guid(83dbde7dc514d4e839b561f0df9bcad3) Importer(2089858483,b0f066a214c2f5e87bad3c948f4d605d) (ScriptedImporter) -> (artifact id: '6f86f7b72b18510ec15ae9e9cbbc1810') in 0.006164625 seconds
Number of updated asset objects reloaded before import = 0Number of asset objects unloaded after import = 1

========================================================================
Received Import Request.
  Time since last request: 0.000059 seconds.
  path: Packages/com.unity.render-pipelines.universal/Editor/VFXGraph/Shaders
  artifactKey: Guid(7d77ae3715c5eea4ca5de8d2fe3dfa2c) Importer(2089858483,b0f066a214c2f5e87bad3c948f4d605d)
Start importing Packages/com.unity.render-pipelines.universal/Editor/VFXGraph/Shaders using Guid(7d77ae3715c5eea4ca5de8d2fe3dfa2c) Importer(2089858483,b0f066a214c2f5e87bad3c948f4d605d) (ScriptedImporter) -> (artifact id: '67f735736872d886f1d9658c8952acd6') in 0.004039125 seconds
Number of updated asset objects reloaded before import = 0Number of asset objects unloaded after import = 1

========================================================================
Received Import Request.
  Time since last request: 0.000053 seconds.
  path: Packages/com.unity.render-pipelines.core/Tests/Editor/RenderPipeline/SettingsStrippingResults
  artifactKey: Guid(1acfae9965174d74086850609850b577) Importer(2089858483,b0f066a214c2f5e87bad3c948f4d605d)
Start importing Packages/com.unity.render-pipelines.core/Tests/Editor/RenderPipeline/SettingsStrippingResults using Guid(1acfae9965174d74086850609850b577) Importer(2089858483,b0f066a214c2f5e87bad3c948f4d605d) (ScriptedImporter) -> (artifact id: '1b5894293414c42872eab9da46676f48') in 0.002216583 seconds
Number of updated asset objects reloaded before import = 0Number of asset objects unloaded after import = 1

========================================================================
Received Import Request.
  Time since last request: 0.000077 seconds.
  path: Packages/com.unity.inputsystem/InputSystem/Runtime/Plugins/UI
  artifactKey: Guid(69dd334ee54c747c38b3317d02c3967a) Importer(2089858483,b0f066a214c2f5e87bad3c948f4d605d)
Start importing Packages/com.unity.inputsystem/InputSystem/Runtime/Plugins/UI using Guid(69dd334ee54c747c38b3317d02c3967a) Importer(2089858483,b0f066a214c2f5e87bad3c948f4d605d) (ScriptedImporter) -> (artifact id: '6f2145c2b235979d1e80510d04f4e3ca') in 0.002080458 seconds
Number of updated asset objects reloaded before import = 0Number of asset objects unloaded after import = 1

========================================================================
Received Import Request.
  Time since last request: 0.000052 seconds.
  path: Packages/com.unity.visualscripting/Runtime/VisualScripting.Core/Variables
  artifactKey: Guid(d018dbc2a8dd64786b6e2f9cd70b167e) Importer(2089858483,b0f066a214c2f5e87bad3c948f4d605d)
Start importing Packages/com.unity.visualscripting/Runtime/VisualScripting.Core/Variables using Guid(d018dbc2a8dd64786b6e2f9cd70b167e) Importer(2089858483,b0f066a214c2f5e87bad3c948f4d605d) (ScriptedImporter) -> (artifact id: '16a3309ce3a877e11f4be90920235c49') in 0.002197625 seconds
Number of updated asset objects reloaded before import = 0Number of asset objects unloaded after import = 1

========================================================================
Received Import Request.
  Time since last request: 0.000054 seconds.
  path: Packages/com.unity.nuget.mono-cecil
  artifactKey: Guid(90ed072269172012fcebb3cd57b5a869) Importer(2089858483,b0f066a214c2f5e87bad3c948f4d605d)
Start importing Packages/com.unity.nuget.mono-cecil using Guid(90ed072269172012fcebb3cd57b5a869) Importer(2089858483,b0f066a214c2f5e87bad3c948f4d605d) (ScriptedImporter) -> (artifact id: 'b879821dd37c3a4eb2bc3298d087c9ab') in 0.001984208 seconds
Number of updated asset objects reloaded before import = 0Number of asset objects unloaded after import = 1

========================================================================
Received Import Request.
  Time since last request: 0.000046 seconds.
  path: Packages/com.unity.render-pipelines.universal/Editor/ScriptTemplates
  artifactKey: Guid(3c76ead915a5d4c3190e62adcb063092) Importer(2089858483,b0f066a214c2f5e87bad3c948f4d605d)
Start importing Packages/com.unity.render-pipelines.universal/Editor/ScriptTemplates using Guid(3c76ead915a5d4c3190e62adcb063092) Importer(2089858483,b0f066a214c2f5e87bad3c948f4d605d) (ScriptedImporter) -> (artifact id: '30df64f52e1e3184f31cd3ff3c280655') in 0.002188666 seconds
Number of updated asset objects reloaded before import = 0Number of asset objects unloaded after import = 1

========================================================================
Received Import Request.
  Time since last request: 0.000056 seconds.
  path: Packages/com.unity.render-pipelines.universal/Shaders/Particles
  artifactKey: Guid(7aa17bb9699a0ee4282141a28d9fb8ea) Importer(2089858483,b0f066a214c2f5e87bad3c948f4d605d)
Start importing Packages/com.unity.render-pipelines.universal/Shaders/Particles using Guid(7aa17bb9699a0ee4282141a28d9fb8ea) Importer(2089858483,b0f066a214c2f5e87bad3c948f4d605d) (ScriptedImporter) -> (artifact id: 'a0dd90f27e2b615dfab17d08ec44df94') in 0.002376334 seconds
Number of updated asset objects reloaded before import = 0Number of asset objects unloaded after import = 1

========================================================================
Received Import Request.
  Time since last request: 0.000068 seconds.
  path: Packages/com.unity.shadergraph/Editor/Importers
  artifactKey: Guid(a1485bce8acd0428fae1525629b9ed8b) Importer(2089858483,b0f066a214c2f5e87bad3c948f4d605d)
Start importing Packages/com.unity.shadergraph/Editor/Importers using Guid(a1485bce8acd0428fae1525629b9ed8b) Importer(2089858483,b0f066a214c2f5e87bad3c948f4d605d) (ScriptedImporter) -> (artifact id: 'cbabeb7a0b586964dfad490346546484') in 0.00235825 seconds
Number of updated asset objects reloaded before import = 0Number of asset objects unloaded after import = 1

========================================================================
Received Import Request.
  Time since last request: 0.000048 seconds.
  path: Packages/com.unity.ide.rider
  artifactKey: Guid(0db17fbd655db21bd0e4fd62e1d08da1) Importer(2089858483,b0f066a214c2f5e87bad3c948f4d605d)
Start importing Packages/com.unity.ide.rider using Guid(0db17fbd655db21bd0e4fd62e1d08da1) Importer(2089858483,b0f066a214c2f5e87bad3c948f4d605d) (ScriptedImporter) -> (artifact id: '5c7d9a27f8d2ae16e7cc792f17db526c') in 0.00249875 seconds
Number of updated asset objects reloaded before import = 0Number of asset objects unloaded after import = 1

========================================================================
Received Import Request.
  Time since last request: 0.000044 seconds.
  path: Packages/com.unity.render-pipelines.core/Editor/Icons/MipLevels
  artifactKey: Guid(05f6cde15dbb7bb48b377d0310898c96) Importer(2089858483,b0f066a214c2f5e87bad3c948f4d605d)
Start importing Packages/com.unity.render-pipelines.core/Editor/Icons/MipLevels using Guid(05f6cde15dbb7bb48b377d0310898c96) Importer(2089858483,b0f066a214c2f5e87bad3c948f4d605d) (ScriptedImporter) -> (artifact id: 'bdcc83e670de1b644b3eda28ee1d01f8') in 0.002144208 seconds
Number of updated asset objects reloaded before import = 0Number of asset objects unloaded after import = 1

========================================================================
Received Import Request.
  Time since last request: 0.000063 seconds.
  path: Packages/com.unity.shadergraph/Editor/Data/Nodes/Artistic/Normal
  artifactKey: Guid(b7f9e0995756c4a4896912f8873eb63c) Importer(2089858483,b0f066a214c2f5e87bad3c948f4d605d)
Start importing Packages/com.unity.shadergraph/Editor/Data/Nodes/Artistic/Normal using Guid(b7f9e0995756c4a4896912f8873eb63c) Importer(2089858483,b0f066a214c2f5e87bad3c948f4d605d) (ScriptedImporter) -> (artifact id: '7c16985adfaed89fe3f00928bf77aa2d') in 0.002391334 seconds
Number of updated asset objects reloaded before import = 0Number of asset objects unloaded after import = 1

========================================================================
Received Import Request.
  Time since last request: 0.000058 seconds.
  path: Packages/com.unity.render-pipelines.core/Runtime/Utilities
  artifactKey: Guid(143a724c7d97a19439bac5e37bfbba35) Importer(2089858483,b0f066a214c2f5e87bad3c948f4d605d)
Start importing Packages/com.unity.render-pipelines.core/Runtime/Utilities using Guid(143a724c7d97a19439bac5e37bfbba35) Importer(2089858483,b0f066a214c2f5e87bad3c948f4d605d) (ScriptedImporter) -> (artifact id: '3ed2e59cf80f7cc09d2ca23940147c98') in 0.00222975 seconds
Number of updated asset objects reloaded before import = 0Number of asset objects unloaded after import = 1

========================================================================
Received Import Request.
  Time since last request: 0.000065 seconds.
  path: Packages/com.unity.render-pipelines.core/Runtime/STP
  artifactKey: Guid(5d86e2182c6227d4e924cc530d4ffc62) Importer(2089858483,b0f066a214c2f5e87bad3c948f4d605d)
Start importing Packages/com.unity.render-pipelines.core/Runtime/STP using Guid(5d86e2182c6227d4e924cc530d4ffc62) Importer(2089858483,b0f066a214c2f5e87bad3c948f4d605d) (ScriptedImporter) -> (artifact id: 'c29d3c354831e899365698ac9e7550be') in 0.002231708 seconds
Number of updated asset objects reloaded before import = 0Number of asset objects unloaded after import = 1

========================================================================
Received Import Request.
  Time since last request: 0.000053 seconds.
  path: Packages/com.unity.visualscripting/Editor/VisualScripting.Core/Windows/BackupWindow
  artifactKey: Guid(d08c65b1e339e40d1b3b8fea0eda0abd) Importer(2089858483,b0f066a214c2f5e87bad3c948f4d605d)
Start importing Packages/com.unity.visualscripting/Editor/VisualScripting.Core/Windows/BackupWindow using Guid(d08c65b1e339e40d1b3b8fea0eda0abd) Importer(2089858483,b0f066a214c2f5e87bad3c948f4d605d) (ScriptedImporter) -> (artifact id: 'a6b35dd8a426b7ac9a2baa0f8b54bf6d') in 0.002166083 seconds
Number of updated asset objects reloaded before import = 0Number of asset objects unloaded after import = 1

========================================================================
Received Import Request.
  Time since last request: 0.000060 seconds.
  path: Packages/com.unity.render-pipelines.core/Editor/Lighting/ProbeVolume/DynamicGI
  artifactKey: Guid(c83b9f91aab04264395c477f5f573380) Importer(2089858483,b0f066a214c2f5e87bad3c948f4d605d)
Start importing Packages/com.unity.render-pipelines.core/Editor/Lighting/ProbeVolume/DynamicGI using Guid(c83b9f91aab04264395c477f5f573380) Importer(2089858483,b0f066a214c2f5e87bad3c948f4d605d) (ScriptedImporter) -> (artifact id: 'ce02a413a444a6cdcc30a6f91a9bb821') in 0.002385334 seconds
Number of updated asset objects reloaded before import = 0Number of asset objects unloaded after import = 1

========================================================================
Received Import Request.
  Time since last request: 0.000054 seconds.
  path: Packages/com.unity.2d.spriteshape/Editor/ObjectMenuCreation/DefaultAssets/Sprite Shapes
  artifactKey: Guid(c311f45d67c23471eb8ec6ff391baa75) Importer(2089858483,b0f066a214c2f5e87bad3c948f4d605d)
Start importing Packages/com.unity.2d.spriteshape/Editor/ObjectMenuCreation/DefaultAssets/Sprite Shapes using Guid(c311f45d67c23471eb8ec6ff391baa75) Importer(2089858483,b0f066a214c2f5e87bad3c948f4d605d) (ScriptedImporter) -> (artifact id: '975deed1121978539286cbca956a4eee') in 0.002191958 seconds
Number of updated asset objects reloaded before import = 0Number of asset objects unloaded after import = 1

========================================================================
Received Import Request.
  Time since last request: 0.000050 seconds.
  path: Packages/com.unity.test-framework.performance
  artifactKey: Guid(93963ca519b768cbd41ce8514a1fa148) Importer(2089858483,b0f066a214c2f5e87bad3c948f4d605d)
Start importing Packages/com.unity.test-framework.performance using Guid(93963ca519b768cbd41ce8514a1fa148) Importer(2089858483,b0f066a214c2f5e87bad3c948f4d605d) (ScriptedImporter) -> (artifact id: '3523da66a61e1a9c4148d5238e3838ca') in 0.002160708 seconds
Number of updated asset objects reloaded before import = 0Number of asset objects unloaded after import = 1

========================================================================
Received Import Request.
  Time since last request: 0.000054 seconds.
  path: Packages/com.unity.2d.animation/IK/Editor
  artifactKey: Guid(26f0cc158533ad6408ea185066c7e096) Importer(2089858483,b0f066a214c2f5e87bad3c948f4d605d)
Start importing Packages/com.unity.2d.animation/IK/Editor using Guid(26f0cc158533ad6408ea185066c7e096) Importer(2089858483,b0f066a214c2f5e87bad3c948f4d605d) (ScriptedImporter) -> (artifact id: '92566753c30adae84248cdff26f10df7') in 0.0022975 seconds
Number of updated asset objects reloaded before import = 0Number of asset objects unloaded after import = 1

========================================================================
Received Import Request.
  Time since last request: 0.000055 seconds.
  path: Packages/com.unity.collab-proxy/Editor/Views/Locks
  artifactKey: Guid(3c4be395f8154c3797fc8aef5645fcac) Importer(2089858483,b0f066a214c2f5e87bad3c948f4d605d)
Start importing Packages/com.unity.collab-proxy/Editor/Views/Locks using Guid(3c4be395f8154c3797fc8aef5645fcac) Importer(2089858483,b0f066a214c2f5e87bad3c948f4d605d) (ScriptedImporter) -> (artifact id: '312c77b4bb4ecfe03c396de5ba53c5d0') in 0.002509417 seconds
Number of updated asset objects reloaded before import = 0Number of asset objects unloaded after import = 1

========================================================================
Received Import Request.
  Time since last request: 0.000085 seconds.
  path: Packages/com.unity.shadergraph/Editor/Data/Nodes/Math/Vector
  artifactKey: Guid(c3becf597e5084fe8825c0ec59a22201) Importer(2089858483,b0f066a214c2f5e87bad3c948f4d605d)
Start importing Packages/com.unity.shadergraph/Editor/Data/Nodes/Math/Vector using Guid(c3becf597e5084fe8825c0ec59a22201) Importer(2089858483,b0f066a214c2f5e87bad3c948f4d605d) (ScriptedImporter) -> (artifact id: '1de80933c9e14afe688e1fc6ba44d9fc') in 0.002757375 seconds
Number of updated asset objects reloaded before import = 0Number of asset objects unloaded after import = 1

========================================================================
Received Import Request.
  Time since last request: 0.000036 seconds.
  path: Packages/com.unity.ugui/Tests/Runtime/UGUI/Graphic
  artifactKey: Guid(8313ea704470a264295ec9e09aec6ebc) Importer(2089858483,b0f066a214c2f5e87bad3c948f4d605d)
Start importing Packages/com.unity.ugui/Tests/Runtime/UGUI/Graphic using Guid(8313ea704470a264295ec9e09aec6ebc) Importer(2089858483,b0f066a214c2f5e87bad3c948f4d605d) (ScriptedImporter) -> (artifact id: 'efec4f935af20f095d028efa89ad4457') in 0.002351291 seconds
Number of updated asset objects reloaded before import = 0Number of asset objects unloaded after import = 1

========================================================================
Received Import Request.
  Time since last request: 0.000052 seconds.
  path: Packages/com.unity.2d.common/Editor
  artifactKey: Guid(f07558e3f18214421b184e32d188624c) Importer(2089858483,b0f066a214c2f5e87bad3c948f4d605d)
Start importing Packages/com.unity.2d.common/Editor using Guid(f07558e3f18214421b184e32d188624c) Importer(2089858483,b0f066a214c2f5e87bad3c948f4d605d) (ScriptedImporter) -> (artifact id: 'e055deafa361ee13b9b124c6b625f28f') in 0.002281792 seconds
Number of updated asset objects reloaded before import = 0Number of asset objects unloaded after import = 1

========================================================================
Received Import Request.
  Time since last request: 0.000050 seconds.
  path: Packages/com.unity.ugui/Tests/Editor/UGUI
  artifactKey: Guid(fae3ac1997e164d1eba5fa5c417cbefd) Importer(2089858483,b0f066a214c2f5e87bad3c948f4d605d)
Start importing Packages/com.unity.ugui/Tests/Editor/UGUI using Guid(fae3ac1997e164d1eba5fa5c417cbefd) Importer(2089858483,b0f066a214c2f5e87bad3c948f4d605d) (ScriptedImporter) -> (artifact id: 'b3662062999e43bdf3eeffcf7487907b') in 0.002401833 seconds
Number of updated asset objects reloaded before import = 0Number of asset objects unloaded after import = 1

========================================================================
Received Import Request.
  Time since last request: 0.000062 seconds.
  path: Packages/com.unity.2d.animation/Editor/SkinningModule/OutlineGenerator
  artifactKey: Guid(2a8a39f0e276884449c4610fee697330) Importer(2089858483,b0f066a214c2f5e87bad3c948f4d605d)
Start importing Packages/com.unity.2d.animation/Editor/SkinningModule/OutlineGenerator using Guid(2a8a39f0e276884449c4610fee697330) Importer(2089858483,b0f066a214c2f5e87bad3c948f4d605d) (ScriptedImporter) -> (artifact id: '8bac5a3db58e0ff1f182751d4d9814c3') in 0.002483167 seconds
Number of updated asset objects reloaded before import = 0Number of asset objects unloaded after import = 1

========================================================================
Received Import Request.
  Time since last request: 0.000051 seconds.
  path: Packages/com.unity.inputsystem/InputSystem/Runtime/Devices/Haptics
  artifactKey: Guid(e286fc65ad3d4645b213e71b11e963e4) Importer(2089858483,b0f066a214c2f5e87bad3c948f4d605d)
Start importing Packages/com.unity.inputsystem/InputSystem/Runtime/Devices/Haptics using Guid(e286fc65ad3d4645b213e71b11e963e4) Importer(2089858483,b0f066a214c2f5e87bad3c948f4d605d) (ScriptedImporter) -> (artifact id: '4126cea54de3ef936cf933bf21b62e2d') in 0.002366375 seconds
Number of updated asset objects reloaded before import = 0Number of asset objects unloaded after import = 1

========================================================================
Received Import Request.
  Time since last request: 0.000063 seconds.
  path: Packages/com.unity.shadergraph/Editor/Data/Nodes/Input/Basic
  artifactKey: Guid(b43ef3944c134a74995e6582de94d21b) Importer(2089858483,b0f066a214c2f5e87bad3c948f4d605d)
Start importing Packages/com.unity.shadergraph/Editor/Data/Nodes/Input/Basic using Guid(b43ef3944c134a74995e6582de94d21b) Importer(2089858483,b0f066a214c2f5e87bad3c948f4d605d) (ScriptedImporter) -> (artifact id: 'b8dd66582dd9e31eacfa456bca09582e') in 0.002281958 seconds
Number of updated asset objects reloaded before import = 0Number of asset objects unloaded after import = 1

========================================================================
Received Import Request.
  Time since last request: 0.000049 seconds.
  path: Assets/Settings/Scenes
  artifactKey: Guid(d574b2fb4661c408f80aa76c0182931f) Importer(2089858483,b0f066a214c2f5e87bad3c948f4d605d)
Start importing Assets/Settings/Scenes using Guid(d574b2fb4661c408f80aa76c0182931f) Importer(2089858483,b0f066a214c2f5e87bad3c948f4d605d) (ScriptedImporter) -> (artifact id: '835421225442f921d0fe6782a2067e43') in 0.002328875 seconds
Number of updated asset objects reloaded before import = 0Number of asset objects unloaded after import = 1

========================================================================
Received Import Request.
  Time since last request: 0.000079 seconds.
  path: Packages/com.unity.visualscripting/Runtime/VisualScripting.Core/Collections
  artifactKey: Guid(bbe380d5d8ee54393b29ed8756019c95) Importer(2089858483,b0f066a214c2f5e87bad3c948f4d605d)
Start importing Packages/com.unity.visualscripting/Runtime/VisualScripting.Core/Collections using Guid(bbe380d5d8ee54393b29ed8756019c95) Importer(2089858483,b0f066a214c2f5e87bad3c948f4d605d) (ScriptedImporter) -> (artifact id: 'd6ded32d650e3af41bae1bbca5ae3b85') in 0.002379834 seconds
Number of updated asset objects reloaded before import = 0Number of asset objects unloaded after import = 1

========================================================================
Received Import Request.
  Time since last request: 0.000063 seconds.
  path: Packages/com.unity.2d.aseprite
  artifactKey: Guid(e47e3813c9eb03a8c8f78711ba6d9d76) Importer(2089858483,b0f066a214c2f5e87bad3c948f4d605d)
Start importing Packages/com.unity.2d.aseprite using Guid(e47e3813c9eb03a8c8f78711ba6d9d76) Importer(2089858483,b0f066a214c2f5e87bad3c948f4d605d) (ScriptedImporter) -> (artifact id: '713c23a7ed70efa460be6d53375862cb') in 0.002152334 seconds
Number of updated asset objects reloaded before import = 0Number of asset objects unloaded after import = 1

========================================================================
Received Import Request.
  Time since last request: 0.000059 seconds.
  path: Packages/com.unity.collab-proxy/Editor/Views/Welcome
  artifactKey: Guid(4419c9c829ee0e9438a5c3ceba3ca88b) Importer(2089858483,b0f066a214c2f5e87bad3c948f4d605d)
Start importing Packages/com.unity.collab-proxy/Editor/Views/Welcome using Guid(4419c9c829ee0e9438a5c3ceba3ca88b) Importer(2089858483,b0f066a214c2f5e87bad3c948f4d605d) (ScriptedImporter) -> (artifact id: '7353c7a731e8f0b2d43052ce70d58e0a') in 0.002134167 seconds
Number of updated asset objects reloaded before import = 0Number of asset objects unloaded after import = 1

========================================================================
Received Import Request.
  Time since last request: 0.000060 seconds.
  path: Packages/com.unity.timeline/Editor/treeview/ItemGui
  artifactKey: Guid(9d816a6ab06c6834480f5f45f440e287) Importer(2089858483,b0f066a214c2f5e87bad3c948f4d605d)
Start importing Packages/com.unity.timeline/Editor/treeview/ItemGui using Guid(9d816a6ab06c6834480f5f45f440e287) Importer(2089858483,b0f066a214c2f5e87bad3c948f4d605d) (ScriptedImporter) -> (artifact id: '62073c0f7acc0632c15d1ca3c9949344') in 0.00259175 seconds
Number of updated asset objects reloaded before import = 0Number of asset objects unloaded after import = 1

========================================================================
Received Import Request.
  Time since last request: 0.000043 seconds.
  path: Packages/com.unity.shadergraph/Editor/Drawing/Blackboard
  artifactKey: Guid(465f456071d65c648a34adddf33057f7) Importer(2089858483,b0f066a214c2f5e87bad3c948f4d605d)
Start importing Packages/com.unity.shadergraph/Editor/Drawing/Blackboard using Guid(465f456071d65c648a34adddf33057f7) Importer(2089858483,b0f066a214c2f5e87bad3c948f4d605d) (ScriptedImporter) -> (artifact id: 'd952db09de8b5245e665db1ee33e283d') in 0.002255542 seconds
Number of updated asset objects reloaded before import = 0Number of asset objects unloaded after import = 1

========================================================================
Received Import Request.
  Time since last request: 0.000043 seconds.
  path: Packages/com.unity.render-pipelines.core/Tests/Editor/UnifiedRayTracing
  artifactKey: Guid(4e4c297047ea96a49826f1570cf7db07) Importer(2089858483,b0f066a214c2f5e87bad3c948f4d605d)
Start importing Packages/com.unity.render-pipelines.core/Tests/Editor/UnifiedRayTracing using Guid(4e4c297047ea96a49826f1570cf7db07) Importer(2089858483,b0f066a214c2f5e87bad3c948f4d605d) (ScriptedImporter) -> (artifact id: '0b46ef946698c95f65b064fb81957dd3') in 0.002266125 seconds
Number of updated asset objects reloaded before import = 0Number of asset objects unloaded after import = 1

========================================================================
Received Import Request.
  Time since last request: 0.000053 seconds.
  path: Packages/com.unity.test-framework/UnityEditor.TestRunner/CommandLineTest
  artifactKey: Guid(b477d1f29b65a674e9d5cdab4eb72b01) Importer(2089858483,b0f066a214c2f5e87bad3c948f4d605d)
Start importing Packages/com.unity.test-framework/UnityEditor.TestRunner/CommandLineTest using Guid(b477d1f29b65a674e9d5cdab4eb72b01) Importer(2089858483,b0f066a214c2f5e87bad3c948f4d605d) (ScriptedImporter) -> (artifact id: '0bad66222fd4cf79cd5aed060f82d630') in 0.002319125 seconds
Number of updated asset objects reloaded before import = 0Number of asset objects unloaded after import = 1

========================================================================
Received Import Request.
  Time since last request: 0.000051 seconds.
  path: Packages/com.unity.visualscripting/Runtime/VisualScripting.Core/Connections
  artifactKey: Guid(cd7f10104a033462da12776730ed1565) Importer(2089858483,b0f066a214c2f5e87bad3c948f4d605d)
Start importing Packages/com.unity.visualscripting/Runtime/VisualScripting.Core/Connections using Guid(cd7f10104a033462da12776730ed1565) Importer(2089858483,b0f066a214c2f5e87bad3c948f4d605d) (ScriptedImporter) -> (artifact id: 'b64cd2b7d670f57577f73a5f5425cc38') in 0.0022285 seconds
Number of updated asset objects reloaded before import = 0Number of asset objects unloaded after import = 1

========================================================================
Received Import Request.
  Time since last request: 0.000053 seconds.
  path: Packages/com.unity.inputsystem/InputSystem/Editor/AssetEditor/PackageResources/pro
  artifactKey: Guid(be2b3c041afc2477ea1f172b6d14c3dc) Importer(2089858483,b0f066a214c2f5e87bad3c948f4d605d)
Start importing Packages/com.unity.inputsystem/InputSystem/Editor/AssetEditor/PackageResources/pro using Guid(be2b3c041afc2477ea1f172b6d14c3dc) Importer(2089858483,b0f066a214c2f5e87bad3c948f4d605d) (ScriptedImporter) -> (artifact id: '2524b04091d5c99db5b9f68ccab872e4') in 0.002239625 seconds
Number of updated asset objects reloaded before import = 0Number of asset objects unloaded after import = 1

========================================================================
Received Import Request.
  Time since last request: 0.000049 seconds.
  path: Packages/com.unity.render-pipelines.universal/Editor/Converter
  artifactKey: Guid(e61c6cfe2da40854885b4e4d96829a88) Importer(2089858483,b0f066a214c2f5e87bad3c948f4d605d)
Start importing Packages/com.unity.render-pipelines.universal/Editor/Converter using Guid(e61c6cfe2da40854885b4e4d96829a88) Importer(2089858483,b0f066a214c2f5e87bad3c948f4d605d) (ScriptedImporter) -> (artifact id: '0c65fc925f1fb733962e36a171aa41ed') in 0.018127875 seconds
Number of updated asset objects reloaded before import = 0Number of asset objects unloaded after import = 1

========================================================================
Received Import Request.
  Time since last request: 0.000057 seconds.
  path: Packages/com.unity.render-pipelines.universal/Runtime/Decal/DBuffer
  artifactKey: Guid(f68d0654b5ceb4a4b92e324b3d1a373c) Importer(2089858483,b0f066a214c2f5e87bad3c948f4d605d)
Start importing Packages/com.unity.render-pipelines.universal/Runtime/Decal/DBuffer using Guid(f68d0654b5ceb4a4b92e324b3d1a373c) Importer(2089858483,b0f066a214c2f5e87bad3c948f4d605d) (ScriptedImporter) -> (artifact id: '20710f4888242399ddca914d9444c485') in 0.002268708 seconds
Number of updated asset objects reloaded before import = 0Number of asset objects unloaded after import = 1

========================================================================
Received Import Request.
  Time since last request: 0.000062 seconds.
  path: Packages/com.unity.visualscripting/Runtime/VisualScripting.Core/Listeners
  artifactKey: Guid(022d95ee6add4c17812d8d22f3343630) Importer(2089858483,b0f066a214c2f5e87bad3c948f4d605d)
Start importing Packages/com.unity.visualscripting/Runtime/VisualScripting.Core/Listeners using Guid(022d95ee6add4c17812d8d22f3343630) Importer(2089858483,b0f066a214c2f5e87bad3c948f4d605d) (ScriptedImporter) -> (artifact id: '6505f1edcd13cd1cfce7750a25ae1695') in 0.002513542 seconds
Number of updated asset objects reloaded before import = 0Number of asset objects unloaded after import = 1

========================================================================
Received Import Request.
  Time since last request: 0.000056 seconds.
  path: Packages/com.unity.render-pipelines.core/Tests/Editor/Analytics
  artifactKey: Guid(1b3ed7ed96f03fb41af34f1c2e6a1fff) Importer(2089858483,b0f066a214c2f5e87bad3c948f4d605d)
Start importing Packages/com.unity.render-pipelines.core/Tests/Editor/Analytics using Guid(1b3ed7ed96f03fb41af34f1c2e6a1fff) Importer(2089858483,b0f066a214c2f5e87bad3c948f4d605d) (ScriptedImporter) -> (artifact id: 'd1297e75f95a67652f0a97ce974fcd4c') in 0.002339417 seconds
Number of updated asset objects reloaded before import = 0Number of asset objects unloaded after import = 1

========================================================================
Received Import Request.
  Time since last request: 0.000056 seconds.
  path: Packages/com.unity.2d.sprite
  artifactKey: Guid(48c2824b53fb5ee91a0a4e7d340d9fa0) Importer(2089858483,b0f066a214c2f5e87bad3c948f4d605d)
Start importing Packages/com.unity.2d.sprite using Guid(48c2824b53fb5ee91a0a4e7d340d9fa0) Importer(2089858483,b0f066a214c2f5e87bad3c948f4d605d) (ScriptedImporter) -> (artifact id: 'ff3c664af5ac84bc29aac8e09726bf20') in 0.002186209 seconds
Number of updated asset objects reloaded before import = 0Number of asset objects unloaded after import = 1

========================================================================
Received Import Request.
  Time since last request: 0.000041 seconds.
  path: Packages/com.unity.collab-proxy/Lib/Editor
  artifactKey: Guid(7a5a6b0b4d8d6d6428e297651ac42235) Importer(2089858483,b0f066a214c2f5e87bad3c948f4d605d)
Start importing Packages/com.unity.collab-proxy/Lib/Editor using Guid(7a5a6b0b4d8d6d6428e297651ac42235) Importer(2089858483,b0f066a214c2f5e87bad3c948f4d605d) (ScriptedImporter) -> (artifact id: 'aec792cfdf644a6baec3b632d45b9b30') in 0.002550416 seconds
Number of updated asset objects reloaded before import = 0Number of asset objects unloaded after import = 1

========================================================================
Received Import Request.
  Time since last request: 0.000048 seconds.
  path: Packages/com.unity.collab-proxy/Editor/Inspector
  artifactKey: Guid(d4f346ffc6a5b7146bdff6f43464df28) Importer(2089858483,b0f066a214c2f5e87bad3c948f4d605d)
Start importing Packages/com.unity.collab-proxy/Editor/Inspector using Guid(d4f346ffc6a5b7146bdff6f43464df28) Importer(2089858483,b0f066a214c2f5e87bad3c948f4d605d) (ScriptedImporter) -> (artifact id: 'd7539d2e757ab6694c8adf336fca88d5') in 0.002263 seconds
Number of updated asset objects reloaded before import = 0Number of asset objects unloaded after import = 1

========================================================================
Received Import Request.
  Time since last request: 0.000045 seconds.
  path: Packages/com.unity.visualscripting/Editor/VisualScripting.Core/Dependencies/Assemblies/WINx64
  artifactKey: Guid(51651ecece87bbe46b6b4c9574de00e3) Importer(2089858483,b0f066a214c2f5e87bad3c948f4d605d)
Start importing Packages/com.unity.visualscripting/Editor/VisualScripting.Core/Dependencies/Assemblies/WINx64 using Guid(51651ecece87bbe46b6b4c9574de00e3) Importer(2089858483,b0f066a214c2f5e87bad3c948f4d605d) (ScriptedImporter) -> (artifact id: '9fa38237d2a3352c74e2de4903d67f93') in 0.002504292 seconds
Number of updated asset objects reloaded before import = 0Number of asset objects unloaded after import = 1

========================================================================
Received Import Request.
  Time since last request: 0.000053 seconds.
  path: Packages/com.unity.collab-proxy/Editor/Assistant/UI/Interactions
  artifactKey: Guid(6ed4af135d46444bb82543c0676535c8) Importer(2089858483,b0f066a214c2f5e87bad3c948f4d605d)
Start importing Packages/com.unity.collab-proxy/Editor/Assistant/UI/Interactions using Guid(6ed4af135d46444bb82543c0676535c8) Importer(2089858483,b0f066a214c2f5e87bad3c948f4d605d) (ScriptedImporter) -> (artifact id: '3b51d147391e5f99987ca33994bcc675') in 0.003885292 seconds
Number of updated asset objects reloaded before import = 0Number of asset objects unloaded after import = 1

========================================================================
Received Import Request.
  Time since last request: 0.000044 seconds.
  path: Packages/com.unity.visualscripting/Editor/VisualScripting.Core/Inspection/Unity
  artifactKey: Guid(206fb1773170a4c71a2e91f8768d6d73) Importer(2089858483,b0f066a214c2f5e87bad3c948f4d605d)
Start importing Packages/com.unity.visualscripting/Editor/VisualScripting.Core/Inspection/Unity using Guid(206fb1773170a4c71a2e91f8768d6d73) Importer(2089858483,b0f066a214c2f5e87bad3c948f4d605d) (ScriptedImporter) -> (artifact id: '1ff751d4eac4ea2671920fae42eac75b') in 0.002032875 seconds
Number of updated asset objects reloaded before import = 0Number of asset objects unloaded after import = 1

========================================================================
Received Import Request.
  Time since last request: 0.000053 seconds.
  path: Packages/com.unity.test-framework/UnityEditor.TestRunner/UnityTestProtocol
  artifactKey: Guid(936c6340f3468444ebb1785b4c311126) Importer(2089858483,b0f066a214c2f5e87bad3c948f4d605d)
Start importing Packages/com.unity.test-framework/UnityEditor.TestRunner/UnityTestProtocol using Guid(936c6340f3468444ebb1785b4c311126) Importer(2089858483,b0f066a214c2f5e87bad3c948f4d605d) (ScriptedImporter) -> (artifact id: '9e0d0f1d829f2bae3cdc5d1d29876fc3') in 0.002222583 seconds
Number of updated asset objects reloaded before import = 0Number of asset objects unloaded after import = 1

========================================================================
Received Import Request.
  Time since last request: 0.000048 seconds.
  path: Packages/com.unity.visualscripting/Runtime/VisualScripting.Core/Attributes
  artifactKey: Guid(ffdd4c88c153a284e9574aaf8e695e65) Importer(2089858483,b0f066a214c2f5e87bad3c948f4d605d)
Start importing Packages/com.unity.visualscripting/Runtime/VisualScripting.Core/Attributes using Guid(ffdd4c88c153a284e9574aaf8e695e65) Importer(2089858483,b0f066a214c2f5e87bad3c948f4d605d) (ScriptedImporter) -> (artifact id: 'fcd8cf120008eea59ab2e654317bd86b') in 0.002276375 seconds
Number of updated asset objects reloaded before import = 0Number of asset objects unloaded after import = 1

========================================================================
Received Import Request.
  Time since last request: 0.000045 seconds.
  path: Packages/com.unity.test-framework/UnityEngine.TestRunner/TestRunner/Callbacks
  artifactKey: Guid(61e236e8570a95e4eb754fb291e102e0) Importer(2089858483,b0f066a214c2f5e87bad3c948f4d605d)
Start importing Packages/com.unity.test-framework/UnityEngine.TestRunner/TestRunner/Callbacks using Guid(61e236e8570a95e4eb754fb291e102e0) Importer(2089858483,b0f066a214c2f5e87bad3c948f4d605d) (ScriptedImporter) -> (artifact id: '451b41ee30bbc9cd747ac52d7acac9b0') in 0.002560541 seconds
Number of updated asset objects reloaded before import = 0Number of asset objects unloaded after import = 1

========================================================================
Received Import Request.
  Time since last request: 0.000049 seconds.
  path: Packages/com.unity.render-pipelines.universal/Editor/2D/ShaderGraph/Nodes
  artifactKey: Guid(f270bf32cbff4c02ae07004a815c5632) Importer(2089858483,b0f066a214c2f5e87bad3c948f4d605d)
Start importing Packages/com.unity.render-pipelines.universal/Editor/2D/ShaderGraph/Nodes using Guid(f270bf32cbff4c02ae07004a815c5632) Importer(2089858483,b0f066a214c2f5e87bad3c948f4d605d) (ScriptedImporter) -> (artifact id: 'e097957d209bcf0c4f9cf688eb5f7808') in 0.002385333 seconds
Number of updated asset objects reloaded before import = 0Number of asset objects unloaded after import = 1

========================================================================
Received Import Request.
  Time since last request: 0.000059 seconds.
  path: Packages/com.unity.visualscripting/Editor/VisualScripting.Core/Windows/GenerateDocumentationWindow
  artifactKey: Guid(f460a2f74cd1d45a992c21a10d22c582) Importer(2089858483,b0f066a214c2f5e87bad3c948f4d605d)
Start importing Packages/com.unity.visualscripting/Editor/VisualScripting.Core/Windows/GenerateDocumentationWindow using Guid(f460a2f74cd1d45a992c21a10d22c582) Importer(2089858483,b0f066a214c2f5e87bad3c948f4d605d) (ScriptedImporter) -> (artifact id: '609fcca2b3ae5bbc44ff636bb540d3ce') in 0.004651084 seconds
Number of updated asset objects reloaded before import = 0Number of asset objects unloaded after import = 1

========================================================================
Received Import Request.
  Time since last request: 0.000052 seconds.
  path: Packages/com.unity.render-pipelines.universal/Textures/BlueNoise16/L
  artifactKey: Guid(4eb46e164ba847b4396d73b7491c99d3) Importer(2089858483,b0f066a214c2f5e87bad3c948f4d605d)
Start importing Packages/com.unity.render-pipelines.universal/Textures/BlueNoise16/L using Guid(4eb46e164ba847b4396d73b7491c99d3) Importer(2089858483,b0f066a214c2f5e87bad3c948f4d605d) (ScriptedImporter) -> (artifact id: '6acf5a6972359a25c3d52dc0713d4305') in 0.002340375 seconds
Number of updated asset objects reloaded before import = 0Number of asset objects unloaded after import = 1

========================================================================
Received Import Request.
  Time since last request: 0.000054 seconds.
  path: Packages/com.unity.shadergraph/Editor/Data/Nodes/Input/Geometry
  artifactKey: Guid(5e9138df313dc9e4fa20f92625c26b59) Importer(2089858483,b0f066a214c2f5e87bad3c948f4d605d)
Start importing Packages/com.unity.shadergraph/Editor/Data/Nodes/Input/Geometry using Guid(5e9138df313dc9e4fa20f92625c26b59) Importer(2089858483,b0f066a214c2f5e87bad3c948f4d605d) (ScriptedImporter) -> (artifact id: '438568e98f708a35a7e05444575361ec') in 0.002309292 seconds
Number of updated asset objects reloaded before import = 0Number of asset objects unloaded after import = 1

========================================================================
Received Import Request.
  Time since last request: 0.000060 seconds.
  path: Packages/com.unity.shadergraph/Editor/Generation/Targets/Terrain/Includes
  artifactKey: Guid(22acd4a9b5da4f678c564195d78bbed3) Importer(2089858483,b0f066a214c2f5e87bad3c948f4d605d)
Start importing Packages/com.unity.shadergraph/Editor/Generation/Targets/Terrain/Includes using Guid(22acd4a9b5da4f678c564195d78bbed3) Importer(2089858483,b0f066a214c2f5e87bad3c948f4d605d) (ScriptedImporter) -> (artifact id: '015228e901488d1254108145e9656400') in 0.003171708 seconds
Number of updated asset objects reloaded before import = 0Number of asset objects unloaded after import = 1

========================================================================
Received Import Request.
  Time since last request: 0.000047 seconds.
  path: Packages/com.unity.render-pipelines.universal/Runtime/Materials/PhysicalMaterial3DsMax
  artifactKey: Guid(6008daaf28fd58349b70105e46e2a92b) Importer(2089858483,b0f066a214c2f5e87bad3c948f4d605d)
Start importing Packages/com.unity.render-pipelines.universal/Runtime/Materials/PhysicalMaterial3DsMax using Guid(6008daaf28fd58349b70105e46e2a92b) Importer(2089858483,b0f066a214c2f5e87bad3c948f4d605d) (ScriptedImporter) -> (artifact id: 'e9d8cf73bf330f58ba03deefce38d7f6') in 0.003781125 seconds
Number of updated asset objects reloaded before import = 0Number of asset objects unloaded after import = 1

========================================================================
Received Import Request.
  Time since last request: 0.000058 seconds.
  path: Packages/com.unity.render-pipelines.core/Runtime-PrivateShared
  artifactKey: Guid(3bc3c7fe1d0033c4aaa7cd04fe5ba574) Importer(2089858483,b0f066a214c2f5e87bad3c948f4d605d)
Start importing Packages/com.unity.render-pipelines.core/Runtime-PrivateShared using Guid(3bc3c7fe1d0033c4aaa7cd04fe5ba574) Importer(2089858483,b0f066a214c2f5e87bad3c948f4d605d) (ScriptedImporter) -> (artifact id: '04ded857a86f3375bdfe42d7ca27f644') in 0.00221825 seconds
Number of updated asset objects reloaded before import = 0Number of asset objects unloaded after import = 1

========================================================================
Received Import Request.
  Time since last request: 0.000042 seconds.
  path: Packages/com.unity.searcher/Editor/Resources/FlatSkin/Font
  artifactKey: Guid(d0feff57b6f6c594f86fff295ec0fe3f) Importer(2089858483,b0f066a214c2f5e87bad3c948f4d605d)
Start importing Packages/com.unity.searcher/Editor/Resources/FlatSkin/Font using Guid(d0feff57b6f6c594f86fff295ec0fe3f) Importer(2089858483,b0f066a214c2f5e87bad3c948f4d605d) (ScriptedImporter) -> (artifact id: '05947193e938d5430bbc7ba7c3c41c4d') in 0.00378275 seconds
Number of updated asset objects reloaded before import = 0Number of asset objects unloaded after import = 1

========================================================================
Received Import Request.
  Time since last request: 0.000046 seconds.
  path: Packages/com.unity.render-pipelines.core/Editor/Camera
  artifactKey: Guid(234fa6c8645c73d4e8857414e1823942) Importer(2089858483,b0f066a214c2f5e87bad3c948f4d605d)
Start importing Packages/com.unity.render-pipelines.core/Editor/Camera using Guid(234fa6c8645c73d4e8857414e1823942) Importer(2089858483,b0f066a214c2f5e87bad3c948f4d605d) (ScriptedImporter) -> (artifact id: '408eae70dc3174f14a114065a0d452be') in 0.002423084 seconds
Number of updated asset objects reloaded before import = 0Number of asset objects unloaded after import = 1

========================================================================
Received Import Request.
  Time since last request: 0.000068 seconds.
  path: Packages/com.unity.inputsystem/InputSystem/Runtime/Events
  artifactKey: Guid(99f4ddb4a8fa4fcfa25917e64bcc6e8c) Importer(2089858483,b0f066a214c2f5e87bad3c948f4d605d)
Start importing Packages/com.unity.inputsystem/InputSystem/Runtime/Events using Guid(99f4ddb4a8fa4fcfa25917e64bcc6e8c) Importer(2089858483,b0f066a214c2f5e87bad3c948f4d605d) (ScriptedImporter) -> (artifact id: '589bf3bb283c994d52afc6b03bd15098') in 0.002320709 seconds
Number of updated asset objects reloaded before import = 0Number of asset objects unloaded after import = 1

========================================================================
Received Import Request.
  Time since last request: 0.000054 seconds.
  path: Packages/com.unity.collab-proxy/Editor/Topbar
  artifactKey: Guid(901a4c5ec64146f597bf2295de8457e9) Importer(2089858483,b0f066a214c2f5e87bad3c948f4d605d)
Start importing Packages/com.unity.collab-proxy/Editor/Topbar using Guid(901a4c5ec64146f597bf2295de8457e9) Importer(2089858483,b0f066a214c2f5e87bad3c948f4d605d) (ScriptedImporter) -> (artifact id: '7c9221e7bfb3fdbafd61b57ba761eb8d') in 0.002379209 seconds
Number of updated asset objects reloaded before import = 0Number of asset objects unloaded after import = 1

========================================================================
Received Import Request.
  Time since last request: 0.000080 seconds.
  path: Packages/com.unity.2d.tooling/Editor/Insider/SpriteAtlas/SpriteAtlasIssueReport/UIElement
  artifactKey: Guid(b9e6979f9495e40848d47a268d7dc313) Importer(2089858483,b0f066a214c2f5e87bad3c948f4d605d)
Start importing Packages/com.unity.2d.tooling/Editor/Insider/SpriteAtlas/SpriteAtlasIssueReport/UIElement using Guid(b9e6979f9495e40848d47a268d7dc313) Importer(2089858483,b0f066a214c2f5e87bad3c948f4d605d) (ScriptedImporter) -> (artifact id: '0918d17ae2aec8eaf228be3ba19af290') in 0.002496708 seconds
Number of updated asset objects reloaded before import = 0Number of asset objects unloaded after import = 1

========================================================================
Received Import Request.
  Time since last request: 0.000068 seconds.
  path: Packages/com.unity.searcher/Editor/Searcher
  artifactKey: Guid(4b1180a47f4e54c43af13ef6a4a06621) Importer(2089858483,b0f066a214c2f5e87bad3c948f4d605d)
Start importing Packages/com.unity.searcher/Editor/Searcher using Guid(4b1180a47f4e54c43af13ef6a4a06621) Importer(2089858483,b0f066a214c2f5e87bad3c948f4d605d) (ScriptedImporter) -> (artifact id: '9565a229ab6a5b486db8de327d5c0e06') in 0.004374208 seconds
Number of updated asset objects reloaded before import = 0Number of asset objects unloaded after import = 1

========================================================================
Received Import Request.
  Time since last request: 0.000054 seconds.
  path: Packages/com.unity.render-pipelines.core/Runtime/Sampling/Textures/SobolBlueNoise
  artifactKey: Guid(5cd9d26d95a75804d8f849a19ab998e7) Importer(2089858483,b0f066a214c2f5e87bad3c948f4d605d)
Start importing Packages/com.unity.render-pipelines.core/Runtime/Sampling/Textures/SobolBlueNoise using Guid(5cd9d26d95a75804d8f849a19ab998e7) Importer(2089858483,b0f066a214c2f5e87bad3c948f4d605d) (ScriptedImporter) -> (artifact id: '71358ca4c0cf34d166f0b1e906c4f39d') in 0.002340959 seconds
Number of updated asset objects reloaded before import = 0Number of asset objects unloaded after import = 1

========================================================================
Received Import Request.
  Time since last request: 0.000058 seconds.
  path: Packages/com.unity.visualscripting/Runtime/VisualScripting.Core/EditorBinding/Inspector
  artifactKey: Guid(193fa7c33c70d40c59275a970ac8eaf8) Importer(2089858483,b0f066a214c2f5e87bad3c948f4d605d)
Start importing Packages/com.unity.visualscripting/Runtime/VisualScripting.Core/EditorBinding/Inspector using Guid(193fa7c33c70d40c59275a970ac8eaf8) Importer(2089858483,b0f066a214c2f5e87bad3c948f4d605d) (ScriptedImporter) -> (artifact id: '6d3600f8d8f6c1198757a3890b2ed8cf') in 0.002364166 seconds
Number of updated asset objects reloaded before import = 0Number of asset objects unloaded after import = 1

========================================================================
Received Import Request.
  Time since last request: 0.000057 seconds.
  path: Packages/com.unity.render-pipelines.core/Runtime/Debugging
  artifactKey: Guid(58a02e8711d94134393b2a8ac22b96ca) Importer(2089858483,b0f066a214c2f5e87bad3c948f4d605d)
Start importing Packages/com.unity.render-pipelines.core/Runtime/Debugging using Guid(58a02e8711d94134393b2a8ac22b96ca) Importer(2089858483,b0f066a214c2f5e87bad3c948f4d605d) (ScriptedImporter) -> (artifact id: '5058242ff860336ffe85e4c30b774a89') in 0.002233625 seconds
Number of updated asset objects reloaded before import = 0Number of asset objects unloaded after import = 1

========================================================================
Received Import Request.
  Time since last request: 0.000040 seconds.
  path: Packages/com.unity.ide.rider/Rider/Editor/Properties
  artifactKey: Guid(354fde95fe0643b09509e5fcee350b33) Importer(2089858483,b0f066a214c2f5e87bad3c948f4d605d)
Start importing Packages/com.unity.ide.rider/Rider/Editor/Properties using Guid(354fde95fe0643b09509e5fcee350b33) Importer(2089858483,b0f066a214c2f5e87bad3c948f4d605d) (ScriptedImporter) -> (artifact id: '5d3ba66d683a12ec65fa2c67032de838') in 0.002348125 seconds
Number of updated asset objects reloaded before import = 0Number of asset objects unloaded after import = 1

========================================================================
Received Import Request.
  Time since last request: 0.000054 seconds.
  path: Packages/com.unity.render-pipelines.universal/Shaders/XR
  artifactKey: Guid(e3ddeb98d5e10214c9be71d26faa6a3d) Importer(2089858483,b0f066a214c2f5e87bad3c948f4d605d)
Start importing Packages/com.unity.render-pipelines.universal/Shaders/XR using Guid(e3ddeb98d5e10214c9be71d26faa6a3d) Importer(2089858483,b0f066a214c2f5e87bad3c948f4d605d) (ScriptedImporter) -> (artifact id: '31be4c6888571d797b974e308ada26c6') in 0.002059583 seconds
Number of updated asset objects reloaded before import = 0Number of asset objects unloaded after import = 1

========================================================================
Received Import Request.
  Time since last request: 0.000055 seconds.
  path: Packages/com.unity.collab-proxy/Editor/Views/PendingChanges
  artifactKey: Guid(5d558eb582a19cf46b06976fb93d7896) Importer(2089858483,b0f066a214c2f5e87bad3c948f4d605d)
Start importing Packages/com.unity.collab-proxy/Editor/Views/PendingChanges using Guid(5d558eb582a19cf46b06976fb93d7896) Importer(2089858483,b0f066a214c2f5e87bad3c948f4d605d) (ScriptedImporter) -> (artifact id: '41fece2fef02897474b21835f013ced3') in 0.003464333 seconds
Number of updated asset objects reloaded before import = 0Number of asset objects unloaded after import = 1

========================================================================
Received Import Request.
  Time since last request: 0.000049 seconds.
  path: Packages/com.unity.render-pipelines.universal-config
  artifactKey: Guid(9ebba4de0bc7f6a8d93a6a7ce368a4c7) Importer(2089858483,b0f066a214c2f5e87bad3c948f4d605d)
Start importing Packages/com.unity.render-pipelines.universal-config using Guid(9ebba4de0bc7f6a8d93a6a7ce368a4c7) Importer(2089858483,b0f066a214c2f5e87bad3c948f4d605d) (ScriptedImporter) -> (artifact id: '1b64fa9370a5f394a07c11a6c024ca64') in 0.002311917 seconds
Number of updated asset objects reloaded before import = 0Number of asset objects unloaded after import = 1

========================================================================
Received Import Request.
  Time since last request: 0.000052 seconds.
  path: Packages/com.unity.collab-proxy/Editor/_Deprecated/WebApi
  artifactKey: Guid(04c87a0216f9bb2468a7ea4efcb91444) Importer(2089858483,b0f066a214c2f5e87bad3c948f4d605d)
Start importing Packages/com.unity.collab-proxy/Editor/_Deprecated/WebApi using Guid(04c87a0216f9bb2468a7ea4efcb91444) Importer(2089858483,b0f066a214c2f5e87bad3c948f4d605d) (ScriptedImporter) -> (artifact id: '1166918970598445bd659d5f63e8365f') in 0.002606917 seconds
Number of updated asset objects reloaded before import = 0Number of asset objects unloaded after import = 1

========================================================================
Received Import Request.
  Time since last request: 0.000047 seconds.
  path: Packages/com.unity.collab-proxy/Editor/Diff/Asset/Content/Filtering
  artifactKey: Guid(e0f244660204c468a8fe30e330135e0d) Importer(2089858483,b0f066a214c2f5e87bad3c948f4d605d)
Start importing Packages/com.unity.collab-proxy/Editor/Diff/Asset/Content/Filtering using Guid(e0f244660204c468a8fe30e330135e0d) Importer(2089858483,b0f066a214c2f5e87bad3c948f4d605d) (ScriptedImporter) -> (artifact id: '203cecd88d09a9ac59971562e273d0c4') in 0.002328541 seconds
Number of updated asset objects reloaded before import = 0Number of asset objects unloaded after import = 1

========================================================================
Received Import Request.
  Time since last request: 0.000061 seconds.
  path: Packages/com.unity.mathematics/Tests/Tests/Shared
  artifactKey: Guid(1d6d62c94d82bf748b95682fa88ef3b9) Importer(2089858483,b0f066a214c2f5e87bad3c948f4d605d)
Start importing Packages/com.unity.mathematics/Tests/Tests/Shared using Guid(1d6d62c94d82bf748b95682fa88ef3b9) Importer(2089858483,b0f066a214c2f5e87bad3c948f4d605d) (ScriptedImporter) -> (artifact id: '7ebd03d14887406057b6390eef615337') in 0.002714125 seconds
Number of updated asset objects reloaded before import = 0Number of asset objects unloaded after import = 1

========================================================================
Received Import Request.
  Time since last request: 0.000060 seconds.
  path: Packages/com.unity.visualscripting/Runtime/VisualScripting.Core/Cloning/Cloners
  artifactKey: Guid(c562f70f440ba462ba456f970152ebb1) Importer(2089858483,b0f066a214c2f5e87bad3c948f4d605d)
Start importing Packages/com.unity.visualscripting/Runtime/VisualScripting.Core/Cloning/Cloners using Guid(c562f70f440ba462ba456f970152ebb1) Importer(2089858483,b0f066a214c2f5e87bad3c948f4d605d) (ScriptedImporter) -> (artifact id: 'eafe7278f730a9ece90cb50cb04e432a') in 0.002303875 seconds
Number of updated asset objects reloaded before import = 0Number of asset objects unloaded after import = 1

========================================================================
Received Import Request.
  Time since last request: 0.000048 seconds.
  path: Packages/com.unity.visualscripting/Runtime/VisualScripting.Flow/Framework/Logic
  artifactKey: Guid(1b5cf8905f3354973b2e6c96dd67a425) Importer(2089858483,b0f066a214c2f5e87bad3c948f4d605d)
Start importing Packages/com.unity.visualscripting/Runtime/VisualScripting.Flow/Framework/Logic using Guid(1b5cf8905f3354973b2e6c96dd67a425) Importer(2089858483,b0f066a214c2f5e87bad3c948f4d605d) (ScriptedImporter) -> (artifact id: '185337099170afc73236f05fd19714d1') in 0.002195541 seconds
Number of updated asset objects reloaded before import = 0Number of asset objects unloaded after import = 1

========================================================================
Received Import Request.
  Time since last request: 0.000056 seconds.
  path: Packages/com.unity.2d.animation/Editor/SkinningModule/Cache
  artifactKey: Guid(d59ac20961f9b95419fd53d6c9663903) Importer(2089858483,b0f066a214c2f5e87bad3c948f4d605d)
Start importing Packages/com.unity.2d.animation/Editor/SkinningModule/Cache using Guid(d59ac20961f9b95419fd53d6c9663903) Importer(2089858483,b0f066a214c2f5e87bad3c948f4d605d) (ScriptedImporter) -> (artifact id: '76d0be504a90f9f73bf57ef7aad3e597') in 0.002189958 seconds
Number of updated asset objects reloaded before import = 0Number of asset objects unloaded after import = 1

========================================================================
Received Import Request.
  Time since last request: 0.000053 seconds.
  path: Packages/com.unity.2d.spriteshape/Tests
  artifactKey: Guid(cf00ad4c95f59411ba959a51a6c8be34) Importer(2089858483,b0f066a214c2f5e87bad3c948f4d605d)
Start importing Packages/com.unity.2d.spriteshape/Tests using Guid(cf00ad4c95f59411ba959a51a6c8be34) Importer(2089858483,b0f066a214c2f5e87bad3c948f4d605d) (ScriptedImporter) -> (artifact id: '66b34a108a98a5ebe97c9d1d1b4cd299') in 0.002325292 seconds
Number of updated asset objects reloaded before import = 0Number of asset objects unloaded after import = 1

========================================================================
Received Import Request.
  Time since last request: 0.000037 seconds.
  path: Packages/com.unity.inputsystem/InputSystem/Runtime/Devices/Precompiled
  artifactKey: Guid(6600059bab4cd4a4ab586e5bb07df47b) Importer(2089858483,b0f066a214c2f5e87bad3c948f4d605d)
Start importing Packages/com.unity.inputsystem/InputSystem/Runtime/Devices/Precompiled using Guid(6600059bab4cd4a4ab586e5bb07df47b) Importer(2089858483,b0f066a214c2f5e87bad3c948f4d605d) (ScriptedImporter) -> (artifact id: '5826db15f38613a04798707ab6c9058a') in 0.001989292 seconds
Number of updated asset objects reloaded before import = 0Number of asset objects unloaded after import = 1

========================================================================
Received Import Request.
  Time since last request: 0.000056 seconds.
  path: Packages/com.unity.render-pipelines.universal/Tests
  artifactKey: Guid(90821e75f62bb9e4ea9d6111201e1d90) Importer(2089858483,b0f066a214c2f5e87bad3c948f4d605d)
Start importing Packages/com.unity.render-pipelines.universal/Tests using Guid(90821e75f62bb9e4ea9d6111201e1d90) Importer(2089858483,b0f066a214c2f5e87bad3c948f4d605d) (ScriptedImporter) -> (artifact id: '240781378556784794a0994de9a8fd59') in 0.002322416 seconds
Number of updated asset objects reloaded before import = 0Number of asset objects unloaded after import = 1

========================================================================
Received Import Request.
  Time since last request: 0.000052 seconds.
  path: Packages/com.unity.test-framework/UnityEngine.TestRunner/NUnitExtensions/Attributes
  artifactKey: Guid(0cb14878543cf3d4f8472b15f7ecf0e3) Importer(2089858483,b0f066a214c2f5e87bad3c948f4d605d)
Start importing Packages/com.unity.test-framework/UnityEngine.TestRunner/NUnitExtensions/Attributes using Guid(0cb14878543cf3d4f8472b15f7ecf0e3) Importer(2089858483,b0f066a214c2f5e87bad3c948f4d605d) (ScriptedImporter) -> (artifact id: '52d509eedc82e4110e9e492ce0db989d') in 0.00241575 seconds
Number of updated asset objects reloaded before import = 0Number of asset objects unloaded after import = 1

========================================================================
Received Import Request.
  Time since last request: 0.000051 seconds.
  path: Packages/com.unity.inputsystem/DocCodeSamples.Tests
  artifactKey: Guid(c0f26b555bfc14351a9f8ec342fd6ae8) Importer(2089858483,b0f066a214c2f5e87bad3c948f4d605d)
Start importing Packages/com.unity.inputsystem/DocCodeSamples.Tests using Guid(c0f26b555bfc14351a9f8ec342fd6ae8) Importer(2089858483,b0f066a214c2f5e87bad3c948f4d605d) (ScriptedImporter) -> (artifact id: '1b29ed078e86de3703ffd0143d0ad15b') in 0.002256292 seconds
Number of updated asset objects reloaded before import = 0Number of asset objects unloaded after import = 1

========================================================================
Received Import Request.
  Time since last request: 0.000054 seconds.
  path: Packages/com.unity.ugui/Runtime/UGUI/UI/Core/Culling
  artifactKey: Guid(27ed3e221887b3544bd9d6505d4a789f) Importer(2089858483,b0f066a214c2f5e87bad3c948f4d605d)
Start importing Packages/com.unity.ugui/Runtime/UGUI/UI/Core/Culling using Guid(27ed3e221887b3544bd9d6505d4a789f) Importer(2089858483,b0f066a214c2f5e87bad3c948f4d605d) (ScriptedImporter) -> (artifact id: '3f85fc328ff4b871b1ce505d8202d600') in 0.002402208 seconds
Number of updated asset objects reloaded before import = 0Number of asset objects unloaded after import = 1

========================================================================
Received Import Request.
  Time since last request: 0.000050 seconds.
  path: Packages/com.unity.mathematics
  artifactKey: Guid(45c97f030cad27ef8667e2ac80bf5783) Importer(2089858483,b0f066a214c2f5e87bad3c948f4d605d)
Start importing Packages/com.unity.mathematics using Guid(45c97f030cad27ef8667e2ac80bf5783) Importer(2089858483,b0f066a214c2f5e87bad3c948f4d605d) (ScriptedImporter) -> (artifact id: '74ef093432c9e27091fddde453e1459e') in 0.001841542 seconds
Number of updated asset objects reloaded before import = 0Number of asset objects unloaded after import = 1

========================================================================
Received Import Request.
  Time since last request: 0.000042 seconds.
  path: Packages/com.unity.collab-proxy/Editor/Gluon/UpdateReport
  artifactKey: Guid(a3f9d1ab8dcbb414abb3380d0d8032fc) Importer(2089858483,b0f066a214c2f5e87bad3c948f4d605d)
Start importing Packages/com.unity.collab-proxy/Editor/Gluon/UpdateReport using Guid(a3f9d1ab8dcbb414abb3380d0d8032fc) Importer(2089858483,b0f066a214c2f5e87bad3c948f4d605d) (ScriptedImporter) -> (artifact id: 'a05a0550f7730fd55145e367444ee199') in 0.002288334 seconds
Number of updated asset objects reloaded before import = 0Number of asset objects unloaded after import = 1

========================================================================
Received Import Request.
  Time since last request: 0.000057 seconds.
  path: Packages/com.unity.shadergraph/Editor/Data/Nodes/Input/UI
  artifactKey: Guid(f80c685d59366e44585a7011c5d7b1ea) Importer(2089858483,b0f066a214c2f5e87bad3c948f4d605d)
Start importing Packages/com.unity.shadergraph/Editor/Data/Nodes/Input/UI using Guid(f80c685d59366e44585a7011c5d7b1ea) Importer(2089858483,b0f066a214c2f5e87bad3c948f4d605d) (ScriptedImporter) -> (artifact id: '06087b6e5f1b70e2a7509858cdd2517c') in 0.002373292 seconds
Number of updated asset objects reloaded before import = 0Number of asset objects unloaded after import = 1

========================================================================
Received Import Request.
  Time since last request: 0.000049 seconds.
  path: Packages/com.unity.visualscripting/Editor/VisualScripting.Flow
  artifactKey: Guid(750eeeada0c45474dabb33ca7b3777dd) Importer(2089858483,b0f066a214c2f5e87bad3c948f4d605d)
Start importing Packages/com.unity.visualscripting/Editor/VisualScripting.Flow using Guid(750eeeada0c45474dabb33ca7b3777dd) Importer(2089858483,b0f066a214c2f5e87bad3c948f4d605d) (ScriptedImporter) -> (artifact id: 'd27c5691e457b484b583523fe56d9ed1') in 0.001943416 seconds
Number of updated asset objects reloaded before import = 0Number of asset objects unloaded after import = 1

========================================================================
Received Import Request.
  Time since last request: 0.000052 seconds.
  path: Packages/com.unity.collab-proxy/Editor/Views/Diff/Dialogs
  artifactKey: Guid(3ac250bc549a212428286f328779be0e) Importer(2089858483,b0f066a214c2f5e87bad3c948f4d605d)
Start importing Packages/com.unity.collab-proxy/Editor/Views/Diff/Dialogs using Guid(3ac250bc549a212428286f328779be0e) Importer(2089858483,b0f066a214c2f5e87bad3c948f4d605d) (ScriptedImporter) -> (artifact id: '739ca433f973fec05f4daae95bee2ab9') in 0.002146791 seconds
Number of updated asset objects reloaded before import = 0Number of asset objects unloaded after import = 1

========================================================================
Received Import Request.
  Time since last request: 0.000056 seconds.
  path: Packages/com.unity.render-pipelines.core/Editor/Icons/MipLevels/RenderGraphViewer
  artifactKey: Guid(5536d79734dc8e44e90ec12c771b50cc) Importer(2089858483,b0f066a214c2f5e87bad3c948f4d605d)
Start importing Packages/com.unity.render-pipelines.core/Editor/Icons/MipLevels/RenderGraphViewer using Guid(5536d79734dc8e44e90ec12c771b50cc) Importer(2089858483,b0f066a214c2f5e87bad3c948f4d605d) (ScriptedImporter) -> (artifact id: 'b9aa5357a7318e0774440f7e75023030') in 0.002338042 seconds
Number of updated asset objects reloaded before import = 0Number of asset objects unloaded after import = 1

========================================================================
Received Import Request.
  Time since last request: 0.000049 seconds.
  path: Packages/com.unity.shadergraph/Editor/Generation/Targets/UITK/Templates
  artifactKey: Guid(9fbee1430c92c48f793957a37a515e30) Importer(2089858483,b0f066a214c2f5e87bad3c948f4d605d)
Start importing Packages/com.unity.shadergraph/Editor/Generation/Targets/UITK/Templates using Guid(9fbee1430c92c48f793957a37a515e30) Importer(2089858483,b0f066a214c2f5e87bad3c948f4d605d) (ScriptedImporter) -> (artifact id: '9d206c641ccae8c8d1654629499de7bc') in 0.00230825 seconds
Number of updated asset objects reloaded before import = 0Number of asset objects unloaded after import = 1

========================================================================
Received Import Request.
  Time since last request: 0.000052 seconds.
  path: Packages/com.unity.shadergraph/Editor/Data/Nodes/Artistic/Filter
  artifactKey: Guid(e005d19f5315e44bc9f50b3f6f8e50b2) Importer(2089858483,b0f066a214c2f5e87bad3c948f4d605d)
Start importing Packages/com.unity.shadergraph/Editor/Data/Nodes/Artistic/Filter using Guid(e005d19f5315e44bc9f50b3f6f8e50b2) Importer(2089858483,b0f066a214c2f5e87bad3c948f4d605d) (ScriptedImporter) -> (artifact id: '26d03b723eec5530ba69b17e2c6faccf') in 0.002539 seconds
Number of updated asset objects reloaded before import = 0Number of asset objects unloaded after import = 1

========================================================================
Received Import Request.
  Time since last request: 0.000057 seconds.
  path: Packages/com.unity.render-pipelines.core/Runtime/Inputs
  artifactKey: Guid(ab163df5559af4efdb19baea5917049c) Importer(2089858483,b0f066a214c2f5e87bad3c948f4d605d)
Start importing Packages/com.unity.render-pipelines.core/Runtime/Inputs using Guid(ab163df5559af4efdb19baea5917049c) Importer(2089858483,b0f066a214c2f5e87bad3c948f4d605d) (ScriptedImporter) -> (artifact id: '6537bac46d4f7aef9533ae05db5c0e9e') in 0.002344166 seconds
Number of updated asset objects reloaded before import = 0Number of asset objects unloaded after import = 1

========================================================================
Received Import Request.
  Time since last request: 0.000075 seconds.
  path: Packages/com.unity.visualscripting/Editor/VisualScripting.Flow/Linker
  artifactKey: Guid(0b9bc204e63134690a7916ae20e9f2fa) Importer(2089858483,b0f066a214c2f5e87bad3c948f4d605d)
Start importing Packages/com.unity.visualscripting/Editor/VisualScripting.Flow/Linker using Guid(0b9bc204e63134690a7916ae20e9f2fa) Importer(2089858483,b0f066a214c2f5e87bad3c948f4d605d) (ScriptedImporter) -> (artifact id: '2150d27eacb4de1ec8333038ee980c69') in 0.003218166 seconds
Number of updated asset objects reloaded before import = 0Number of asset objects unloaded after import = 1

========================================================================
Received Import Request.
  Time since last request: 0.000046 seconds.
  path: Packages/com.unity.render-pipelines.universal/Editor/RendererFeatures
  artifactKey: Guid(99a2417e5e722410f9df44751ab0de8a) Importer(2089858483,b0f066a214c2f5e87bad3c948f4d605d)
Start importing Packages/com.unity.render-pipelines.universal/Editor/RendererFeatures using Guid(99a2417e5e722410f9df44751ab0de8a) Importer(2089858483,b0f066a214c2f5e87bad3c948f4d605d) (ScriptedImporter) -> (artifact id: 'c80e2097143ecd2343e8fdbce080aa35') in 0.004564792 seconds
Number of updated asset objects reloaded before import = 0Number of asset objects unloaded after import = 1

========================================================================
Received Import Request.
  Time since last request: 0.000051 seconds.
  path: Packages/com.unity.2d.sprite/Editor/UI/SpriteEditor
  artifactKey: Guid(b8f7402084fe2cf4d884952adeac1114) Importer(2089858483,b0f066a214c2f5e87bad3c948f4d605d)
Start importing Packages/com.unity.2d.sprite/Editor/UI/SpriteEditor using Guid(b8f7402084fe2cf4d884952adeac1114) Importer(2089858483,b0f066a214c2f5e87bad3c948f4d605d) (ScriptedImporter) -> (artifact id: 'd98a954f140857f3713a08633e58911d') in 0.002244083 seconds
Number of updated asset objects reloaded before import = 0Number of asset objects unloaded after import = 1

========================================================================
Received Import Request.
  Time since last request: 0.000051 seconds.
  path: Packages/com.unity.2d.aseprite/Editor/Common/InternalBridge
  artifactKey: Guid(e27b4d98b1f4b490a89477e3c1897f83) Importer(2089858483,b0f066a214c2f5e87bad3c948f4d605d)
Start importing Packages/com.unity.2d.aseprite/Editor/Common/InternalBridge using Guid(e27b4d98b1f4b490a89477e3c1897f83) Importer(2089858483,b0f066a214c2f5e87bad3c948f4d605d) (ScriptedImporter) -> (artifact id: 'd521d41eac7231dc35b26fe6a34e29c3') in 0.002184 seconds
Number of updated asset objects reloaded before import = 0Number of asset objects unloaded after import = 1

========================================================================
Received Import Request.
  Time since last request: 0.000050 seconds.
  path: Packages/com.unity.collab-proxy/Editor/CodeEditor/Indentation/CSharp
  artifactKey: Guid(e94d841ac526d47e18fcda89e02906be) Importer(2089858483,b0f066a214c2f5e87bad3c948f4d605d)
Start importing Packages/com.unity.collab-proxy/Editor/CodeEditor/Indentation/CSharp using Guid(e94d841ac526d47e18fcda89e02906be) Importer(2089858483,b0f066a214c2f5e87bad3c948f4d605d) (ScriptedImporter) -> (artifact id: '2c931ff673972a66f60311eba5d1e7f1') in 0.003408041 seconds
Number of updated asset objects reloaded before import = 0Number of asset objects unloaded after import = 1

========================================================================
Received Import Request.
  Time since last request: 0.000048 seconds.
  path: Packages/com.unity.collab-proxy/Editor/Assistant/UI
  artifactKey: Guid(b02a1b8123a74716b340c4f28b0e4c84) Importer(2089858483,b0f066a214c2f5e87bad3c948f4d605d)
Start importing Packages/com.unity.collab-proxy/Editor/Assistant/UI using Guid(b02a1b8123a74716b340c4f28b0e4c84) Importer(2089858483,b0f066a214c2f5e87bad3c948f4d605d) (ScriptedImporter) -> (artifact id: '2fd71323b628b0e4c81728ccf06d2125') in 0.002628167 seconds
Number of updated asset objects reloaded before import = 0Number of asset objects unloaded after import = 1

========================================================================
Received Import Request.
  Time since last request: 0.000081 seconds.
  path: Packages/com.unity.collab-proxy/Editor/CodeEditor/Rendering
  artifactKey: Guid(86790946872c43db8284bef9164fced9) Importer(2089858483,b0f066a214c2f5e87bad3c948f4d605d)
Start importing Packages/com.unity.collab-proxy/Editor/CodeEditor/Rendering using Guid(86790946872c43db8284bef9164fced9) Importer(2089858483,b0f066a214c2f5e87bad3c948f4d605d) (ScriptedImporter) -> (artifact id: '7509cc085b51486bf6c3326793226096') in 0.002712166 seconds
Number of updated asset objects reloaded before import = 0Number of asset objects unloaded after import = 1

========================================================================
Received Import Request.
  Time since last request: 0.000063 seconds.
  path: Packages/com.unity.2d.tooling/Editor
  artifactKey: Guid(da1b1e6ff4825254a9779ec5a75042e0) Importer(2089858483,b0f066a214c2f5e87bad3c948f4d605d)
Start importing Packages/com.unity.2d.tooling/Editor using Guid(da1b1e6ff4825254a9779ec5a75042e0) Importer(2089858483,b0f066a214c2f5e87bad3c948f4d605d) (ScriptedImporter) -> (artifact id: 'c02177dcfd8394ccc1568fe01221d0dc') in 0.0022325 seconds
Number of updated asset objects reloaded before import = 0Number of asset objects unloaded after import = 1

========================================================================
Received Import Request.
  Time since last request: 0.000063 seconds.
  path: Packages/com.unity.ugui/Package Resources
  artifactKey: Guid(5ec95f4d5b2d1f14e9ff8682562553f9) Importer(2089858483,b0f066a214c2f5e87bad3c948f4d605d)
Start importing Packages/com.unity.ugui/Package Resources using Guid(5ec95f4d5b2d1f14e9ff8682562553f9) Importer(2089858483,b0f066a214c2f5e87bad3c948f4d605d) (ScriptedImporter) -> (artifact id: 'bb883d39e731c772d2f41ee1e71f7e0c') in 0.002270542 seconds
Number of updated asset objects reloaded before import = 0Number of asset objects unloaded after import = 1

========================================================================
Received Import Request.
  Time since last request: 0.000049 seconds.
  path: Packages/com.unity.render-pipelines.core/Runtime/Debugging/Prefabs/Widgets
  artifactKey: Guid(4b0ba40f636c768488950e485bd520cb) Importer(2089858483,b0f066a214c2f5e87bad3c948f4d605d)
Start importing Packages/com.unity.render-pipelines.core/Runtime/Debugging/Prefabs/Widgets using Guid(4b0ba40f636c768488950e485bd520cb) Importer(2089858483,b0f066a214c2f5e87bad3c948f4d605d) (ScriptedImporter) -> (artifact id: 'e581459160cd52bc1a187f8961df4139') in 0.002302333 seconds
Number of updated asset objects reloaded before import = 0Number of asset objects unloaded after import = 1

========================================================================
Received Import Request.
  Time since last request: 0.000040 seconds.
  path: Packages/com.unity.render-pipelines.core/Editor/Upscaling
  artifactKey: Guid(dfe03cc61c27c974ab28f8691b3f8c0f) Importer(2089858483,b0f066a214c2f5e87bad3c948f4d605d)
Start importing Packages/com.unity.render-pipelines.core/Editor/Upscaling using Guid(dfe03cc61c27c974ab28f8691b3f8c0f) Importer(2089858483,b0f066a214c2f5e87bad3c948f4d605d) (ScriptedImporter) -> (artifact id: '367bac0e8c95c31879eceb88711c511c') in 0.00212075 seconds
Number of updated asset objects reloaded before import = 0Number of asset objects unloaded after import = 1

========================================================================
Received Import Request.
  Time since last request: 0.000046 seconds.
  path: Packages/com.unity.ugui/Tests/Editor/UGUI/UnityEvent
  artifactKey: Guid(e90cc37a5ccf4a44dbecc5b7172ec512) Importer(2089858483,b0f066a214c2f5e87bad3c948f4d605d)
Start importing Packages/com.unity.ugui/Tests/Editor/UGUI/UnityEvent using Guid(e90cc37a5ccf4a44dbecc5b7172ec512) Importer(2089858483,b0f066a214c2f5e87bad3c948f4d605d) (ScriptedImporter) -> (artifact id: 'de13bf53a6ee41c01bd1fcd34354d307') in 0.00282675 seconds
Number of updated asset objects reloaded before import = 0Number of asset objects unloaded after import = 1

========================================================================
Received Import Request.
  Time since last request: 0.000043 seconds.
  path: Packages/com.unity.collab-proxy/Editor/Assistant
  artifactKey: Guid(36aef18097f54068bfc3cb06c187131a) Importer(2089858483,b0f066a214c2f5e87bad3c948f4d605d)
Start importing Packages/com.unity.collab-proxy/Editor/Assistant using Guid(36aef18097f54068bfc3cb06c187131a) Importer(2089858483,b0f066a214c2f5e87bad3c948f4d605d) (ScriptedImporter) -> (artifact id: '80d5471ca0e78153afb49e787521a34a') in 0.0022225 seconds
Number of updated asset objects reloaded before import = 0Number of asset objects unloaded after import = 1

========================================================================
Received Import Request.
  Time since last request: 0.000051 seconds.
  path: Packages/com.unity.shadergraph/Editor/Data/Nodes/Artistic/Mask
  artifactKey: Guid(cdb8c403de0823942a95a464c32ad0f0) Importer(2089858483,b0f066a214c2f5e87bad3c948f4d605d)
Start importing Packages/com.unity.shadergraph/Editor/Data/Nodes/Artistic/Mask using Guid(cdb8c403de0823942a95a464c32ad0f0) Importer(2089858483,b0f066a214c2f5e87bad3c948f4d605d) (ScriptedImporter) -> (artifact id: 'd63463873a5964f9e84076f0494346b1') in 0.002197041 seconds
Number of updated asset objects reloaded before import = 0Number of asset objects unloaded after import = 1

========================================================================
Received Import Request.
  Time since last request: 0.000057 seconds.
  path: Packages/com.unity.render-pipelines.core/Runtime/UnifiedRayTracing/Common
  artifactKey: Guid(b9f7ba6849814a54bb551f9491377013) Importer(2089858483,b0f066a214c2f5e87bad3c948f4d605d)
Start importing Packages/com.unity.render-pipelines.core/Runtime/UnifiedRayTracing/Common using Guid(b9f7ba6849814a54bb551f9491377013) Importer(2089858483,b0f066a214c2f5e87bad3c948f4d605d) (ScriptedImporter) -> (artifact id: 'af7f5d1f5053ac29218fefa6141a29f6') in 0.002423625 seconds
Number of updated asset objects reloaded before import = 0Number of asset objects unloaded after import = 1

========================================================================
Received Import Request.
  Time since last request: 0.000063 seconds.
  path: Packages/com.unity.visualscripting/Editor/VisualScripting.State/Properties
  artifactKey: Guid(827d5236b5139448087199dead970061) Importer(2089858483,b0f066a214c2f5e87bad3c948f4d605d)
Start importing Packages/com.unity.visualscripting/Editor/VisualScripting.State/Properties using Guid(827d5236b5139448087199dead970061) Importer(2089858483,b0f066a214c2f5e87bad3c948f4d605d) (ScriptedImporter) -> (artifact id: '63b7246d83e7a1539abe5dbadad102d1') in 0.00202525 seconds
Number of updated asset objects reloaded before import = 0Number of asset objects unloaded after import = 1

========================================================================
Received Import Request.
  Time since last request: 0.000060 seconds.
  path: Packages/com.unity.2d.animation/Editor/SpriteLib/SpriteLibraryEditor
  artifactKey: Guid(cdca26d19b2de4028aec5c831f7e3854) Importer(2089858483,b0f066a214c2f5e87bad3c948f4d605d)
Start importing Packages/com.unity.2d.animation/Editor/SpriteLib/SpriteLibraryEditor using Guid(cdca26d19b2de4028aec5c831f7e3854) Importer(2089858483,b0f066a214c2f5e87bad3c948f4d605d) (ScriptedImporter) -> (artifact id: 'f8ef847c19c3ab9add93025ddd319eb0') in 0.002559167 seconds
Number of updated asset objects reloaded before import = 0Number of asset objects unloaded after import = 1

========================================================================
Received Import Request.
  Time since last request: 0.000051 seconds.
  path: Packages/com.unity.2d.animation/Editor/UpgradeTools/UI
  artifactKey: Guid(b0a2bc09e0ec6405388c569a95759f9f) Importer(2089858483,b0f066a214c2f5e87bad3c948f4d605d)
Start importing Packages/com.unity.2d.animation/Editor/UpgradeTools/UI using Guid(b0a2bc09e0ec6405388c569a95759f9f) Importer(2089858483,b0f066a214c2f5e87bad3c948f4d605d) (ScriptedImporter) -> (artifact id: '13d1d4c77e0de5fe4e67e2e8e32de85e') in 0.002211333 seconds
Number of updated asset objects reloaded before import = 0Number of asset objects unloaded after import = 1

========================================================================
Received Import Request.
  Time since last request: 0.000040 seconds.
  path: Packages/com.unity.render-pipelines.universal/Tests/Editor/Tools/Converters/ReadonlyMaterialConverter
  artifactKey: Guid(942a5a86e2bef824ea90af68b65e11d5) Importer(2089858483,b0f066a214c2f5e87bad3c948f4d605d)
Start importing Packages/com.unity.render-pipelines.universal/Tests/Editor/Tools/Converters/ReadonlyMaterialConverter using Guid(942a5a86e2bef824ea90af68b65e11d5) Importer(2089858483,b0f066a214c2f5e87bad3c948f4d605d) (ScriptedImporter) -> (artifact id: 'dc916cc004c958b4652ac8d34e8c1c62') in 0.002805583 seconds
Number of updated asset objects reloaded before import = 0Number of asset objects unloaded after import = 1

========================================================================
Received Import Request.
  Time since last request: 0.000052 seconds.
  path: Packages/com.unity.collab-proxy/Editor/Diff/SyntaxHighlight
  artifactKey: Guid(5022e1fdc4b042789f6ec7926a26dffd) Importer(2089858483,b0f066a214c2f5e87bad3c948f4d605d)
Start importing Packages/com.unity.collab-proxy/Editor/Diff/SyntaxHighlight using Guid(5022e1fdc4b042789f6ec7926a26dffd) Importer(2089858483,b0f066a214c2f5e87bad3c948f4d605d) (ScriptedImporter) -> (artifact id: 'd5762f5b0ebbfae68647a5de0d69c224') in 0.002321125 seconds
Number of updated asset objects reloaded before import = 0Number of asset objects unloaded after import = 1

========================================================================
Received Import Request.
  Time since last request: 0.000053 seconds.
  path: Packages/com.unity.test-framework/Tests
  artifactKey: Guid(b70e28337c9001e4390442151ea5542c) Importer(2089858483,b0f066a214c2f5e87bad3c948f4d605d)
Start importing Packages/com.unity.test-framework/Tests using Guid(b70e28337c9001e4390442151ea5542c) Importer(2089858483,b0f066a214c2f5e87bad3c948f4d605d) (ScriptedImporter) -> (artifact id: 'e83e3c986c3615bbf1c8d12087f8fd78') in 0.0023335 seconds
Number of updated asset objects reloaded before import = 0Number of asset objects unloaded after import = 1

========================================================================
Received Import Request.
  Time since last request: 0.000055 seconds.
  path: Packages/com.unity.shadergraph/Editor/Data/Nodes/Procedural/Noise
  artifactKey: Guid(3f074934a38b41c4ea34460933733201) Importer(2089858483,b0f066a214c2f5e87bad3c948f4d605d)
Start importing Packages/com.unity.shadergraph/Editor/Data/Nodes/Procedural/Noise using Guid(3f074934a38b41c4ea34460933733201) Importer(2089858483,b0f066a214c2f5e87bad3c948f4d605d) (ScriptedImporter) -> (artifact id: '8aed2161313b3f6f11dc2052b985b7dd') in 0.00240625 seconds
Number of updated asset objects reloaded before import = 0Number of asset objects unloaded after import = 1

========================================================================
Received Import Request.
  Time since last request: 0.000052 seconds.
  path: Packages/com.unity.collab-proxy/Editor/CodeEditor/Editing
  artifactKey: Guid(69545da8115b7fd459252e2795b975da) Importer(2089858483,b0f066a214c2f5e87bad3c948f4d605d)
Start importing Packages/com.unity.collab-proxy/Editor/CodeEditor/Editing using Guid(69545da8115b7fd459252e2795b975da) Importer(2089858483,b0f066a214c2f5e87bad3c948f4d605d) (ScriptedImporter) -> (artifact id: '6f87aa456fb4c64053b2423d7aaa218b') in 0.001865917 seconds
Number of updated asset objects reloaded before import = 0Number of asset objects unloaded after import = 1

========================================================================
Received Import Request.
  Time since last request: 0.000040 seconds.
  path: Packages/com.unity.ugui/Runtime/UGUI/UI/Core/MaterialModifiers
  artifactKey: Guid(7c6295db74da28645bf49db58b7c9c65) Importer(2089858483,b0f066a214c2f5e87bad3c948f4d605d)
Start importing Packages/com.unity.ugui/Runtime/UGUI/UI/Core/MaterialModifiers using Guid(7c6295db74da28645bf49db58b7c9c65) Importer(2089858483,b0f066a214c2f5e87bad3c948f4d605d) (ScriptedImporter) -> (artifact id: '35620905c681c2d5af33a81e4c21c7d7') in 0.003391083 seconds
Number of updated asset objects reloaded before import = 0Number of asset objects unloaded after import = 1

========================================================================
Received Import Request.
  Time since last request: 0.000044 seconds.
  path: Packages/com.unity.test-framework/UnityEditor.TestRunner
  artifactKey: Guid(95cdf27b47eb82747ba9e51f41e72a35) Importer(2089858483,b0f066a214c2f5e87bad3c948f4d605d)
Start importing Packages/com.unity.test-framework/UnityEditor.TestRunner using Guid(95cdf27b47eb82747ba9e51f41e72a35) Importer(2089858483,b0f066a214c2f5e87bad3c948f4d605d) (ScriptedImporter) -> (artifact id: 'c4ba29f2496e71a1c8caf6394a1ef77a') in 0.00212325 seconds
Number of updated asset objects reloaded before import = 0Number of asset objects unloaded after import = 1

========================================================================
Received Import Request.
  Time since last request: 0.000055 seconds.
  path: Packages/com.unity.render-pipelines.core/Runtime/Debugging/Prefabs
  artifactKey: Guid(d2160913896effa4aa65b93012ff3465) Importer(2089858483,b0f066a214c2f5e87bad3c948f4d605d)
Start importing Packages/com.unity.render-pipelines.core/Runtime/Debugging/Prefabs using Guid(d2160913896effa4aa65b93012ff3465) Importer(2089858483,b0f066a214c2f5e87bad3c948f4d605d) (ScriptedImporter) -> (artifact id: '8185acd6d94ec1bb2051fc7458825796') in 0.00374225 seconds
Number of updated asset objects reloaded before import = 0Number of asset objects unloaded after import = 1

========================================================================
Received Import Request.
  Time since last request: 0.000047 seconds.
  path: Packages/com.unity.render-pipelines.universal/Editor/SceneTemplates/Materials
  artifactKey: Guid(7671b37f9da45644d8d1d917a2cf29d4) Importer(2089858483,b0f066a214c2f5e87bad3c948f4d605d)
Start importing Packages/com.unity.render-pipelines.universal/Editor/SceneTemplates/Materials using Guid(7671b37f9da45644d8d1d917a2cf29d4) Importer(2089858483,b0f066a214c2f5e87bad3c948f4d605d) (ScriptedImporter) -> (artifact id: '92b56ed11d89d06718a44080a2994a25') in 0.002016708 seconds
Number of updated asset objects reloaded before import = 0Number of asset objects unloaded after import = 1

========================================================================
Received Import Request.
  Time since last request: 0.000047 seconds.
  path: Packages/com.unity.render-pipelines.universal/Textures/BlueNoise64
  artifactKey: Guid(2213abb41e048da4ca7f2acee56cf116) Importer(2089858483,b0f066a214c2f5e87bad3c948f4d605d)
Start importing Packages/com.unity.render-pipelines.universal/Textures/BlueNoise64 using Guid(2213abb41e048da4ca7f2acee56cf116) Importer(2089858483,b0f066a214c2f5e87bad3c948f4d605d) (ScriptedImporter) -> (artifact id: '3507bc097f6c3cf1dc440e7111ac09df') in 0.002229708 seconds
Number of updated asset objects reloaded before import = 0Number of asset objects unloaded after import = 1

========================================================================
Received Import Request.
  Time since last request: 0.000052 seconds.
  path: Packages/com.unity.shadergraph/Editor/Generation/Targets/Canvas/Templates
  artifactKey: Guid(8d975524f8a3461d922a2e20170a1194) Importer(2089858483,b0f066a214c2f5e87bad3c948f4d605d)
Start importing Packages/com.unity.shadergraph/Editor/Generation/Targets/Canvas/Templates using Guid(8d975524f8a3461d922a2e20170a1194) Importer(2089858483,b0f066a214c2f5e87bad3c948f4d605d) (ScriptedImporter) -> (artifact id: '2095a7a0e638c1a7b1dfe4f6de10fbaf') in 0.002286208 seconds
Number of updated asset objects reloaded before import = 0Number of asset objects unloaded after import = 1

========================================================================
Received Import Request.
  Time since last request: 0.000050 seconds.
  path: Packages/com.unity.2d.tilemap/Editor/TileSet
  artifactKey: Guid(e272669ad3c0d124e900b8216b156eb2) Importer(2089858483,b0f066a214c2f5e87bad3c948f4d605d)
Start importing Packages/com.unity.2d.tilemap/Editor/TileSet using Guid(e272669ad3c0d124e900b8216b156eb2) Importer(2089858483,b0f066a214c2f5e87bad3c948f4d605d) (ScriptedImporter) -> (artifact id: 'f535691a5edf86f24b602418f39616f6') in 0.002362541 seconds
Number of updated asset objects reloaded before import = 0Number of asset objects unloaded after import = 1

========================================================================
Received Import Request.
  Time since last request: 0.000057 seconds.
  path: Packages/com.unity.test-framework.performance/Editor
  artifactKey: Guid(0855336f89ed65c45a15c56d2269fffd) Importer(2089858483,b0f066a214c2f5e87bad3c948f4d605d)
Start importing Packages/com.unity.test-framework.performance/Editor using Guid(0855336f89ed65c45a15c56d2269fffd) Importer(2089858483,b0f066a214c2f5e87bad3c948f4d605d) (ScriptedImporter) -> (artifact id: 'dc7afe699715d28c4ab6a170f5df8d82') in 0.002331 seconds
Number of updated asset objects reloaded before import = 0Number of asset objects unloaded after import = 1

========================================================================
Received Import Request.
  Time since last request: 0.000132 seconds.
  path: Packages/com.unity.visualscripting/Editor/VisualScripting.Core/Dependencies/YamlDotNet
  artifactKey: Guid(726e3c670f8ea4e9e8e190d18680cdef) Importer(2089858483,b0f066a214c2f5e87bad3c948f4d605d)
Start importing Packages/com.unity.visualscripting/Editor/VisualScripting.Core/Dependencies/YamlDotNet using Guid(726e3c670f8ea4e9e8e190d18680cdef) Importer(2089858483,b0f066a214c2f5e87bad3c948f4d605d) (ScriptedImporter) -> (artifact id: '9f9cecf9706460defd7d2dc867be86f9') in 0.002362292 seconds
Number of updated asset objects reloaded before import = 0Number of asset objects unloaded after import = 1

========================================================================
Received Import Request.
  Time since last request: 0.000053 seconds.
  path: Packages/com.unity.render-pipelines.universal/Textures/BlueNoise16
  artifactKey: Guid(bbde6b5e0eaaff14c98c49626833992e) Importer(2089858483,b0f066a214c2f5e87bad3c948f4d605d)
Start importing Packages/com.unity.render-pipelines.universal/Textures/BlueNoise16 using Guid(bbde6b5e0eaaff14c98c49626833992e) Importer(2089858483,b0f066a214c2f5e87bad3c948f4d605d) (ScriptedImporter) -> (artifact id: 'a1cc08ceea454273aca7f67ceee70935') in 0.00257325 seconds
Number of updated asset objects reloaded before import = 0Number of asset objects unloaded after import = 1

========================================================================
Received Import Request.
  Time since last request: 0.000073 seconds.
  path: Packages/com.unity.visualscripting/Runtime/VisualScripting.Flow/Framework/Events/GUI
  artifactKey: Guid(651dc128fc72346d9b1cfedd6996f3ac) Importer(2089858483,b0f066a214c2f5e87bad3c948f4d605d)
Start importing Packages/com.unity.visualscripting/Runtime/VisualScripting.Flow/Framework/Events/GUI using Guid(651dc128fc72346d9b1cfedd6996f3ac) Importer(2089858483,b0f066a214c2f5e87bad3c948f4d605d) (ScriptedImporter) -> (artifact id: '89decdb03fa86a69be484ba2e403e60a') in 0.002418417 seconds
Number of updated asset objects reloaded before import = 0Number of asset objects unloaded after import = 1

========================================================================
Received Import Request.
  Time since last request: 0.000049 seconds.
  path: Packages/com.unity.render-pipelines.core/Editor/LookDev
  artifactKey: Guid(2d4bb8a5c15072e4baaabe7e161d42b6) Importer(2089858483,b0f066a214c2f5e87bad3c948f4d605d)
Start importing Packages/com.unity.render-pipelines.core/Editor/LookDev using Guid(2d4bb8a5c15072e4baaabe7e161d42b6) Importer(2089858483,b0f066a214c2f5e87bad3c948f4d605d) (ScriptedImporter) -> (artifact id: '487f3cf34e56ab34f89f1d20ce905bab') in 0.002411209 seconds
Number of updated asset objects reloaded before import = 0Number of asset objects unloaded after import = 1

========================================================================
Received Import Request.
  Time since last request: 0.000052 seconds.
  path: Packages/com.unity.test-framework/UnityEditor.TestRunner/TestLaunchers/Helpers
  artifactKey: Guid(a3cb89150b8a4060b89a32725a8e267e) Importer(2089858483,b0f066a214c2f5e87bad3c948f4d605d)
Start importing Packages/com.unity.test-framework/UnityEditor.TestRunner/TestLaunchers/Helpers using Guid(a3cb89150b8a4060b89a32725a8e267e) Importer(2089858483,b0f066a214c2f5e87bad3c948f4d605d) (ScriptedImporter) -> (artifact id: 'b4baa11b0ff19914fa2d5db1048a78fb') in 0.002369334 seconds
Number of updated asset objects reloaded before import = 0Number of asset objects unloaded after import = 1

========================================================================
Received Import Request.
  Time since last request: 0.000053 seconds.
  path: Packages/com.unity.inputsystem/InputSystem/Editor/ProjectWideActions
  artifactKey: Guid(949d73ae1e0166c469c8706d4d7a21c7) Importer(2089858483,b0f066a214c2f5e87bad3c948f4d605d)
Start importing Packages/com.unity.inputsystem/InputSystem/Editor/ProjectWideActions using Guid(949d73ae1e0166c469c8706d4d7a21c7) Importer(2089858483,b0f066a214c2f5e87bad3c948f4d605d) (ScriptedImporter) -> (artifact id: 'b742b9c3eccf4a884ff70bd8ef6c7517') in 0.002868917 seconds
Number of updated asset objects reloaded before import = 0Number of asset objects unloaded after import = 1

========================================================================
Received Import Request.
  Time since last request: 0.000091 seconds.
  path: Packages/com.unity.shadergraph/GraphTemplates/BuiltIn
  artifactKey: Guid(daf0394f2eba458409f27dd213abede2) Importer(2089858483,b0f066a214c2f5e87bad3c948f4d605d)
Start importing Packages/com.unity.shadergraph/GraphTemplates/BuiltIn using Guid(daf0394f2eba458409f27dd213abede2) Importer(2089858483,b0f066a214c2f5e87bad3c948f4d605d) (ScriptedImporter) -> (artifact id: '81ee23c95c4e581ac45225a013c82f18') in 0.002322917 seconds
Number of updated asset objects reloaded before import = 0Number of asset objects unloaded after import = 1

========================================================================
Received Import Request.
  Time since last request: 0.000049 seconds.
  path: Packages/com.unity.collab-proxy/Editor/Views/BranchExplorer/Virtualization
  artifactKey: Guid(866a510ec3904e9e8f97f69b71e8afb7) Importer(2089858483,b0f066a214c2f5e87bad3c948f4d605d)
Start importing Packages/com.unity.collab-proxy/Editor/Views/BranchExplorer/Virtualization using Guid(866a510ec3904e9e8f97f69b71e8afb7) Importer(2089858483,b0f066a214c2f5e87bad3c948f4d605d) (ScriptedImporter) -> (artifact id: '63501437275e91c6a34979bed82d3e60') in 0.003959833 seconds
Number of updated asset objects reloaded before import = 0Number of asset objects unloaded after import = 1

========================================================================
Received Import Request.
  Time since last request: 0.000044 seconds.
  path: Packages/com.unity.collections/Unity.Collections
  artifactKey: Guid(b5713c21e3bf34803880e60596ab7e69) Importer(2089858483,b0f066a214c2f5e87bad3c948f4d605d)
Start importing Packages/com.unity.collections/Unity.Collections using Guid(b5713c21e3bf34803880e60596ab7e69) Importer(2089858483,b0f066a214c2f5e87bad3c948f4d605d) (ScriptedImporter) -> (artifact id: '6cf977bee15fc579bfa5eca1d018b3e4') in 0.001972084 seconds
Number of updated asset objects reloaded before import = 0Number of asset objects unloaded after import = 1

========================================================================
Received Import Request.
  Time since last request: 0.000048 seconds.
  path: Packages/com.unity.shadergraph/Editor/Data/Nodes/UV
  artifactKey: Guid(f9c248f478f706147ba7b8a660035472) Importer(2089858483,b0f066a214c2f5e87bad3c948f4d605d)
Start importing Packages/com.unity.shadergraph/Editor/Data/Nodes/UV using Guid(f9c248f478f706147ba7b8a660035472) Importer(2089858483,b0f066a214c2f5e87bad3c948f4d605d) (ScriptedImporter) -> (artifact id: 'f643492d6bc6134493daa1288f9a2095') in 0.002180583 seconds
Number of updated asset objects reloaded before import = 0Number of asset objects unloaded after import = 1

========================================================================
Received Import Request.
  Time since last request: 0.000056 seconds.
  path: Packages/com.unity.shadergraph/Editor/Data/Nodes/Math/Round
  artifactKey: Guid(4da29d4d0744f43f8aaa921918f1f879) Importer(2089858483,b0f066a214c2f5e87bad3c948f4d605d)
Start importing Packages/com.unity.shadergraph/Editor/Data/Nodes/Math/Round using Guid(4da29d4d0744f43f8aaa921918f1f879) Importer(2089858483,b0f066a214c2f5e87bad3c948f4d605d) (ScriptedImporter) -> (artifact id: 'fa6494f25004c5d18963d06aa0785bc9') in 0.002328125 seconds
Number of updated asset objects reloaded before import = 0Number of asset objects unloaded after import = 1

========================================================================
Received Import Request.
  Time since last request: 0.000052 seconds.
  path: Packages/com.unity.timeline/Editor/StyleSheets/Images/DarkSkin
  artifactKey: Guid(21b6b069ae021364ab45e1094807ec98) Importer(2089858483,b0f066a214c2f5e87bad3c948f4d605d)
Start importing Packages/com.unity.timeline/Editor/StyleSheets/Images/DarkSkin using Guid(21b6b069ae021364ab45e1094807ec98) Importer(2089858483,b0f066a214c2f5e87bad3c948f4d605d) (ScriptedImporter) -> (artifact id: '4ceafc0cbcb09c024fd91020119f2095') in 0.002284084 seconds
Number of updated asset objects reloaded before import = 0Number of asset objects unloaded after import = 1

========================================================================
Received Import Request.
  Time since last request: 0.000064 seconds.
  path: Packages/com.unity.render-pipelines.universal/Runtime
  artifactKey: Guid(79e8584360be43649ad60cb0f180e904) Importer(2089858483,b0f066a214c2f5e87bad3c948f4d605d)
Start importing Packages/com.unity.render-pipelines.universal/Runtime using Guid(79e8584360be43649ad60cb0f180e904) Importer(2089858483,b0f066a214c2f5e87bad3c948f4d605d) (ScriptedImporter) -> (artifact id: 'becf943f7d570d68bd67b5305b9ff432') in 0.002411958 seconds
Number of updated asset objects reloaded before import = 0Number of asset objects unloaded after import = 1

========================================================================
Received Prepare
WARNING: Shader Unsupported: 'Universal Render Pipeline/VR/SpatialMapping/Wireframe' - All subshaders removed
WARNING: Shader Did you use #pragma only_renderers and omit this platform?
WARNING: Shader If subshaders removal was intentional, you may have forgotten turning Fallback off?
WARNING: Shader Unsupported: 'Universal Render Pipeline/VR/SpatialMapping/Wireframe' - All subshaders removed
WARNING: Shader Did you use #pragma only_renderers and omit this platform?
WARNING: Shader If subshaders removal was intentional, you may have forgotten turning Fallback off?
Refreshing native plugins compatible for Editor in 2.99 ms, found 3 plugins.
Preloading 0 native plugins for Editor in 0.00 ms.
Unloading 17 Unused Serialized files (Serialized files now loaded: 0)
Unloading 17 unused Assets / (1.7 MB). Loaded Objects now: 8190.
Memory consumption went from 159.6 MB to 157.9 MB.
Total: 9.810125 ms (FindLiveObjects: 0.348541 ms CreateObjectMapping: 0.127250 ms MarkObjects: 9.034208 ms  DeleteObjects: 0.299625 ms)

Prepare: number of updated asset objects reloaded= 0
